{
  "class_aware_entropy_ssl": {
    "f1_mean": [
      0.049727543904181847,
      0.08335618122605933,
      0.1293214886750492,
      0.15373976861691052,
      0.20929579192583567,
      0.22359498508058434,
      0.2217032061209116,
      0.25199873429212505,
      0.3009479420926039,
      0.2780309103970159
    ],
    "f1_std": [
      0.0,
      0.0,
      0.0,
      0.0,
      0.0,
      0.0,
      0.0,
      0.0,
      0.0,
      0.0
    ],
    "acc_mean": [
      0.1299,
      0.1841,
      0.2215,
      0.2257,
      0.2717,
      0.2913,
      0.2801,
      0.3198,
      0.3588,
      0.3465
    ],
    "acc_std": [
      0.0,
      0.0,
      0.0,
      0.0,
      0.0,
      0.0,
      0.0,
      0.0,
      0.0,
      0.0
    ],
    "final_f1_mean": 0.2780309103970159,
    "final_f1_std": 0.0,
    "best_f1_mean": 0.3009479420926039,
    "best_f1_std": 0.0,
    "n_seeds": 1,
    "seeds": [
      456
    ],
    "avg_train_time_per_round": 3.9589080810546875,
    "total_train_time": 39.589080810546875,
    "peak_gpu_memory_mb": 228.80078125,
    "avg_query_time": 0.140411901473999,
    "total_query_time": 1.4041190147399902,
    "n_human_labeled_mean": [
      100.0,
      200.0,
      300.0,
      400.0,
      500.0,
      600.0,
      700.0,
      800.0,
      900.0,
      1000.0
    ],
    "total_pseudo_labeled": 480
  },
  "full_supervision": {
    "accuracy": 0.578,
    "f1": 0.5441378065830934,
    "train_time": 139.46633744239807,
    "gpu_memory_mb": 134.19287109375,
    "epochs": 50
  }
}