{
  "gap_aware_entropy_ssl": {
    "f1_mean": [
      0.08077974316995014,
      0.15599452519117923,
      0.18241046294982544,
      0.23655140158420962,
      0.2634595181471707,
      0.30074814189202426,
      0.33975200770571284,
      0.35518417651163436,
      0.31230299135079553,
      0.3939257287978975
    ],
    "f1_std": [
      0.0,
      0.0,
      0.0,
      0.0,
      0.0,
      0.0,
      0.0,
      0.0,
      0.0,
      0.0
    ],
    "acc_mean": [
      0.1476,
      0.2293,
      0.2447,
      0.2904,
      0.3123,
      0.3393,
      0.3648,
      0.3717,
      0.3442,
      0.4079
    ],
    "acc_std": [
      0.0,
      0.0,
      0.0,
      0.0,
      0.0,
      0.0,
      0.0,
      0.0,
      0.0,
      0.0
    ],
    "final_f1_mean": 0.3939257287978975,
    "final_f1_std": 0.0,
    "best_f1_mean": 0.3939257287978975,
    "best_f1_std": 0.0,
    "n_seeds": 1,
    "seeds": [
      456
    ],
    "avg_train_time_per_round": 3.3832804203033446,
    "total_train_time": 33.83280420303345,
    "peak_gpu_memory_mb": 228.80078125,
    "avg_query_time": 0.061991310119628905,
    "total_query_time": 0.6199131011962891,
    "n_human_labeled_mean": [
      100.0,
      200.0,
      300.0,
      400.0,
      500.0,
      600.0,
      700.0,
      800.0,
      900.0,
      1000.0
    ],
    "total_pseudo_labeled": 527
  },
  "full_supervision": {
    "accuracy": 0.7734,
    "f1": 0.767463908597943,
    "train_time": 1013.6611154079437,
    "gpu_memory_mb": 134.19287109375,
    "epochs": 50
  }
}