{
  "entropy": {
    "f1_mean": [
      0.07090038058090889,
      0.10216619740325887,
      0.0963788737686392,
      0.09454232396668694,
      0.11143457742665848,
      0.14415265085962933,
      0.1822397710255705,
      0.20614172813630138,
      0.22670351103634637,
      0.23906154142522032
    ],
    "f1_std": [
      0.012565508822757369,
      0.009594208756578003,
      0.019580618024921916,
      0.024597144464081063,
      0.018250986674981488,
      0.01945058961395773,
      0.02725240682972813,
      0.021086042740803248,
      0.04256813375641233,
      0.018527278984991704
    ],
    "acc_mean": [
      0.15923333333333334,
      0.19116666666666668,
      0.19256666666666666,
      0.1961333333333333,
      0.20819999999999997,
      0.23676666666666665,
      0.2594,
      0.2846,
      0.30960000000000004,
      0.3185
    ],
    "acc_std": [
      0.017114191641896367,
      0.009760578307092716,
      0.02033999890746201,
      0.020831439913959117,
      0.012657277221688188,
      0.01647226625439122,
      0.019518879749275225,
      0.013962807740565653,
      0.03137716791978948,
      0.014760081300589102
    ],
    "final_f1_mean": 0.23906154142522032,
    "final_f1_std": 0.018527278984991704,
    "best_f1_mean": 0.2538531168080859,
    "best_f1_std": 0.005903104439622708,
    "n_seeds": 3,
    "seeds": [
      42,
      123,
      456
    ],
    "avg_train_time_per_round": 3.0100303729375204,
    "total_train_time": 90.30091118812561,
    "peak_gpu_memory_mb": 249.54833984375,
    "avg_query_time": 0.0002493937810262044,
    "total_query_time": 0.007481813430786133,
    "n_human_labeled_mean": [
      100.0,
      200.0,
      300.0,
      400.0,
      500.0,
      600.0,
      700.0,
      800.0,
      900.0,
      1000.0
    ],
    "total_pseudo_labeled": 820
  },
  "full_supervision": {
    "accuracy": 0.6288,
    "f1": 0.5980219540785343,
    "train_time": 169.26839923858643,
    "gpu_memory_mb": 146.8134765625,
    "epochs": 50
  }
}