{
  "adaptive_gap_entropy": {
    "f1_mean": [
      0.08077974316995014,
      0.19001192220062751,
      0.223529365718003,
      0.23728525239686604,
      0.22559171802756617,
      0.2911164179197119,
      0.3110378905823512,
      0.3142590132014938,
      0.3741497780343553,
      0.37656545760311777
    ],
    "f1_std": [
      0.0,
      0.0,
      0.0,
      0.0,
      0.0,
      0.0,
      0.0,
      0.0,
      0.0,
      0.0
    ],
    "acc_mean": [
      0.1476,
      0.2625,
      0.2765,
      0.2851,
      0.2923,
      0.3362,
      0.3518,
      0.342,
      0.3876,
      0.3937
    ],
    "acc_std": [
      0.0,
      0.0,
      0.0,
      0.0,
      0.0,
      0.0,
      0.0,
      0.0,
      0.0,
      0.0
    ],
    "final_f1_mean": 0.37656545760311777,
    "final_f1_std": 0.0,
    "best_f1_mean": 0.37656545760311777,
    "best_f1_std": 0.0,
    "n_seeds": 1,
    "seeds": [
      456
    ],
    "avg_train_time_per_round": 6.0657453536987305,
    "total_train_time": 60.657453536987305,
    "peak_gpu_memory_mb": 241.4228515625,
    "avg_query_time": 0.14922707080841063,
    "total_query_time": 1.4922707080841064,
    "n_human_labeled_mean": [
      100.0,
      200.0,
      300.0,
      400.0,
      500.0,
      600.0,
      700.0,
      800.0,
      900.0,
      1000.0
    ],
    "total_pseudo_labeled": 692
  },
  "class_aware_entropy": {
    "f1_mean": [
      0.08077974316995014,
      0.143318188089354,
      0.20717345037732476,
      0.23643035741479101,
      0.23783798542694762,
      0.2804297874424337,
      0.31138199181656584,
      0.3438732328118231,
      0.3461320364561784,
      0.38517120123732784
    ],
    "f1_std": [
      0.0,
      0.0,
      0.0,
      0.0,
      0.0,
      0.0,
      0.0,
      0.0,
      0.0,
      0.0
    ],
    "acc_mean": [
      0.1476,
      0.2158,
      0.2741,
      0.2772,
      0.2846,
      0.3298,
      0.348,
      0.3773,
      0.3779,
      0.4043
    ],
    "acc_std": [
      0.0,
      0.0,
      0.0,
      0.0,
      0.0,
      0.0,
      0.0,
      0.0,
      0.0,
      0.0
    ],
    "final_f1_mean": 0.38517120123732784,
    "final_f1_std": 0.0,
    "best_f1_mean": 0.38517120123732784,
    "best_f1_std": 0.0,
    "n_seeds": 1,
    "seeds": [
      456
    ],
    "avg_train_time_per_round": 5.686651825904846,
    "total_train_time": 56.86651825904846,
    "peak_gpu_memory_mb": 241.4228515625,
    "avg_query_time": 0.14194984436035157,
    "total_query_time": 1.4194984436035156,
    "n_human_labeled_mean": [
      100.0,
      200.0,
      300.0,
      400.0,
      500.0,
      600.0,
      700.0,
      800.0,
      900.0,
      1000.0
    ],
    "total_pseudo_labeled": 977
  },
  "entropy": {
    "f1_mean": [
      0.08077974316995014,
      0.11485659133766987,
      0.16752603377750602,
      0.19375997654303886,
      0.17748395603763562,
      0.21782193783439913,
      0.29631549095530485,
      0.30075614150651414,
      0.3322257746269909,
      0.35077783056041467
    ],
    "f1_std": [
      0.0,
      0.0,
      0.0,
      0.0,
      0.0,
      0.0,
      0.0,
      0.0,
      0.0,
      0.0
    ],
    "acc_mean": [
      0.1476,
      0.2024,
      0.2463,
      0.2618,
      0.2558,
      0.2818,
      0.3339,
      0.3436,
      0.3774,
      0.3845
    ],
    "acc_std": [
      0.0,
      0.0,
      0.0,
      0.0,
      0.0,
      0.0,
      0.0,
      0.0,
      0.0,
      0.0
    ],
    "final_f1_mean": 0.35077783056041467,
    "final_f1_std": 0.0,
    "best_f1_mean": 0.35077783056041467,
    "best_f1_std": 0.0,
    "n_seeds": 1,
    "seeds": [
      456
    ],
    "avg_train_time_per_round": 5.597268795967102,
    "total_train_time": 55.97268795967102,
    "peak_gpu_memory_mb": 236.80224609375,
    "avg_query_time": 0.0004970073699951172,
    "total_query_time": 0.004970073699951172,
    "n_human_labeled_mean": [
      100.0,
      200.0,
      300.0,
      400.0,
      500.0,
      600.0,
      700.0,
      800.0,
      900.0,
      1000.0
    ],
    "total_pseudo_labeled": 1003
  },
  "gap_aware_entropy": {
    "f1_mean": [
      0.08077974316995014,
      0.19360348207220637,
      0.222302351809266,
      0.2213027731469835,
      0.24215334039615563,
      0.2731253494608673,
      0.30039131892865933,
      0.3284580672116843,
      0.3562831438485087,
      0.36078923485980813
    ],
    "f1_std": [
      0.0,
      0.0,
      0.0,
      0.0,
      0.0,
      0.0,
      0.0,
      0.0,
      0.0,
      0.0
    ],
    "acc_mean": [
      0.1476,
      0.265,
      0.2709,
      0.2691,
      0.2986,
      0.322,
      0.3452,
      0.3485,
      0.3854,
      0.3866
    ],
    "acc_std": [
      0.0,
      0.0,
      0.0,
      0.0,
      0.0,
      0.0,
      0.0,
      0.0,
      0.0,
      0.0
    ],
    "final_f1_mean": 0.36078923485980813,
    "final_f1_std": 0.0,
    "best_f1_mean": 0.36078923485980813,
    "best_f1_std": 0.0,
    "n_seeds": 1,
    "seeds": [
      456
    ],
    "avg_train_time_per_round": 6.4938236951828,
    "total_train_time": 64.938236951828,
    "peak_gpu_memory_mb": 241.4228515625,
    "avg_query_time": 0.15329380035400392,
    "total_query_time": 1.532938003540039,
    "n_human_labeled_mean": [
      100.0,
      200.0,
      300.0,
      400.0,
      500.0,
      600.0,
      700.0,
      800.0,
      900.0,
      1000.0
    ],
    "total_pseudo_labeled": 888
  },
  "full_supervision": {
    "accuracy": 0,
    "f1": 0,
    "train_time": 0,
    "gpu_memory_mb": 0,
    "epochs": 0
  }
}