{
  "adaptive_gap_entropy": {
    "f1_mean": [
      0.10464035790381332,
      0.11581453442034348,
      0.15519443115795412,
      0.1725787684779439,
      0.19645162788161014,
      0.26770186232207693,
      0.27218019528618564,
      0.283289613019701,
      0.3373196414601997,
      0.35166333568544317
    ],
    "f1_std": [
      0.0,
      0.0,
      0.0,
      0.0,
      0.0,
      0.0,
      0.0,
      0.0,
      0.0,
      0.0
    ],
    "acc_mean": [
      0.1712,
      0.2102,
      0.2502,
      0.2465,
      0.2809,
      0.3286,
      0.3263,
      0.3359,
      0.3747,
      0.3881
    ],
    "acc_std": [
      0.0,
      0.0,
      0.0,
      0.0,
      0.0,
      0.0,
      0.0,
      0.0,
      0.0,
      0.0
    ],
    "final_f1_mean": 0.35166333568544317,
    "final_f1_std": 0.0,
    "best_f1_mean": 0.35166333568544317,
    "best_f1_std": 0.0,
    "n_seeds": 1,
    "seeds": [
      456
    ],
    "avg_train_time_per_round": 5.814054608345032,
    "total_train_time": 58.14054608345032,
    "peak_gpu_memory_mb": 241.4228515625,
    "avg_query_time": 0.15846576690673828,
    "total_query_time": 1.5846576690673828,
    "n_human_labeled_mean": [
      100.0,
      200.0,
      300.0,
      400.0,
      500.0,
      600.0,
      700.0,
      800.0,
      900.0,
      1000.0
    ],
    "total_pseudo_labeled": 1018
  },
  "class_aware_entropy": {
    "f1_mean": [
      0.10464035790381332,
      0.13078421149748748,
      0.17154019320892386,
      0.20723283195367403,
      0.2116494511029186,
      0.23819565824513472,
      0.2703301787899462,
      0.2963544554002689,
      0.3165385092873518,
      0.3403479344999581
    ],
    "f1_std": [
      0.0,
      0.0,
      0.0,
      0.0,
      0.0,
      0.0,
      0.0,
      0.0,
      0.0,
      0.0
    ],
    "acc_mean": [
      0.1712,
      0.2121,
      0.2553,
      0.2812,
      0.2889,
      0.3085,
      0.3316,
      0.3408,
      0.3503,
      0.3775
    ],
    "acc_std": [
      0.0,
      0.0,
      0.0,
      0.0,
      0.0,
      0.0,
      0.0,
      0.0,
      0.0,
      0.0
    ],
    "final_f1_mean": 0.3403479344999581,
    "final_f1_std": 0.0,
    "best_f1_mean": 0.3403479344999581,
    "best_f1_std": 0.0,
    "n_seeds": 1,
    "seeds": [
      456
    ],
    "avg_train_time_per_round": 6.212582969665528,
    "total_train_time": 62.12582969665527,
    "peak_gpu_memory_mb": 241.4228515625,
    "avg_query_time": 0.14672834873199464,
    "total_query_time": 1.4672834873199463,
    "n_human_labeled_mean": [
      100.0,
      200.0,
      300.0,
      400.0,
      500.0,
      600.0,
      700.0,
      800.0,
      900.0,
      1000.0
    ],
    "total_pseudo_labeled": 704
  },
  "entropy": {
    "f1_mean": [
      0.10464035790381332,
      0.13567730957221807,
      0.1276274428766497,
      0.18556398725152595,
      0.2397583806028077,
      0.22068606109735517,
      0.20302035007167843,
      0.2988256858609993,
      0.3106229165901174,
      0.3511273809155252
    ],
    "f1_std": [
      0.0,
      0.0,
      0.0,
      0.0,
      0.0,
      0.0,
      0.0,
      0.0,
      0.0,
      0.0
    ],
    "acc_mean": [
      0.1712,
      0.2321,
      0.2171,
      0.2649,
      0.3087,
      0.2994,
      0.28,
      0.3547,
      0.3438,
      0.3853
    ],
    "acc_std": [
      0.0,
      0.0,
      0.0,
      0.0,
      0.0,
      0.0,
      0.0,
      0.0,
      0.0,
      0.0
    ],
    "final_f1_mean": 0.3511273809155252,
    "final_f1_std": 0.0,
    "best_f1_mean": 0.3511273809155252,
    "best_f1_std": 0.0,
    "n_seeds": 1,
    "seeds": [
      456
    ],
    "avg_train_time_per_round": 6.325095987319946,
    "total_train_time": 63.25095987319946,
    "peak_gpu_memory_mb": 236.80224609375,
    "avg_query_time": 0.0006011486053466797,
    "total_query_time": 0.006011486053466797,
    "n_human_labeled_mean": [
      100.0,
      200.0,
      300.0,
      400.0,
      500.0,
      600.0,
      700.0,
      800.0,
      900.0,
      1000.0
    ],
    "total_pseudo_labeled": 631
  },
  "gap_aware_entropy": {
    "f1_mean": [
      0.10464035790381332,
      0.12734524479723683,
      0.15142879329357511,
      0.1855237899412518,
      0.18953059807072914,
      0.22322134403622157,
      0.27568368263740944,
      0.3038877554499325,
      0.3377022712657861,
      0.3551335792498993
    ],
    "f1_std": [
      0.0,
      0.0,
      0.0,
      0.0,
      0.0,
      0.0,
      0.0,
      0.0,
      0.0,
      0.0
    ],
    "acc_mean": [
      0.1712,
      0.2213,
      0.2442,
      0.2692,
      0.2686,
      0.3006,
      0.3239,
      0.3439,
      0.3818,
      0.3905
    ],
    "acc_std": [
      0.0,
      0.0,
      0.0,
      0.0,
      0.0,
      0.0,
      0.0,
      0.0,
      0.0,
      0.0
    ],
    "final_f1_mean": 0.3551335792498993,
    "final_f1_std": 0.0,
    "best_f1_mean": 0.3551335792498993,
    "best_f1_std": 0.0,
    "n_seeds": 1,
    "seeds": [
      456
    ],
    "avg_train_time_per_round": 6.144042015075684,
    "total_train_time": 61.440420150756836,
    "peak_gpu_memory_mb": 241.4228515625,
    "avg_query_time": 0.16013600826263427,
    "total_query_time": 1.6013600826263428,
    "n_human_labeled_mean": [
      100.0,
      200.0,
      300.0,
      400.0,
      500.0,
      600.0,
      700.0,
      800.0,
      900.0,
      1000.0
    ],
    "total_pseudo_labeled": 842
  },
  "full_supervision": {
    "accuracy": 0,
    "f1": 0,
    "train_time": 0,
    "gpu_memory_mb": 0,
    "epochs": 0
  }
}