{
  "adaptive_gap_entropy": {
    "f1_mean": [
      0.05883882797283595,
      0.03258578042669085,
      0.06353999988478101,
      0.04478681758212384,
      0.08189063823229681,
      0.18454151285043283,
      0.19057733289624523,
      0.237207692051879,
      0.2520551935194952,
      0.28599946715325353
    ],
    "f1_std": [
      0.0,
      0.0,
      0.0,
      0.0,
      0.0,
      0.0,
      0.0,
      0.0,
      0.0,
      0.0
    ],
    "acc_mean": [
      0.1586,
      0.108,
      0.1739,
      0.1174,
      0.1475,
      0.2524,
      0.2586,
      0.2924,
      0.3091,
      0.3379
    ],
    "acc_std": [
      0.0,
      0.0,
      0.0,
      0.0,
      0.0,
      0.0,
      0.0,
      0.0,
      0.0,
      0.0
    ],
    "final_f1_mean": 0.28599946715325353,
    "final_f1_std": 0.0,
    "best_f1_mean": 0.28599946715325353,
    "best_f1_std": 0.0,
    "n_seeds": 1,
    "seeds": [
      456
    ],
    "avg_train_time_per_round": 0.6338038921356202,
    "total_train_time": 6.338038921356201,
    "peak_gpu_memory_mb": 131.31787109375,
    "avg_query_time": 0.06596381664276123,
    "total_query_time": 0.6596381664276123,
    "n_human_labeled_mean": [
      100.0,
      200.0,
      300.0,
      400.0,
      500.0,
      600.0,
      700.0,
      800.0,
      900.0,
      1000.0
    ],
    "total_pseudo_labeled": 0
  },
  "class_aware_entropy": {
    "f1_mean": [
      0.05883882797283595,
      0.03973361352982977,
      0.061655499183671414,
      0.06906961949978482,
      0.11603454958025605,
      0.17005996420585254,
      0.23126346418189137,
      0.2379075065794888,
      0.23512077906434398,
      0.2441729916561734
    ],
    "f1_std": [
      0.0,
      0.0,
      0.0,
      0.0,
      0.0,
      0.0,
      0.0,
      0.0,
      0.0,
      0.0
    ],
    "acc_mean": [
      0.1586,
      0.1123,
      0.169,
      0.1437,
      0.1954,
      0.2357,
      0.286,
      0.3049,
      0.3036,
      0.3152
    ],
    "acc_std": [
      0.0,
      0.0,
      0.0,
      0.0,
      0.0,
      0.0,
      0.0,
      0.0,
      0.0,
      0.0
    ],
    "final_f1_mean": 0.2441729916561734,
    "final_f1_std": 0.0,
    "best_f1_mean": 0.2441729916561734,
    "best_f1_std": 0.0,
    "n_seeds": 1,
    "seeds": [
      456
    ],
    "avg_train_time_per_round": 0.8396518945693969,
    "total_train_time": 8.39651894569397,
    "peak_gpu_memory_mb": 131.31787109375,
    "avg_query_time": 0.07306277751922607,
    "total_query_time": 0.7306277751922607,
    "n_human_labeled_mean": [
      100.0,
      200.0,
      300.0,
      400.0,
      500.0,
      600.0,
      700.0,
      800.0,
      900.0,
      1000.0
    ],
    "total_pseudo_labeled": 0
  },
  "gap_aware_entropy": {
    "f1_mean": [
      0.05883882797283595,
      0.033811326972484936,
      0.061032668154949475,
      0.05123912049729251,
      0.08827226969469719,
      0.16576736726647587,
      0.17081804065481157,
      0.21849324128705802,
      0.2428695298008745,
      0.24850825383613911
    ],
    "f1_std": [
      0.0,
      0.0,
      0.0,
      0.0,
      0.0,
      0.0,
      0.0,
      0.0,
      0.0,
      0.0
    ],
    "acc_mean": [
      0.1586,
      0.1088,
      0.1723,
      0.1257,
      0.1538,
      0.233,
      0.2452,
      0.285,
      0.3084,
      0.3065
    ],
    "acc_std": [
      0.0,
      0.0,
      0.0,
      0.0,
      0.0,
      0.0,
      0.0,
      0.0,
      0.0,
      0.0
    ],
    "final_f1_mean": 0.24850825383613911,
    "final_f1_std": 0.0,
    "best_f1_mean": 0.24850825383613911,
    "best_f1_std": 0.0,
    "n_seeds": 1,
    "seeds": [
      456
    ],
    "avg_train_time_per_round": 0.6425438642501831,
    "total_train_time": 6.425438642501831,
    "peak_gpu_memory_mb": 131.31787109375,
    "avg_query_time": 0.08731951713562011,
    "total_query_time": 0.8731951713562012,
    "n_human_labeled_mean": [
      100.0,
      200.0,
      300.0,
      400.0,
      500.0,
      600.0,
      700.0,
      800.0,
      900.0,
      1000.0
    ],
    "total_pseudo_labeled": 0
  },
  "full_supervision": {
    "accuracy": 0.6506,
    "f1": 0.6239700319415206,
    "train_time": 161.7345094680786,
    "gpu_memory_mb": 133.69287109375,
    "epochs": 50
  }
}