{
  "adaptive_gap_entropy": {
    "f1_mean": [
      0.06188806381385912,
      0.09135805169662227,
      0.10531056400687425,
      0.13928855808674429,
      0.1558835425996633,
      0.18140389320530845,
      0.20011245616574969,
      0.2291031045376092,
      0.2541588732268718,
      0.2617156132203265
    ],
    "f1_std": [
      0.013228641072566232,
      0.01883337854058541,
      0.027937912434573362,
      0.032938599239182735,
      0.03647121799436632,
      0.019643121855399435,
      0.029993092427974207,
      0.029782032871190457,
      0.016285777885106448,
      0.013312615828446787
    ],
    "acc_mean": [
      0.15066,
      0.18850000000000003,
      0.20590000000000003,
      0.22368000000000002,
      0.23645999999999998,
      0.26682,
      0.28335999999999995,
      0.30944000000000005,
      0.32992,
      0.33682
    ],
    "acc_std": [
      0.016487401250651963,
      0.012246468878823805,
      0.023937752609633177,
      0.023086047734508394,
      0.0320926533649058,
      0.01829660077719356,
      0.026526183291231326,
      0.02477414781581802,
      0.014937657112144455,
      0.012367441125794772
    ],
    "final_f1_mean": 0.2617156132203265,
    "final_f1_std": 0.013312615828446787,
    "best_f1_mean": 0.2632959034493066,
    "best_f1_std": 0.01281182942319968,
    "n_seeds": 5,
    "seeds": [
      42,
      123,
      456,
      789,
      1024
    ],
    "avg_train_time_per_round": 6.350266013145447,
    "total_train_time": 317.51330065727234,
    "peak_gpu_memory_mb": 228.80224609375,
    "avg_query_time": 0.16016491413116454,
    "total_query_time": 8.008245706558228,
    "n_human_labeled_mean": [
      100.0,
      200.0,
      300.0,
      400.0,
      500.0,
      600.0,
      700.0,
      800.0,
      900.0,
      1000.0
    ],
    "total_pseudo_labeled": 5633
  },
  "class_aware_entropy": {
    "f1_mean": [
      0.06188806381385912,
      0.08686824925505093,
      0.0918233697566048,
      0.12435334369909472,
      0.15626081737191636,
      0.19446071250581423,
      0.21922443454016066,
      0.23431315548343495,
      0.2536446793520698,
      0.27668427237943394
    ],
    "f1_std": [
      0.013228641072566232,
      0.017462831791668007,
      0.017815099905348183,
      0.02325982106389924,
      0.025624927369043336,
      0.01239693262234151,
      0.014993539898032808,
      0.01939190546569021,
      0.015518287891164037,
      0.017204011345810545
    ],
    "acc_mean": [
      0.15066,
      0.18839999999999998,
      0.19362000000000001,
      0.21674,
      0.23938,
      0.27294,
      0.30062,
      0.3144,
      0.32920000000000005,
      0.3483
    ],
    "acc_std": [
      0.016487401250651963,
      0.011169243483781701,
      0.013471065288239086,
      0.01917608927805667,
      0.020421988150030827,
      0.011629720546943523,
      0.014088917630534995,
      0.011443251286238533,
      0.012960864168719617,
      0.01324235628579748
    ],
    "final_f1_mean": 0.27668427237943394,
    "final_f1_std": 0.017204011345810545,
    "best_f1_mean": 0.27757022290424815,
    "best_f1_std": 0.016099845651370494,
    "n_seeds": 5,
    "seeds": [
      42,
      123,
      456,
      789,
      1024
    ],
    "avg_train_time_per_round": 6.2640101146698,
    "total_train_time": 313.20050573349,
    "peak_gpu_memory_mb": 228.67529296875,
    "avg_query_time": 0.1609395694732666,
    "total_query_time": 8.04697847366333,
    "n_human_labeled_mean": [
      100.0,
      200.0,
      300.0,
      400.0,
      500.0,
      600.0,
      700.0,
      800.0,
      900.0,
      1000.0
    ],
    "total_pseudo_labeled": 5886
  },
  "gap_aware_entropy": {
    "f1_mean": [
      0.06188806381385912,
      0.091294398043721,
      0.1054151424531197,
      0.14533644945269522,
      0.14420834069640626,
      0.1733683669093761,
      0.21405398462164893,
      0.2352981367245966,
      0.240650318226764,
      0.27076839488006066
    ],
    "f1_std": [
      0.013228641072566232,
      0.019353250240242592,
      0.03210696989173872,
      0.03171468918149023,
      0.03219409720529216,
      0.023306644782144493,
      0.01452550272290754,
      0.026389220176134907,
      0.025613177064843017,
      0.0049347154587412925
    ],
    "acc_mean": [
      0.15066,
      0.1891,
      0.20726,
      0.2274,
      0.23126000000000002,
      0.2586,
      0.29219999999999996,
      0.30812,
      0.3218,
      0.3417
    ],
    "acc_std": [
      0.016487401250651963,
      0.012506158482923526,
      0.029547832407809543,
      0.026640645637821918,
      0.021658679553472327,
      0.020910380197404346,
      0.017190229783222793,
      0.020625363027108157,
      0.021264430394440387,
      0.004306738905482894
    ],
    "final_f1_mean": 0.27076839488006066,
    "final_f1_std": 0.0049347154587412925,
    "best_f1_mean": 0.27076839488006066,
    "best_f1_std": 0.0049347154587412925,
    "n_seeds": 5,
    "seeds": [
      42,
      123,
      456,
      789,
      1024
    ],
    "avg_train_time_per_round": 6.202812805175781,
    "total_train_time": 310.14064025878906,
    "peak_gpu_memory_mb": 228.67529296875,
    "avg_query_time": 0.1583939552307129,
    "total_query_time": 7.9196977615356445,
    "n_human_labeled_mean": [
      100.0,
      200.0,
      300.0,
      400.0,
      500.0,
      600.0,
      700.0,
      800.0,
      900.0,
      1000.0
    ],
    "total_pseudo_labeled": 5631
  },
  "full_supervision": {
    "accuracy": 0.6147,
    "f1": 0.5763189152857591,
    "train_time": 376.9778425693512,
    "gpu_memory_mb": 134.19287109375,
    "epochs": 50
  }
}