{
  "entropy": {
    "f1_mean": [
      0.07182893182444797,
      0.09250391703294976,
      0.10390118979364193,
      0.14360743776383117,
      0.13351906012193396,
      0.19965697939220767,
      0.22356442696065654,
      0.25232398564846736,
      0.2682020526276645,
      0.3051326811037361
    ],
    "f1_std": [
      0.0,
      0.0,
      0.0,
      0.0,
      0.0,
      0.0,
      0.0,
      0.0,
      0.0,
      0.0
    ],
    "acc_mean": [
      0.1489,
      0.2031,
      0.2075,
      0.2336,
      0.2246,
      0.2745,
      0.301,
      0.3241,
      0.3352,
      0.3645
    ],
    "acc_std": [
      0.0,
      0.0,
      0.0,
      0.0,
      0.0,
      0.0,
      0.0,
      0.0,
      0.0,
      0.0
    ],
    "final_f1_mean": 0.3051326811037361,
    "final_f1_std": 0.0,
    "best_f1_mean": 0.3051326811037361,
    "best_f1_std": 0.0,
    "n_seeds": 1,
    "seeds": [
      456
    ],
    "avg_train_time_per_round": 1.0339433431625367,
    "total_train_time": 10.339433431625366,
    "peak_gpu_memory_mb": 233.17578125,
    "avg_query_time": 0.00022149085998535156,
    "total_query_time": 0.0022149085998535156,
    "n_human_labeled_mean": [
      100.0,
      200.0,
      300.0,
      400.0,
      500.0,
      600.0,
      700.0,
      800.0,
      900.0,
      1000.0
    ],
    "total_pseudo_labeled": 83
  },
  "full_supervision": {
    "accuracy": 0.5656,
    "f1": 0.5305784426172372,
    "train_time": 61.99839687347412,
    "gpu_memory_mb": 148.5634765625,
    "epochs": 50
  }
}