{
  "class_aware_entropy": {
    "f1_mean": [
      0.07986348699187304,
      0.15950487135807467,
      0.18951564240547453,
      0.2190134866638739,
      0.24472172301381198,
      0.27922072197675457,
      0.2805032827144789,
      0.35743459698513297,
      0.35785326851332855,
      0.3601567702543772
    ],
    "f1_std": [
      0.0,
      0.0,
      0.0,
      0.0,
      0.0,
      0.0,
      0.0,
      0.0,
      0.0,
      0.0
    ],
    "acc_mean": [
      0.1441,
      0.2267,
      0.2401,
      0.2778,
      0.2931,
      0.3222,
      0.3218,
      0.3896,
      0.3907,
      0.3998
    ],
    "acc_std": [
      0.0,
      0.0,
      0.0,
      0.0,
      0.0,
      0.0,
      0.0,
      0.0,
      0.0,
      0.0
    ],
    "final_f1_mean": 0.3601567702543772,
    "final_f1_std": 0.0,
    "best_f1_mean": 0.3601567702543772,
    "best_f1_std": 0.0,
    "n_seeds": 1,
    "seeds": [
      42
    ],
    "avg_train_time_per_round": 4.434391069412231,
    "total_train_time": 44.343910694122314,
    "peak_gpu_memory_mb": 241.4228515625,
    "avg_query_time": 0.0712315320968628,
    "total_query_time": 0.7123153209686279,
    "n_human_labeled_mean": [
      100.0,
      200.0,
      300.0,
      400.0,
      500.0,
      600.0,
      700.0,
      800.0,
      900.0,
      1000.0
    ],
    "total_pseudo_labeled": 832
  },
  "entropy": {
    "f1_mean": [
      0.07986348699187304,
      0.16722558187941688,
      0.2044158085320608,
      0.22962131323809576,
      0.2481732362762717,
      0.23957937022686898,
      0.31988176454296624,
      0.33990263052515524,
      0.36605663603509786,
      0.3616883470881493
    ],
    "f1_std": [
      0.0,
      0.0,
      0.0,
      0.0,
      0.0,
      0.0,
      0.0,
      0.0,
      0.0,
      0.0
    ],
    "acc_mean": [
      0.1441,
      0.2282,
      0.2573,
      0.2835,
      0.2916,
      0.2987,
      0.3489,
      0.3754,
      0.4076,
      0.4035
    ],
    "acc_std": [
      0.0,
      0.0,
      0.0,
      0.0,
      0.0,
      0.0,
      0.0,
      0.0,
      0.0,
      0.0
    ],
    "final_f1_mean": 0.3616883470881493,
    "final_f1_std": 0.0,
    "best_f1_mean": 0.36605663603509786,
    "best_f1_std": 0.0,
    "n_seeds": 1,
    "seeds": [
      42
    ],
    "avg_train_time_per_round": 4.512781310081482,
    "total_train_time": 45.12781310081482,
    "peak_gpu_memory_mb": 236.80224609375,
    "avg_query_time": 0.00022149085998535156,
    "total_query_time": 0.0022149085998535156,
    "n_human_labeled_mean": [
      100.0,
      200.0,
      300.0,
      400.0,
      500.0,
      600.0,
      700.0,
      800.0,
      900.0,
      1000.0
    ],
    "total_pseudo_labeled": 1238
  },
  "full_supervision": {
    "accuracy": 0.763,
    "f1": 0.7565821180980006,
    "train_time": 232.01704287528992,
    "gpu_memory_mb": 146.5634765625,
    "epochs": 50
  }
}