{
  "class_aware_entropy_ssl": {
    "f1_mean": [
      0.002890549619209515,
      0.010593670304193933,
      0.010606137074042517,
      0.014891843209612341,
      0.01860437394625305,
      0.021307251411065885,
      0.031241769450175184,
      0.03780815896884824,
      0.04750122851409842,
      0.051783024322056406
    ],
    "f1_std": [
      0.0,
      0.0,
      0.0,
      0.0,
      0.0,
      0.0,
      0.0,
      0.0,
      0.0,
      0.0
    ],
    "acc_mean": [
      0.0204,
      0.0309,
      0.0328,
      0.0368,
      0.0451,
      0.0447,
      0.056,
      0.0641,
      0.081,
      0.0847
    ],
    "acc_std": [
      0.0,
      0.0,
      0.0,
      0.0,
      0.0,
      0.0,
      0.0,
      0.0,
      0.0,
      0.0
    ],
    "final_f1_mean": 0.051783024322056406,
    "final_f1_std": 0.0,
    "best_f1_mean": 0.051783024322056406,
    "best_f1_std": 0.0,
    "n_seeds": 1,
    "seeds": [
      456
    ],
    "avg_train_time_per_round": 2.4939149379730225,
    "total_train_time": 24.939149379730225,
    "peak_gpu_memory_mb": 229.50390625,
    "avg_query_time": 0.06464970111846924,
    "total_query_time": 0.6464970111846924,
    "n_human_labeled_mean": [
      100.0,
      200.0,
      300.0,
      400.0,
      500.0,
      600.0,
      700.0,
      800.0,
      900.0,
      1000.0
    ],
    "total_pseudo_labeled": 24
  },
  "gap_aware_entropy_ssl": {
    "f1_mean": [
      0.002890549619209515,
      0.0113900227721184,
      0.01654995441801548,
      0.017841602836822196,
      0.02224310361542218,
      0.027281178101448096,
      0.032859684552667544,
      0.03827142469062618,
      0.05146189406481343,
      0.054647453261831534
    ],
    "f1_std": [
      0.0,
      0.0,
      0.0,
      0.0,
      0.0,
      0.0,
      0.0,
      0.0,
      0.0,
      0.0
    ],
    "acc_mean": [
      0.0204,
      0.0298,
      0.0373,
      0.0395,
      0.0455,
      0.0517,
      0.0611,
      0.0723,
      0.0845,
      0.0878
    ],
    "acc_std": [
      0.0,
      0.0,
      0.0,
      0.0,
      0.0,
      0.0,
      0.0,
      0.0,
      0.0,
      0.0
    ],
    "final_f1_mean": 0.054647453261831534,
    "final_f1_std": 0.0,
    "best_f1_mean": 0.054647453261831534,
    "best_f1_std": 0.0,
    "n_seeds": 1,
    "seeds": [
      456
    ],
    "avg_train_time_per_round": 2.349510097503662,
    "total_train_time": 23.49510097503662,
    "peak_gpu_memory_mb": 229.376953125,
    "avg_query_time": 0.06376595497131347,
    "total_query_time": 0.6376595497131348,
    "n_human_labeled_mean": [
      100.0,
      200.0,
      300.0,
      400.0,
      500.0,
      600.0,
      700.0,
      800.0,
      900.0,
      1000.0
    ],
    "total_pseudo_labeled": 7
  },
  "full_supervision": {
    "accuracy": 0.4379,
    "f1": 0.4148973781503119,
    "train_time": 263.98946475982666,
    "gpu_memory_mb": 134.67626953125,
    "epochs": 50
  }
}