{
  "adaptive_gap_entropy": {
    "f1_mean": [
      0.10339743455101177,
      0.23669605277589892,
      0.23306614099919992,
      0.29600852772667735,
      0.30490505754519076,
      0.30267212784366804,
      0.3862651636190489,
      0.4192534597750338,
      0.41105000816405274,
      0.44218032034773014
    ],
    "f1_std": [
      0.0,
      0.0,
      0.0,
      0.0,
      0.0,
      0.0,
      0.0,
      0.0,
      0.0,
      0.0
    ],
    "acc_mean": [
      0.1952,
      0.2604,
      0.2744,
      0.3242,
      0.3354,
      0.3277,
      0.3972,
      0.4219,
      0.4362,
      0.4584
    ],
    "acc_std": [
      0.0,
      0.0,
      0.0,
      0.0,
      0.0,
      0.0,
      0.0,
      0.0,
      0.0,
      0.0
    ],
    "final_f1_mean": 0.44218032034773014,
    "final_f1_std": 0.0,
    "best_f1_mean": 0.44218032034773014,
    "best_f1_std": 0.0,
    "n_seeds": 1,
    "seeds": [
      456
    ],
    "avg_train_time_per_round": 7.268215990066528,
    "total_train_time": 72.68215990066528,
    "peak_gpu_memory_mb": 241.4228515625,
    "avg_query_time": 0.13716890811920165,
    "total_query_time": 1.3716890811920166,
    "n_human_labeled_mean": [
      100.0,
      200.0,
      300.0,
      400.0,
      500.0,
      600.0,
      700.0,
      800.0,
      900.0,
      1000.0
    ],
    "total_pseudo_labeled": 922
  },
  "class_aware_entropy": {
    "f1_mean": [
      0.10339743455101177,
      0.24723099008271107,
      0.28544986656546667,
      0.2638535126867939,
      0.30200309114488083,
      0.3055929940416652,
      0.3693231651083691,
      0.3424654281097425,
      0.3693564749951062,
      0.4038527430289114
    ],
    "f1_std": [
      0.0,
      0.0,
      0.0,
      0.0,
      0.0,
      0.0,
      0.0,
      0.0,
      0.0,
      0.0
    ],
    "acc_mean": [
      0.1952,
      0.2861,
      0.3099,
      0.2963,
      0.3192,
      0.3357,
      0.3937,
      0.3716,
      0.3942,
      0.4241
    ],
    "acc_std": [
      0.0,
      0.0,
      0.0,
      0.0,
      0.0,
      0.0,
      0.0,
      0.0,
      0.0,
      0.0
    ],
    "final_f1_mean": 0.4038527430289114,
    "final_f1_std": 0.0,
    "best_f1_mean": 0.4038527430289114,
    "best_f1_std": 0.0,
    "n_seeds": 1,
    "seeds": [
      456
    ],
    "avg_train_time_per_round": 7.344218492507935,
    "total_train_time": 73.44218492507935,
    "peak_gpu_memory_mb": 241.4228515625,
    "avg_query_time": 0.13770062923431398,
    "total_query_time": 1.3770062923431396,
    "n_human_labeled_mean": [
      100.0,
      200.0,
      300.0,
      400.0,
      500.0,
      600.0,
      700.0,
      800.0,
      900.0,
      1000.0
    ],
    "total_pseudo_labeled": 1273
  },
  "entropy": {
    "f1_mean": [
      0.10339743455101177,
      0.28208294691748836,
      0.25116028119245115,
      0.22707601366142582,
      0.23931017277611116,
      0.3406253998551713,
      0.3324962514600267,
      0.35790515620810387,
      0.3537625213503722,
      0.34458377624523095
    ],
    "f1_std": [
      0.0,
      0.0,
      0.0,
      0.0,
      0.0,
      0.0,
      0.0,
      0.0,
      0.0,
      0.0
    ],
    "acc_mean": [
      0.1952,
      0.3077,
      0.2832,
      0.2844,
      0.2801,
      0.3679,
      0.3578,
      0.3722,
      0.3866,
      0.3749
    ],
    "acc_std": [
      0.0,
      0.0,
      0.0,
      0.0,
      0.0,
      0.0,
      0.0,
      0.0,
      0.0,
      0.0
    ],
    "final_f1_mean": 0.34458377624523095,
    "final_f1_std": 0.0,
    "best_f1_mean": 0.35790515620810387,
    "best_f1_std": 0.0,
    "n_seeds": 1,
    "seeds": [
      456
    ],
    "avg_train_time_per_round": 7.674090552330017,
    "total_train_time": 76.74090552330017,
    "peak_gpu_memory_mb": 236.80224609375,
    "avg_query_time": 0.0005451679229736328,
    "total_query_time": 0.005451679229736328,
    "n_human_labeled_mean": [
      100.0,
      200.0,
      300.0,
      400.0,
      500.0,
      600.0,
      700.0,
      800.0,
      900.0,
      1000.0
    ],
    "total_pseudo_labeled": 1371
  },
  "gap_aware_entropy": {
    "f1_mean": [
      0.10339743455101177,
      0.19275308037065328,
      0.21229072223452441,
      0.24704399473816846,
      0.3098249632790004,
      0.2943922734814227,
      0.3369158919467217,
      0.3738749954272039,
      0.38562693937163844,
      0.4010790148244249
    ],
    "f1_std": [
      0.0,
      0.0,
      0.0,
      0.0,
      0.0,
      0.0,
      0.0,
      0.0,
      0.0,
      0.0
    ],
    "acc_mean": [
      0.1952,
      0.2465,
      0.2607,
      0.2873,
      0.3357,
      0.3267,
      0.3634,
      0.3894,
      0.4002,
      0.415
    ],
    "acc_std": [
      0.0,
      0.0,
      0.0,
      0.0,
      0.0,
      0.0,
      0.0,
      0.0,
      0.0,
      0.0
    ],
    "final_f1_mean": 0.4010790148244249,
    "final_f1_std": 0.0,
    "best_f1_mean": 0.4010790148244249,
    "best_f1_std": 0.0,
    "n_seeds": 1,
    "seeds": [
      456
    ],
    "avg_train_time_per_round": 7.311799573898315,
    "total_train_time": 73.11799573898315,
    "peak_gpu_memory_mb": 241.4228515625,
    "avg_query_time": 0.1393045663833618,
    "total_query_time": 1.3930456638336182,
    "n_human_labeled_mean": [
      100.0,
      200.0,
      300.0,
      400.0,
      500.0,
      600.0,
      700.0,
      800.0,
      900.0,
      1000.0
    ],
    "total_pseudo_labeled": 1179
  },
  "full_supervision": {
    "accuracy": 0.8511,
    "f1": 0.8504935620078482,
    "train_time": 1249.2632510662079,
    "gpu_memory_mb": 146.5634765625,
    "epochs": 50
  }
}