{
  "badge": {
    "f1_mean": [
      0.1570605882780598,
      0.17767035958521724,
      0.1744405704661138,
      0.17763759355186326,
      0.22569659506105286,
      0.31423941051848736,
      0.3713380750297968,
      0.3932926468012609,
      0.400611848214138,
      0.42015974574774473
    ],
    "f1_std": [
      0.02298591141669923,
      0.04575023071041974,
      0.0508931678855482,
      0.03153407508628661,
      0.04707220440617699,
      0.02482877491661384,
      0.014623313209817612,
      0.016690393832002774,
      0.009971897662351166,
      0.021105905323953494
    ],
    "acc_mean": [
      0.2113,
      0.21852,
      0.22240000000000001,
      0.23016,
      0.25934,
      0.32928,
      0.37846,
      0.39946000000000004,
      0.40616,
      0.4285
    ],
    "acc_std": [
      0.019222382786741096,
      0.03133684093842262,
      0.029155857044511655,
      0.017823871633290002,
      0.029542416962733437,
      0.014755256690413762,
      0.012921238330748328,
      0.009999519988479451,
      0.01356135686426693,
      0.01661854385919537
    ],
    "final_f1_mean": 0.42015974574774473,
    "final_f1_std": 0.021105905323953494,
    "best_f1_mean": 0.42024198512934186,
    "best_f1_std": 0.021019323396279935,
    "n_seeds": 5,
    "seeds": [
      42,
      123,
      456,
      789,
      1024
    ],
    "avg_train_time_per_round": 1.1020666837692261,
    "total_train_time": 55.103334188461304,
    "peak_gpu_memory_mb": 196.5458984375,
    "avg_query_time": 19.89108332633972,
    "total_query_time": 994.5541663169861,
    "n_human_labeled_mean": [
      100.0,
      200.0,
      300.0,
      400.0,
      500.0,
      600.0,
      700.0,
      800.0,
      900.0,
      1000.0
    ],
    "total_pseudo_labeled": 0
  },
  "coreset": {
    "f1_mean": [
      0.1570605882780598,
      0.15918807192220163,
      0.14721939518777075,
      0.16553490262531775,
      0.17011823134696255,
      0.3038214009196204,
      0.33667178631925093,
      0.3776884381859341,
      0.3807369660182302,
      0.4011074026080913
    ],
    "f1_std": [
      0.02298591141669923,
      0.04684171037631951,
      0.04029325734566122,
      0.04033896186274569,
      0.04094625287284053,
      0.026475383538247126,
      0.02235539448595035,
      0.015550957727860791,
      0.017231906045631188,
      0.010313389534733455
    ],
    "acc_mean": [
      0.2113,
      0.2057,
      0.19888,
      0.21630000000000002,
      0.22127999999999998,
      0.32049999999999995,
      0.35244,
      0.38912,
      0.3901,
      0.41016
    ],
    "acc_std": [
      0.019222382786741096,
      0.03473827859868707,
      0.02700676952173288,
      0.0336089273854433,
      0.03133945755752642,
      0.021211412022776786,
      0.013212660595050496,
      0.007923484082144671,
      0.008771316890866514,
      0.007708333153153148
    ],
    "final_f1_mean": 0.4011074026080913,
    "final_f1_std": 0.010313389534733455,
    "best_f1_mean": 0.4034255806328474,
    "best_f1_std": 0.010006049634903537,
    "n_seeds": 5,
    "seeds": [
      42,
      123,
      456,
      789,
      1024
    ],
    "avg_train_time_per_round": 1.2768246984481813,
    "total_train_time": 63.84123492240906,
    "peak_gpu_memory_mb": 196.5458984375,
    "avg_query_time": 12.460956931114197,
    "total_query_time": 623.0478465557098,
    "n_human_labeled_mean": [
      100.0,
      200.0,
      300.0,
      400.0,
      500.0,
      600.0,
      700.0,
      800.0,
      900.0,
      1000.0
    ],
    "total_pseudo_labeled": 0
  },
  "entropy": {
    "f1_mean": [
      0.1570605882780598,
      0.17160824119078028,
      0.1359512970725264,
      0.2170190702784638,
      0.2067360339803303,
      0.2829582968068415,
      0.34410806327297605,
      0.38208186666502836,
      0.4085709482828791,
      0.4246798397301281
    ],
    "f1_std": [
      0.02298591141669923,
      0.04081207045136992,
      0.03905915034973662,
      0.03671967199471704,
      0.03885806697220975,
      0.013769798953742456,
      0.033245815918626194,
      0.018061976943454187,
      0.015918352594234682,
      0.01328750616916653
    ],
    "acc_mean": [
      0.2113,
      0.2206,
      0.19926,
      0.2538,
      0.24580000000000002,
      0.30406,
      0.35326,
      0.38914,
      0.4152,
      0.429
    ],
    "acc_std": [
      0.019222382786741096,
      0.030684132707313072,
      0.026019269782221025,
      0.02699992592582432,
      0.027358581834590775,
      0.014040740721201289,
      0.02432863333605076,
      0.015317649950302444,
      0.012373358476985948,
      0.012898061869908994
    ],
    "final_f1_mean": 0.4246798397301281,
    "final_f1_std": 0.01328750616916653,
    "best_f1_mean": 0.4256103285354194,
    "best_f1_std": 0.013195675008351889,
    "n_seeds": 5,
    "seeds": [
      42,
      123,
      456,
      789,
      1024
    ],
    "avg_train_time_per_round": 1.12606050491333,
    "total_train_time": 56.303025245666504,
    "peak_gpu_memory_mb": 178.4296875,
    "avg_query_time": 0.0007603645324707031,
    "total_query_time": 0.038018226623535156,
    "n_human_labeled_mean": [
      100.0,
      200.0,
      300.0,
      400.0,
      500.0,
      600.0,
      700.0,
      800.0,
      900.0,
      1000.0
    ],
    "total_pseudo_labeled": 0
  },
  "margin": {
    "f1_mean": [
      0.1570605882780598,
      0.16537588235556747,
      0.11507094480515145,
      0.15897638928829488,
      0.22444872982878805,
      0.2992059859725364,
      0.3538078987129136,
      0.41118599971034053,
      0.43234960637022724,
      0.448771384564822
    ],
    "f1_std": [
      0.02298591141669923,
      0.04955378162632259,
      0.024082681052999873,
      0.05739065334042599,
      0.07608889290784156,
      0.046566097939876955,
      0.0188783631047878,
      0.009745380386308008,
      0.0132560335062419,
      0.01251618322531424
    ],
    "acc_mean": [
      0.2113,
      0.2138,
      0.17451999999999998,
      0.21142,
      0.26368,
      0.3226,
      0.36558,
      0.41663999999999995,
      0.4325,
      0.4535
    ],
    "acc_std": [
      0.019222382786741096,
      0.030906051187429295,
      0.014595670590966343,
      0.04376333625307832,
      0.05853410629709828,
      0.038254306947061535,
      0.01219908193267019,
      0.00416970022903326,
      0.01358189971984774,
      0.010061212650570498
    ],
    "final_f1_mean": 0.448771384564822,
    "final_f1_std": 0.01251618322531424,
    "best_f1_mean": 0.44894405312187596,
    "best_f1_std": 0.012443883221434167,
    "n_seeds": 5,
    "seeds": [
      42,
      123,
      456,
      789,
      1024
    ],
    "avg_train_time_per_round": 1.2010174226760864,
    "total_train_time": 60.05087113380432,
    "peak_gpu_memory_mb": 205.0458984375,
    "avg_query_time": 0.0007455873489379882,
    "total_query_time": 0.037279367446899414,
    "n_human_labeled_mean": [
      100.0,
      200.0,
      300.0,
      400.0,
      500.0,
      600.0,
      700.0,
      800.0,
      900.0,
      1000.0
    ],
    "total_pseudo_labeled": 0
  },
  "qbc": {
    "f1_mean": [
      0.1570605882780598,
      0.13577006185425888,
      0.15179439302783032,
      0.1835566465644652,
      0.23936688436415268,
      0.3211241954583793,
      0.3641286180331892,
      0.41806602514699387,
      0.4253948679629648,
      0.4513732057393963
    ],
    "f1_std": [
      0.02298591141669923,
      0.02781188199948369,
      0.03298657469637294,
      0.03091347145431034,
      0.04083180989819448,
      0.03981375858783401,
      0.038767684788468613,
      0.017934735643360615,
      0.017610579967596154,
      0.009589359046058241
    ],
    "acc_mean": [
      0.2113,
      0.19390000000000002,
      0.20276,
      0.22796,
      0.27046000000000003,
      0.32811999999999997,
      0.37046,
      0.41922,
      0.43206,
      0.45533999999999997
    ],