{
  "gap_aware_entropy": {
    "f1_mean": [
      0.08077974316995014,
      0.19360348207220637,
      0.222302351809266,
      0.2213027731469835,
      0.24215334039615563,
      0.2731253494608673,
      0.30039131892865933,
      0.32338233666955196,
      0.3528455474821141,
      0.3803847565983342
    ],
    "f1_std": [
      0.0,
      0.0,
      0.0,
      0.0,
      0.0,
      0.0,
      0.0,
      0.0,
      0.0,
      0.0
    ],
    "acc_mean": [
      0.1476,
      0.265,
      0.2709,
      0.2691,
      0.2986,
      0.322,
      0.3452,
      0.3521,
      0.3773,
      0.402
    ],
    "acc_std": [
      0.0,
      0.0,
      0.0,
      0.0,
      0.0,
      0.0,
      0.0,
      0.0,
      0.0,
      0.0
    ],
    "final_f1_mean": 0.3803847565983342,
    "final_f1_std": 0.0,
    "best_f1_mean": 0.3803847565983342,
    "best_f1_std": 0.0,
    "n_seeds": 1,
    "seeds": [
      456
    ],
    "avg_train_time_per_round": 4.700707340240479,
    "total_train_time": 47.007073402404785,
    "peak_gpu_memory_mb": 228.80078125,
    "avg_query_time": 0.13449678421020508,
    "total_query_time": 1.3449678421020508,
    "n_human_labeled_mean": [
      100.0,
      200.0,
      300.0,
      400.0,
      500.0,
      600.0,
      700.0,
      800.0,
      900.0,
      1000.0
    ],
    "total_pseudo_labeled": 444
  },
  "full_supervision": {
    "accuracy": 0.7734,
    "f1": 0.767463908597943,
    "train_time": 351.88824367523193,
    "gpu_memory_mb": 134.19287109375,
    "epochs": 50
  }
}