{
  "adaptive_gap_entropy": {
    "f1_mean": [
      0.10684351540913498,
      0.28719477600372945,
      0.2877392698785549,
      0.28158751958567607,
      0.33895568041823215,
      0.35736518801062656,
      0.36803424015134617,
      0.3818256938557359,
      0.4076338349603893,
      0.4084512849967699
    ],
    "f1_std": [
      0.0,
      0.0,
      0.0,
      0.0,
      0.0,
      0.0,
      0.0,
      0.0,
      0.0,
      0.0
    ],
    "acc_mean": [
      0.1911,
      0.3153,
      0.3107,
      0.3152,
      0.3593,
      0.3687,
      0.3815,
      0.4007,
      0.4227,
      0.4297
    ],
    "acc_std": [
      0.0,
      0.0,
      0.0,
      0.0,
      0.0,
      0.0,
      0.0,
      0.0,
      0.0,
      0.0
    ],
    "final_f1_mean": 0.4084512849967699,
    "final_f1_std": 0.0,
    "best_f1_mean": 0.4084512849967699,
    "best_f1_std": 0.0,
    "n_seeds": 1,
    "seeds": [
      456
    ],
    "avg_train_time_per_round": 4.77170147895813,
    "total_train_time": 47.7170147895813,
    "peak_gpu_memory_mb": 228.67529296875,
    "avg_query_time": 0.06368210315704345,
    "total_query_time": 0.6368210315704346,
    "n_human_labeled_mean": [
      100.0,
      200.0,
      300.0,
      400.0,
      500.0,
      600.0,
      700.0,
      800.0,
      900.0,
      1000.0
    ],
    "total_pseudo_labeled": 1146
  },
  "class_aware_entropy": {
    "f1_mean": [
      0.10684351540913498,
      0.2834839792912902,
      0.2916442072400353,
      0.3071106165011228,
      0.2718960169572656,
      0.3447205431041517,
      0.3425664515157842,
      0.3684853752272632,
      0.38895468450758247,
      0.38330008292426593
    ],
    "f1_std": [
      0.0,
      0.0,
      0.0,
      0.0,
      0.0,
      0.0,
      0.0,
      0.0,
      0.0,
      0.0
    ],
    "acc_mean": [
      0.1911,
      0.318,
      0.3229,
      0.3237,
      0.3022,
      0.371,
      0.3614,
      0.3902,
      0.4122,
      0.4069
    ],
    "acc_std": [
      0.0,
      0.0,
      0.0,
      0.0,
      0.0,
      0.0,
      0.0,
      0.0,
      0.0,
      0.0
    ],
    "final_f1_mean": 0.38330008292426593,
    "final_f1_std": 0.0,
    "best_f1_mean": 0.38895468450758247,
    "best_f1_std": 0.0,
    "n_seeds": 1,
    "seeds": [
      456
    ],
    "avg_train_time_per_round": 5.331605458259583,
    "total_train_time": 53.316054582595825,
    "peak_gpu_memory_mb": 228.80224609375,
    "avg_query_time": 0.06315608024597168,
    "total_query_time": 0.6315608024597168,
    "n_human_labeled_mean": [
      100.0,
      200.0,
      300.0,
      400.0,
      500.0,
      600.0,
      700.0,
      800.0,
      900.0,
      1000.0
    ],
    "total_pseudo_labeled": 1202
  },
  "gap_aware_entropy": {
    "f1_mean": [
      0.10684351540913498,
      0.27523559099734957,
      0.26440659898146973,
      0.28507112067455564,
      0.33890869941616214,
      0.3214043000476171,
      0.3875711487297553,
      0.39991857293024113,
      0.3908292815333311,
      0.4161708423001249
    ],
    "f1_std": [
      0.0,
      0.0,
      0.0,
      0.0,
      0.0,
      0.0,
      0.0,
      0.0,
      0.0,
      0.0
    ],
    "acc_mean": [
      0.1911,
      0.3031,
      0.2971,
      0.3192,
      0.3551,
      0.3509,
      0.4006,
      0.4219,
      0.4054,
      0.4305
    ],
    "acc_std": [
      0.0,
      0.0,
      0.0,
      0.0,
      0.0,
      0.0,
      0.0,
      0.0,
      0.0,
      0.0
    ],
    "final_f1_mean": 0.4161708423001249,
    "final_f1_std": 0.0,
    "best_f1_mean": 0.4161708423001249,
    "best_f1_std": 0.0,
    "n_seeds": 1,
    "seeds": [
      456
    ],
    "avg_train_time_per_round": 4.9297538757324215,
    "total_train_time": 49.29753875732422,
    "peak_gpu_memory_mb": 228.67529296875,
    "avg_query_time": 0.06134765148162842,
    "total_query_time": 0.6134765148162842,
    "n_human_labeled_mean": [
      100.0,
      200.0,
      300.0,
      400.0,
      500.0,
      600.0,
      700.0,
      800.0,
      900.0,
      1000.0
    ],
    "total_pseudo_labeled": 1092
  },
  "full_supervision": {
    "accuracy": 0.85,
    "f1": 0.8492748746070922,
    "train_time": 743.8254580497742,
    "gpu_memory_mb": 134.19287109375,
    "epochs": 50
  }
}