{
  "class_aware_entropy_ssl": {
    "f1_mean": [
      0.08077974316995014,
      0.16657598065843499,
      0.20864711135307096,
      0.2478673166209367,
      0.21760377608499715,
      0.2690816675040192,
      0.3081995355836823,
      0.3228043946074946,
      0.3471799786895745,
      0.3731266811634478
    ],
    "f1_std": [
      0.0,
      0.0,
      0.0,
      0.0,
      0.0,
      0.0,
      0.0,
      0.0,
      0.0,
      0.0
    ],
    "acc_mean": [
      0.1476,
      0.2436,
      0.2676,
      0.2978,
      0.2791,
      0.3217,
      0.346,
      0.3533,
      0.3766,
      0.4011
    ],
    "acc_std": [
      0.0,
      0.0,
      0.0,
      0.0,
      0.0,
      0.0,
      0.0,
      0.0,
      0.0,
      0.0
    ],
    "final_f1_mean": 0.3731266811634478,
    "final_f1_std": 0.0,
    "best_f1_mean": 0.3731266811634478,
    "best_f1_std": 0.0,
    "n_seeds": 1,
    "seeds": [
      456
    ],
    "avg_train_time_per_round": 3.3541528940200807,
    "total_train_time": 33.541528940200806,
    "peak_gpu_memory_mb": 228.80078125,
    "avg_query_time": 0.08379077911376953,
    "total_query_time": 0.8379077911376953,
    "n_human_labeled_mean": [
      100.0,
      200.0,
      300.0,
      400.0,
      500.0,
      600.0,
      700.0,
      800.0,
      900.0,
      1000.0
    ],
    "total_pseudo_labeled": 338
  },
  "gap_aware_entropy_ssl": {
    "f1_mean": [
      0.08077974316995014,
      0.19360348207220637,
      0.222302351809266,
      0.2213027731469835,
      0.24656120177010474,
      0.27297908681706906,
      0.30078531398677716,
      0.3212593365324938,
      0.34626491041817786,
      0.37202093179970086
    ],
    "f1_std": [
      0.0,
      0.0,
      0.0,
      0.0,
      0.0,
      0.0,
      0.0,
      0.0,
      0.0,
      0.0
    ],
    "acc_mean": [
      0.1476,
      0.265,
      0.2709,
      0.2691,
      0.3064,
      0.3237,
      0.3375,
      0.3529,
      0.3725,
      0.3909
    ],
    "acc_std": [
      0.0,
      0.0,
      0.0,
      0.0,
      0.0,
      0.0,
      0.0,
      0.0,
      0.0,
      0.0
    ],
    "final_f1_mean": 0.37202093179970086,
    "final_f1_std": 0.0,
    "best_f1_mean": 0.37202093179970086,
    "best_f1_std": 0.0,
    "n_seeds": 1,
    "seeds": [
      456
    ],
    "avg_train_time_per_round": 3.313670349121094,
    "total_train_time": 33.13670349121094,
    "peak_gpu_memory_mb": 228.673828125,
    "avg_query_time": 0.08212935924530029,
    "total_query_time": 0.8212935924530029,
    "n_human_labeled_mean": [
      100.0,
      200.0,
      300.0,
      400.0,
      500.0,
      600.0,
      700.0,
      800.0,
      900.0,
      1000.0
    ],
    "total_pseudo_labeled": 438
  },
  "full_supervision": {
    "accuracy": 0.7699,
    "f1": 0.763882073422541,
    "train_time": 414.13264536857605,
    "gpu_memory_mb": 134.19287109375,
    "epochs": 50
  }
}