{
  "adaptive_gap_entropy": {
    "f1_mean": [
      0.156729729349714,
      0.21416212542669877,
      0.2647424301610051,
      0.33657067777530386,
      0.34245582426516635,
      0.43649972014692434,
      0.46114730660954795,
      0.4948546783719617,
      0.5146529139600285,
      0.544219695453313
    ],
    "f1_std": [
      0.01905989418423797,
      0.0044232851611832056,
      0.009346810034446037,
      0.04132644772916979,
      0.016534369297727794,
      0.019447467920319178,
      0.00580163366380301,
      0.010347316782328746,
      0.011183406519223766,
      0.011855684674479942
    ],
    "acc_mean": [
      0.21183333333333335,
      0.2727333333333333,
      0.3196333333333334,
      0.36369999999999997,
      0.38166666666666665,
      0.4505333333333333,
      0.4750666666666667,
      0.5093000000000001,
      0.5279333333333333,
      0.5580333333333334
    ],
    "acc_std": [
      0.02071075941523043,
      0.002602989734047295,
      0.011831408294122154,
      0.03194338742212542,
      0.003553714801287358,
      0.014766027074184689,
      0.009428443962582345,
      0.010312128781197409,
      0.009478513713775045,
      0.011054511396810896
    ],
    "final_f1_mean": 0.544219695453313,
    "final_f1_std": 0.011855684674479942,
    "best_f1_mean": 0.544219695453313,
    "best_f1_std": 0.011855684674479942,
    "n_seeds": 3,
    "seeds": [
      42,
      123,
      456
    ],
    "avg_train_time_per_round": 0.5289076089859008,
    "total_train_time": 15.867228269577026,
    "peak_gpu_memory_mb": 250.70263671875,
    "avg_query_time": 0.06418439547220865,
    "total_query_time": 1.9255318641662598,
    "n_human_labeled_mean": [
      100.0,
      200.0,
      300.0,
      400.0,
      500.0,
      600.0,
      700.0,
      800.0,
      900.0,
      1000.0
    ],
    "total_pseudo_labeled": 0
  },
  "class_aware_entropy": {
    "f1_mean": [
      0.156729729349714,
      0.2281444030167132,
      0.2406931679023814,
      0.32187638161167803,
      0.3426747942274941,
      0.41780558187032585,
      0.42677706211226646,
      0.48847866870977213,
      0.5020482090185233,
      0.5091836849562773
    ],
    "f1_std": [
      0.01905989418423797,
      0.012150785693202909,
      0.03726351292676055,
      0.006166124126213355,
      0.01643898941723914,
      0.008486868430655863,
      0.0061919824500972845,
      0.002571764712488166,
      0.01929831721288249,
      0.02605487416237046
    ],
    "acc_mean": [
      0.21183333333333335,
      0.26403333333333334,
      0.28773333333333334,
      0.36260000000000003,
      0.3849666666666667,
      0.44320000000000004,
      0.4479,
      0.5078333333333334,
      0.5194,
      0.5316000000000001
    ],
    "acc_std": [
      0.02071075941523043,
      0.009539508489551351,
      0.02682502977113395,
      0.011486513831445982,
      0.007558806490151451,
      0.004465422712353214,
      0.011336078099001733,
      0.003475949110994335,
      0.015260624714167703,
      0.023642757876356134
    ],
    "final_f1_mean": 0.5091836849562773,
    "final_f1_std": 0.02605487416237046,
    "best_f1_mean": 0.518884914578151,
    "best_f1_std": 0.013261458693950366,
    "n_seeds": 3,
    "seeds": [
      42,
      123,
      456
    ],
    "avg_train_time_per_round": 0.5221696615219116,
    "total_train_time": 15.665089845657349,
    "peak_gpu_memory_mb": 253.1396484375,
    "avg_query_time": 0.06353741486867269,
    "total_query_time": 1.9061224460601807,
    "n_human_labeled_mean": [
      100.0,
      200.0,
      300.0,
      400.0,
      500.0,
      600.0,
      700.0,
      800.0,
      900.0,
      1000.0
    ],
    "total_pseudo_labeled": 0
  },
  "gap_aware_entropy": {
    "f1_mean": [
      0.156729729349714,
      0.20576153363756688,
      0.30694476873394083,
      0.3344450217981363,
      0.39377385603193676,
      0.43268472754569204,
      0.45890719333825825,
      0.48269858848953945,
      0.5278675608885597,
      0.5368337962416824
    ],
    "f1_std": [
      0.01905989418423797,
      0.038643525509755285,
      0.029824336437151766,
      0.041709651602358094,
      0.025226918668514193,
      0.03645753168859199,
      0.03134771515135373,
      0.02363649105169371,
      0.013081862247455995,
      0.017355637972467062
    ],
    "acc_mean": [
      0.21183333333333335,
      0.2697,
      0.33486666666666665,
      0.3687,
      0.42086666666666667,
      0.44789999999999996,
      0.47259999999999996,
      0.49596666666666667,
      0.5401666666666667,
      0.5475
    ],
    "acc_std": [
      0.02071075941523043,
      0.03196790056707927,
      0.016167938094334186,
      0.03298848283871207,
      0.023926600724344903,
      0.03362062858821451,
      0.02520330666136224,
      0.021344215974252966,
      0.011408281592285881,
      0.013557531732091474
    ],
    "final_f1_mean": 0.5368337962416824,
    "final_f1_std": 0.017355637972467062,
    "best_f1_mean": 0.5371099524299158,
    "best_f1_std": 0.017007616097938417,
    "n_seeds": 3,
    "seeds": [
      42,
      123,
      456
    ],
    "avg_train_time_per_round": 0.5123638391494751,
    "total_train_time": 15.370915174484253,
    "peak_gpu_memory_mb": 250.70263671875,
    "avg_query_time": 0.06247899532318115,
    "total_query_time": 1.8743698596954346,
    "n_human_labeled_mean": [
      100.0,
      200.0,
      300.0,
      400.0,
      500.0,
      600.0,
      700.0,
      800.0,
      900.0,
      1000.0
    ],
    "total_pseudo_labeled": 0
  },
  "full_supervision": {
    "accuracy": 0.7934,
    "f1": 0.7874663426086312,
    "train_time": 111.17845344543457,
    "gpu_memory_mb": 299.53369140625,
    "epochs": 50
  }
}