{
  "badge": {
    "f1_mean": [
      0.0024477385554153293,
      0.0074663088284291955,
      0.009855615304008131,
      0.013471465028972306,
      0.021792699866976833,
      0.027596339391170316,
      0.029366874495700482,
      0.0409684735542225,
      0.048109553338197004,
      0.049209560143293175
    ],
    "f1_std": [
      0.0,
      0.0,
      0.0,
      0.0,
      0.0,
      0.0,
      0.0,
      0.0,
      0.0,
      0.0
    ],
    "acc_mean": [
      0.023,
      0.0283,
      0.0338,
      0.0388,
      0.0542,
      0.0637,
      0.0699,
      0.0839,
      0.0906,
      0.094
    ],
    "acc_std": [
      0.0,
      0.0,
      0.0,
      0.0,
      0.0,
      0.0,
      0.0,
      0.0,
      0.0,
      0.0
    ],
    "final_f1_mean": 0.049209560143293175,
    "final_f1_std": 0.0,
    "best_f1_mean": 0.049209560143293175,
    "best_f1_std": 0.0,
    "n_seeds": 1,
    "seeds": [
      1024
    ],
    "avg_train_time_per_round": 0.7304306745529174,
    "total_train_time": 7.304306745529175,
    "peak_gpu_memory_mb": 131.71337890625,
    "avg_query_time": 148.65809004306794,
    "total_query_time": 1486.5809004306793,
    "n_human_labeled_mean": [
      100.0,
      200.0,
      300.0,
      400.0,
      500.0,
      600.0,
      700.0,
      800.0,
      900.0,
      1000.0
    ],
    "total_pseudo_labeled": 0
  },
  "coreset": {
    "f1_mean": [
      0.0024477385554153293,
      0.004684897942455297,
      0.01266159786004108,
      0.012396270763354325,
      0.022954380871159655,
      0.023086320117703497,
      0.031198475783305563,
      0.03336351866868983,
      0.04205871136333338,
      0.04166460550226545
    ],
    "f1_std": [
      0.0,
      0.0,
      0.0,
      0.0,
      0.0,
      0.0,
      0.0,
      0.0,
      0.0,
      0.0
    ],
    "acc_mean": [
      0.023,
      0.0204,
      0.0354,
      0.0387,
      0.0497,
      0.0574,
      0.0683,
      0.0761,
      0.0826,
      0.0843
    ],
    "acc_std": [
      0.0,
      0.0,
      0.0,
      0.0,
      0.0,
      0.0,
      0.0,
      0.0,
      0.0,
      0.0
    ],
    "final_f1_mean": 0.04166460550226545,
    "final_f1_std": 0.0,
    "best_f1_mean": 0.04205871136333338,
    "best_f1_std": 0.0,
    "n_seeds": 1,
    "seeds": [
      1024
    ],
    "avg_train_time_per_round": 0.7186387300491333,
    "total_train_time": 7.186387300491333,
    "peak_gpu_memory_mb": 158.43115234375,
    "avg_query_time": 7.445318984985351,
    "total_query_time": 74.45318984985352,
    "n_human_labeled_mean": [
      100.0,
      200.0,
      300.0,
      400.0,
      500.0,
      600.0,
      700.0,
      800.0,
      900.0,
      1000.0
    ],
    "total_pseudo_labeled": 0
  },
  "entropy": {
    "f1_mean": [
      0.0024477385554153293,
      0.004990642801788995,
      0.007900495257047507,
      0.011751920164568531,
      0.014034133034135794,
      0.018954399654852433,
      0.021104432244482697,
      0.028804067367428784,
      0.03152593281680577,
      0.04253401347317062
    ],
    "f1_std": [
      0.0,
      0.0,
      0.0,
      0.0,
      0.0,
      0.0,
      0.0,
      0.0,
      0.0,
      0.0
    ],
    "acc_mean": [
      0.023,
      0.0195,
      0.0289,
      0.0342,
      0.0415,
      0.0534,
      0.0567,
      0.0699,
      0.0763,
      0.0839
    ],
    "acc_std": [
      0.0,
      0.0,
      0.0,
      0.0,
      0.0,
      0.0,
      0.0,
      0.0,
      0.0,
      0.0
    ],
    "final_f1_mean": 0.04253401347317062,
    "final_f1_std": 0.0,
    "best_f1_mean": 0.04253401347317062,
    "best_f1_std": 0.0,
    "n_seeds": 1,
    "seeds": [
      1024
    ],
    "avg_train_time_per_round": 0.5768402814865112,
    "total_train_time": 5.768402814865112,
    "peak_gpu_memory_mb": 139.71337890625,
    "avg_query_time": 0.0022948026657104493,
    "total_query_time": 0.022948026657104492,
    "n_human_labeled_mean": [
      100.0,
      200.0,
      300.0,
      400.0,
      500.0,
      600.0,
      700.0,
      800.0,
      900.0,
      1000.0
    ],
    "total_pseudo_labeled": 0
  },
  "margin": {
    "f1_mean": [
      0.0024477385554153293,
      0.008800962311985055,
      0.010108050139021685,
      0.018819624811707243,
      0.022845619327736735,
      0.0286977255668025,
      0.03623601516241032,
      0.045005158204917996,
      0.04793441993908457,
      0.055171532121287864
    ],
    "f1_std": [
      0.0,
      0.0,
      0.0,
      0.0,
      0.0,
      0.0,
      0.0,
      0.0,
      0.0,
      0.0
    ],
    "acc_mean": [
      0.023,
      0.0293,
      0.0363,
      0.0439,
      0.0516,
      0.0666,
      0.0804,
      0.0906,
      0.096,
      0.1031
    ],
    "acc_std": [
      0.0,
      0.0,
      0.0,
      0.0,
      0.0,
      0.0,
      0.0,
      0.0,
      0.0,
      0.0
    ],
    "final_f1_mean": 0.055171532121287864,
    "final_f1_std": 0.0,
    "best_f1_mean": 0.055171532121287864,
    "best_f1_std": 0.0,
    "n_seeds": 1,
    "seeds": [
      1024
    ],
    "avg_train_time_per_round": 0.5483206510543823,
    "total_train_time": 5.483206510543823,
    "peak_gpu_memory_mb": 151.884765625,
    "avg_query_time": 0.0060268878936767575,
    "total_query_time": 0.06026887893676758,
    "n_human_labeled_mean": [
      100.0,
      200.0,
      300.0,
      400.0,
      500.0,
      600.0,
      700.0,
      800.0,
      900.0,
      1000.0
    ],
    "total_pseudo_labeled": 0
  },
  "qbc": {
    "f1_mean": [
      0.0024477385554153293,
      0.008374631242707495,
      0.011960162113841363,
      0.019589721707906384,
      0.019494221659649463,
      0.0298663187370226,
      0.03340375290039967,
      0.04495791691511541,
      0.051785659853681054,
      0.06125305323456401
    ],
    "f1_std": [
      0.0,
      0.0,
      0.0,
      0.0,
      0.0,
      0.0,
      0.0,
      0.0,
      0.0,
      0.0
    ],
    "acc_mean": [
      0.023,
      0.037,
      0.0424,
      0.0537,
      0.0493,
      0.0725,
      0.0766,
      0.0897,
      0.0968,
      0.1071
    ],
    "acc_std": [
      0.0,
      0.0,
      0.0,
      0.0,
      0.0,
      0.0,
      0.0,
      0.0,
      0.0,
      0.0
    ],
    "final_f1_mean": 0.06125305323456401,
    "final_f1_std": 0.0,
    "best_f1_mean": 0.06125305323456401,
    "best_f1_std": 0.0,
    "n_seeds": 1,
    "seeds": [
      1024
    ],
    "avg_train_time_per_round": 0.5162203311920166,
    "total_train_time": 5.162203311920166,
    "peak_gpu_memory_mb": 145.78076171875,
    "avg_query_time": 1.5431267499923706,
    "total_query_time": 15.431267499923706,
    "n_human_labeled_mean": [
      100.0,
      200.0,
      300.0,
      400.0,
      500.0,
      600.0,
      700.0,
      800.0,
      900.0,
      1000.0
    ],
    "total_pseudo_labeled": 0
  },
  "random": {
    "f1_mean": [
      0.0024477385554153293,
      0.006880023159458535,
      0.010643390376802337,
      0.020630550339597792,
      0.019128699851737662,
      0.030321272961610916,
      0.03681047367793103,
      0.0443492183362001,
      0.05656207013886841,
      0.05428556615661637
    ],
    "f1_std": [
      0.0,
      0.0,
      0.0,
      0.0,
      0.0,
      0.0,
      0.0,
      0.0,
      0.0,
      0.0
    ],
    "acc_mean": [
      0.023,
      0.0345,
      0.0423,
      0.0514,
      0.0549,
      0.071,
      0.08,
      0.0951,
      0.1065,
      0.0998
    ],
    "acc_std": [
      0.0,
      0.0,
      0.0,
      0.0,
      0.0,
      0.0,
      0.0,
      0.0,
      0.0,
      0.0
    ],
    "final_f1_mean": 0.05428556615661637,
    "final_f1_std": 0.0,
    "best_f1_mean": 0.05656207013886841,
    "best_f1_std": 0.0,
    "n_seeds": 1,
    "seeds": [
      1024
    ],
    "avg_train_time_per_round": 0.6437025547027588,
    "total_train_time": 6.437025547027588,
    "peak_gpu_memory_mb": 131.71337890625,
    "avg_query_time": 0.00012726783752441405,
    "total_query_time": 0.0012726783752441406,