{
  "adaptive_gap_entropy": {
    "f1_mean": [
      0.08317909668568564,
      0.171370964837295,
      0.1999455969406088,
      0.23202667230528803,
      0.2565516598734115,
      0.3041462298209586,
      0.3375869937662285,
      0.37574357062310426,
      0.394634273445498,
      0.4108463864381379
    ],
    "f1_std": [
      0.010879693479414863,
      0.03522762019176672,
      0.021415527143156175,
      0.005548463964409006,
      0.008388900066479878,
      0.0176381933937728,
      0.008588843816818207,
      0.013493496192351677,
      0.008274108610831193,
      0.01250433670840572
    ],
    "acc_mean": [
      0.15093333333333334,
      0.22963333333333333,
      0.2521,
      0.27876666666666666,
      0.30186666666666667,
      0.3428333333333333,
      0.37306666666666666,
      0.4009666666666667,
      0.41829999999999995,
      0.43049999999999994
    ],
    "acc_std": [
      0.012375872584275516,
      0.03057475356491946,
      0.011324604481687954,
      0.011783132954449008,
      0.00338755893757666,
      0.014049990114666344,
      0.007232488429917386,
      0.008784961898355361,
      0.0025152865973217934,
      0.012233015436378161
    ],
    "final_f1_mean": 0.4108463864381379,
    "final_f1_std": 0.01250433670840572,
    "best_f1_mean": 0.4108463864381379,
    "best_f1_std": 0.01250433670840572,
    "n_seeds": 3,
    "seeds": [
      42,
      123,
      456
    ],
    "avg_train_time_per_round": 7.279402097066243,
    "total_train_time": 218.3820629119873,
    "peak_gpu_memory_mb": 228.673828125,
    "avg_query_time": 0.32564667065938313,
    "total_query_time": 9.769400119781494,
    "n_human_labeled_mean": [
      100.0,
      200.0,
      300.0,
      400.0,
      500.0,
      600.0,
      700.0,
      800.0,
      900.0,
      1000.0
    ],
    "total_pseudo_labeled": 1088
  },
  "class_aware_entropy": {
    "f1_mean": [
      0.08317909668568564,
      0.17037846425205075,
      0.21130367961557237,
      0.23222309665839905,
      0.2793623444135973,
      0.309908416129912,
      0.3536023849705243,
      0.35760489412349833,
      0.40292332314227214,
      0.4023435106241271
    ],
    "f1_std": [
      0.010879693479414863,
      0.035753126447985964,
      0.03184743705761664,
      0.012828431456734422,
      0.02850415795263532,
      0.010136510248478937,
      0.011116368176243363,
      0.02571105072799061,
      0.005444258772657378,
      0.013277814264734183
    ],
    "acc_mean": [
      0.15093333333333334,
      0.23263333333333333,
      0.26089999999999997,
      0.2789333333333333,
      0.3161666666666667,
      0.34443333333333337,
      0.379,
      0.38713333333333333,
      0.42156666666666665,
      0.42819999999999997
    ],
    "acc_std": [
      0.012375872584275516,
      0.019288050417004026,
      0.01897173335957119,
      0.00607801137068878,
      0.01977950679084008,
      0.005484726266845262,
      0.009280445391610612,
      0.012691291852640112,
      0.0010077477638553815,
      0.0037094473981982936
    ],
    "final_f1_mean": 0.4023435106241271,
    "final_f1_std": 0.013277814264734183,
    "best_f1_mean": 0.40664981107477144,
    "best_f1_std": 0.0075135536561219815,
    "n_seeds": 3,
    "seeds": [
      42,
      123,
      456
    ],
    "avg_train_time_per_round": 6.358790532747904,
    "total_train_time": 190.76371598243713,
    "peak_gpu_memory_mb": 228.80078125,
    "avg_query_time": 0.16911811033884686,
    "total_query_time": 5.073543310165405,
    "n_human_labeled_mean": [
      100.0,
      200.0,
      300.0,
      400.0,
      500.0,
      600.0,
      700.0,
      800.0,
      900.0,
      1000.0
    ],
    "total_pseudo_labeled": 970
  },
  "gap_aware_entropy": {
    "f1_mean": [
      0.08317909668568564,
      0.16161203097834048,
      0.19893202133564572,
      0.22588701536850234,
      0.2605976365808011,
      0.3110789626026635,
      0.3411176412157702,
      0.3651768968672493,
      0.3839960806705253,
      0.4179862263136887
    ],
    "f1_std": [
      0.010879693479414863,
      0.040735762184815484,
      0.015651471577136006,
      0.013597315573811344,
      0.010506553500104102,
      0.013740757027368536,
      0.013767921180367987,
      0.019797594000545597,
      0.010310647544315389,
      0.015884503086793993
    ],
    "acc_mean": [
      0.15093333333333334,
      0.2239,
      0.2553,
      0.2747,
      0.2993666666666666,
      0.3453333333333333,
      0.3665333333333334,
      0.3868333333333333,
      0.40713333333333335,
      0.4322333333333333
    ],
    "acc_std": [
      0.012375872584275516,
      0.03530703423776438,
      0.007894723976597698,
      0.010129494887044808,
      0.007064622345807949,
      0.008754554370281935,
      0.007760297817881861,
      0.007095695095541316,
      0.005277204647243544,
      0.013115215929937597
    ],
    "final_f1_mean": 0.4179862263136887,
    "final_f1_std": 0.015884503086793993,
    "best_f1_mean": 0.4179862263136887,
    "best_f1_std": 0.015884503086793993,
    "n_seeds": 3,
    "seeds": [
      42,
      123,
      456
    ],
    "avg_train_time_per_round": 5.74002853234609,
    "total_train_time": 172.2008559703827,
    "peak_gpu_memory_mb": 228.673828125,
    "avg_query_time": 0.18761645158131918,
    "total_query_time": 5.628493547439575,
    "n_human_labeled_mean": [
      100.0,
      200.0,
      300.0,
      400.0,
      500.0,
      600.0,
      700.0,
      800.0,
      900.0,
      1000.0
    ],
    "total_pseudo_labeled": 825
  },
  "full_supervision": {
    "accuracy": 0.7928,
    "f1": 0.7884641639437826,
    "train_time": 1128.6917662620544,
    "gpu_memory_mb": 134.19287109375,
    "epochs": 50
  }
}