{
  "adaptive_gap_entropy": {
    "f1_mean": [
      0.07832273444104476,
      0.12306772795334597,
      0.15757659586899536,
      0.18014385968488514,
      0.19516849502213093,
      0.2323214779022608,
      0.2467457381226962,
      0.30922083308357745,
      0.32997775405802277,
      0.3410307664625258
    ],
    "f1_std": [
      0.018612210145347127,
      0.005324502025041945,
      0.011200835259942851,
      0.01757054138957071,
      0.012098503674158843,
      0.02590931702305498,
      0.020330024697463103,
      0.029536351142620047,
      0.014132505399307101,
      0.03480605237780234
    ],
    "acc_mean": [
      0.15263333333333332,
      0.20753333333333335,
      0.2444666666666667,
      0.2514,
      0.27176666666666666,
      0.3028666666666667,
      0.3154333333333333,
      0.36169999999999997,
      0.37306666666666666,
      0.38353333333333334
    ],
    "acc_std": [
      0.013206143351570209,
      0.002341414577178131,
      0.00933607102705534,
      0.007866807908336567,
      0.0072743079090423065,
      0.01819694724092173,
      0.009576475807356733,
      0.017475315924659732,
      0.009738697152197618,
      0.020908424670984246
    ],
    "final_f1_mean": 0.3410307664625258,
    "final_f1_std": 0.03480605237780234,
    "best_f1_mean": 0.3435091422962921,
    "best_f1_std": 0.03267270072555373,
    "n_seeds": 3,
    "seeds": [
      42,
      123,
      456
    ],
    "avg_train_time_per_round": 7.374995303153992,
    "total_train_time": 221.24985909461975,
    "peak_gpu_memory_mb": 228.673828125,
    "avg_query_time": 0.38117413520812987,
    "total_query_time": 11.435224056243896,
    "n_human_labeled_mean": [
      100.0,
      200.0,
      300.0,
      400.0,
      500.0,
      600.0,
      700.0,
      800.0,
      900.0,
      1000.0
    ],
    "total_pseudo_labeled": 1149
  },
  "class_aware_entropy": {
    "f1_mean": [
      0.07832273444104476,
      0.125258334360744,
      0.16866500390919636,
      0.19957635669615328,
      0.22034460692877159,
      0.2331851852264278,
      0.2687972499544382,
      0.3140096209232686,
      0.3418542899067754,
      0.3638824369883733
    ],
    "f1_std": [
      0.018612210145347127,
      0.004046455400149739,
      0.020031124860306646,
      0.01905714546252183,
      0.028632980507954865,
      0.013509516918162831,
      0.0315993974483552,
      0.012720151630433487,
      0.01008097323730512,
      0.0052462991731168675
    ],
    "acc_mean": [
      0.15263333333333332,
      0.2097,
      0.2501,
      0.2710666666666667,
      0.2872333333333333,
      0.3005333333333333,
      0.3255,
      0.3594666666666666,
      0.3828666666666667,
      0.39810000000000006
    ],
    "acc_std": [
      0.013206143351570209,
      0.0034650637319776174,
      0.02025898977408959,
      0.019871308182625756,
      0.018734875381372456,
      0.007281178170842656,
      0.01661384964419746,
      0.006748003820060836,
      0.00533249993488566,
      0.005834952156330564
    ],
    "final_f1_mean": 0.3638824369883733,
    "final_f1_std": 0.0052462991731168675,
    "best_f1_mean": 0.3638824369883733,
    "best_f1_std": 0.0052462991731168675,
    "n_seeds": 3,
    "seeds": [
      42,
      123,
      456
    ],
    "avg_train_time_per_round": 7.963511379559835,
    "total_train_time": 238.90534138679504,
    "peak_gpu_memory_mb": 228.80078125,
    "avg_query_time": 0.30204099814097085,
    "total_query_time": 9.061229944229126,
    "n_human_labeled_mean": [
      100.0,
      200.0,
      300.0,
      400.0,
      500.0,
      600.0,
      700.0,
      800.0,
      900.0,
      1000.0
    ],
    "total_pseudo_labeled": 1101
  },
  "gap_aware_entropy": {
    "f1_mean": [
      0.07832273444104476,
      0.1270658444642385,
      0.14528444781753175,
      0.1727218381171478,
      0.17842138446785535,
      0.216056114038616,
      0.2622086635021545,
      0.28048713078802295,
      0.32536204056350687,
      0.33819694015963336
    ],
    "f1_std": [
      0.018612210145347127,
      0.0013737813223723856,
      0.00829416216235179,
      0.011719403850989421,
      0.008131786100550124,
      0.009846688565404367,
      0.01278536021629155,
      0.006889200855803488,
      0.015163924149973503,
      0.010557989086908063
    ],
    "acc_mean": [
      0.15263333333333332,
      0.2114,
      0.23506666666666667,
      0.25153333333333333,
      0.26323333333333326,
      0.294,
      0.32313333333333333,
      0.33886666666666665,
      0.37203333333333327,
      0.3805
    ],
    "acc_std": [
      0.013206143351570209,
      0.007043200030289264,
      0.009661032841034933,
      0.012501822089421825,
      0.0044093335349259235,
      0.004667618950457129,
      0.004239758902998574,
      0.0022484562605386755,
      0.007039570693980941,
      0.006709694478886519
    ],
    "final_f1_mean": 0.33819694015963336,
    "final_f1_std": 0.010557989086908063,
    "best_f1_mean": 0.33819694015963336,
    "best_f1_std": 0.010557989086908063,
    "n_seeds": 3,
    "seeds": [
      42,
      123,
      456
    ],
    "avg_train_time_per_round": 9.439724310239155,
    "total_train_time": 283.1917293071747,
    "peak_gpu_memory_mb": 228.673828125,
    "avg_query_time": 0.38028579552968345,
    "total_query_time": 11.408573865890503,
    "n_human_labeled_mean": [
      100.0,
      200.0,
      300.0,
      400.0,
      500.0,
      600.0,
      700.0,
      800.0,
      900.0,
      1000.0
    ],
    "total_pseudo_labeled": 1216
  },
  "full_supervision": {
    "accuracy": 0.7319,
    "f1": 0.7211866944940457,
    "train_time": 983.879209280014,
    "gpu_memory_mb": 134.19287109375,
    "epochs": 50
  }
}