{
  "adaptive_gap_entropy": {
    "f1_mean": [
      0.09443301105239583,
      0.1580449841107483,
      0.17876774687159144,
      0.23877602646589988,
      0.2463646198604441,
      0.2965369091743704,
      0.31459992874281073,
      0.29012565423527703,
      0.35918031386138904,
      0.3900264486215185
    ],
    "f1_std": [
      0.0,
      0.0,
      0.0,
      0.0,
      0.0,
      0.0,
      0.0,
      0.0,
      0.0,
      0.0
    ],
    "acc_mean": [
      0.1635,
      0.2355,
      0.2394,
      0.294,
      0.3026,
      0.3387,
      0.3559,
      0.3389,
      0.3868,
      0.4002
    ],
    "acc_std": [
      0.0,
      0.0,
      0.0,
      0.0,
      0.0,
      0.0,
      0.0,
      0.0,
      0.0,
      0.0
    ],
    "final_f1_mean": 0.3900264486215185,
    "final_f1_std": 0.0,
    "best_f1_mean": 0.3900264486215185,
    "best_f1_std": 0.0,
    "n_seeds": 1,
    "seeds": [
      456
    ],
    "avg_train_time_per_round": 5.766000294685364,
    "total_train_time": 57.66000294685364,
    "peak_gpu_memory_mb": 241.4228515625,
    "avg_query_time": 0.10698704719543457,
    "total_query_time": 1.0698704719543457,
    "n_human_labeled_mean": [
      100.0,
      200.0,
      300.0,
      400.0,
      500.0,
      600.0,
      700.0,
      800.0,
      900.0,
      1000.0
    ],
    "total_pseudo_labeled": 754
  },
  "class_aware_entropy": {
    "f1_mean": [
      0.09443301105239583,
      0.1653727338818192,
      0.23665969012561638,
      0.22040515227735163,
      0.2878596912440297,
      0.33529422053050395,
      0.2981785993258137,
      0.38045387666316566,
      0.3835090925249576,
      0.41307752375153495
    ],
    "f1_std": [
      0.0,
      0.0,
      0.0,
      0.0,
      0.0,
      0.0,
      0.0,
      0.0,
      0.0,
      0.0
    ],
    "acc_mean": [
      0.1635,
      0.2238,
      0.2754,
      0.278,
      0.3149,
      0.3563,
      0.3283,
      0.3976,
      0.4044,
      0.4249
    ],
    "acc_std": [
      0.0,
      0.0,
      0.0,
      0.0,
      0.0,
      0.0,
      0.0,
      0.0,
      0.0,
      0.0
    ],
    "final_f1_mean": 0.41307752375153495,
    "final_f1_std": 0.0,
    "best_f1_mean": 0.41307752375153495,
    "best_f1_std": 0.0,
    "n_seeds": 1,
    "seeds": [
      456
    ],
    "avg_train_time_per_round": 4.583786535263061,
    "total_train_time": 45.837865352630615,
    "peak_gpu_memory_mb": 241.4228515625,
    "avg_query_time": 0.08957288265228272,
    "total_query_time": 0.8957288265228271,
    "n_human_labeled_mean": [
      100.0,
      200.0,
      300.0,
      400.0,
      500.0,
      600.0,
      700.0,
      800.0,
      900.0,
      1000.0
    ],
    "total_pseudo_labeled": 733
  },
  "entropy": {
    "f1_mean": [
      0.09443301105239583,
      0.15119114812873155,
      0.1867142922522294,
      0.19218294081960402,
      0.2730874224524246,
      0.27078140122013555,
      0.32630057787494715,
      0.3270608881882969,
      0.36066854506228674,
      0.39941856186107916
    ],
    "f1_std": [
      0.0,
      0.0,
      0.0,
      0.0,
      0.0,
      0.0,
      0.0,
      0.0,
      0.0,
      0.0
    ],
    "acc_mean": [
      0.1635,
      0.2135,
      0.2459,
      0.2588,
      0.3174,
      0.316,
      0.3593,
      0.3651,
      0.3842,
      0.414
    ],
    "acc_std": [
      0.0,
      0.0,
      0.0,
      0.0,
      0.0,
      0.0,
      0.0,
      0.0,
      0.0,
      0.0
    ],
    "final_f1_mean": 0.39941856186107916,
    "final_f1_std": 0.0,
    "best_f1_mean": 0.39941856186107916,
    "best_f1_std": 0.0,
    "n_seeds": 1,
    "seeds": [
      456
    ],
    "avg_train_time_per_round": 4.981580853462219,
    "total_train_time": 49.81580853462219,
    "peak_gpu_memory_mb": 236.80224609375,
    "avg_query_time": 0.000336456298828125,
    "total_query_time": 0.00336456298828125,
    "n_human_labeled_mean": [
      100.0,
      200.0,
      300.0,
      400.0,
      500.0,
      600.0,
      700.0,
      800.0,
      900.0,
      1000.0
    ],
    "total_pseudo_labeled": 1032
  },
  "gap_aware_entropy": {
    "f1_mean": [
      0.09443301105239583,
      0.15613765592873824,
      0.18825209293179976,
      0.24110051491515172,
      0.27349478045500486,
      0.3011487392686263,
      0.3106681750045256,
      0.39336242630259977,
      0.3804050086357172,
      0.414317079002823
    ],
    "f1_std": [
      0.0,
      0.0,
      0.0,
      0.0,
      0.0,
      0.0,
      0.0,
      0.0,
      0.0,
      0.0
    ],
    "acc_mean": [
      0.1635,
      0.2353,
      0.246,
      0.2882,
      0.3088,
      0.3339,
      0.3418,
      0.4083,
      0.4027,
      0.4304
    ],
    "acc_std": [
      0.0,
      0.0,
      0.0,
      0.0,
      0.0,
      0.0,
      0.0,
      0.0,
      0.0,
      0.0
    ],
    "final_f1_mean": 0.414317079002823,
    "final_f1_std": 0.0,
    "best_f1_mean": 0.414317079002823,
    "best_f1_std": 0.0,
    "n_seeds": 1,
    "seeds": [
      456
    ],
    "avg_train_time_per_round": 5.088443326950073,
    "total_train_time": 50.88443326950073,
    "peak_gpu_memory_mb": 241.4228515625,
    "avg_query_time": 0.0890268087387085,
    "total_query_time": 0.890268087387085,
    "n_human_labeled_mean": [
      100.0,
      200.0,
      300.0,
      400.0,
      500.0,
      600.0,
      700.0,
      800.0,
      900.0,
      1000.0
    ],
    "total_pseudo_labeled": 936
  },
  "full_supervision": {
    "accuracy": 0.8013,
    "f1": 0.7979901061010403,
    "train_time": 1009.7160415649414,
    "gpu_memory_mb": 146.5634765625,
    "epochs": 50
  }
}