{
  "entropy": {
    "f1_mean": [
      0.1594937694379675,
      0.1893898210778026,
      0.13181027367389317,
      0.26296805148455515,
      0.19863274103001016,
      0.26219613897644745,
      0.2894134791214777,
      0.3462171758665134,
      0.38052475073204145,
      0.4025210925760832
    ],
    "f1_std": [
      0.0,
      0.0,
      0.0,
      0.0,
      0.0,
      0.0,
      0.0,
      0.0,
      0.0,
      0.0
    ],
    "acc_mean": [
      0.2272,
      0.2436,
      0.192,
      0.2922,
      0.2552,
      0.299,
      0.3151,
      0.3606,
      0.3942,
      0.4083
    ],
    "acc_std": [
      0.0,
      0.0,
      0.0,
      0.0,
      0.0,
      0.0,
      0.0,
      0.0,
      0.0,
      0.0
    ],
    "final_f1_mean": 0.4025210925760832,
    "final_f1_std": 0.0,
    "best_f1_mean": 0.4025210925760832,
    "best_f1_std": 0.0,
    "n_seeds": 1,
    "seeds": [
      456
    ],
    "avg_train_time_per_round": 1.4269946575164796,
    "total_train_time": 14.269946575164795,
    "peak_gpu_memory_mb": 139.31787109375,
    "avg_query_time": 0.0005542993545532227,
    "total_query_time": 0.0055429935455322266,
    "n_human_labeled_mean": [
      100.0,
      200.0,
      300.0,
      400.0,
      500.0,
      600.0,
      700.0,
      800.0,
      900.0,
      1000.0
    ],
    "total_pseudo_labeled": 0
  },
  "full_supervision": {
    "accuracy": 0.8517,
    "f1": 0.8512647469238714,
    "train_time": 1362.0014026165009,
    "gpu_memory_mb": 145.5634765625,
    "epochs": 50
  }
}