{
  "entropy": {
    "f1_mean": [
      0.07462161603496353,
      0.13504043444172345,
      0.15761021364353792,
      0.17656065763467033,
      0.18523652063021426,
      0.21923447290318862,
      0.24751719746056702,
      0.30217563398982744,
      0.32761433904341364,
      0.33862365666092886
    ],
    "f1_std": [
      0.015664220884843226,
      0.009705960231899567,
      0.014320234949337774,
      0.016673026429083266,
      0.007534543185917494,
      0.0043517147064192265,
      0.011456212046544331,
      0.020828888243311954,
      0.012628319432291478,
      0.011563127467320546
    ],
    "acc_mean": [
      0.14006666666666667,
      0.21693333333333334,
      0.2286,
      0.25003333333333333,
      0.25853333333333334,
      0.28850000000000003,
      0.30950000000000005,
      0.34793333333333337,
      0.37176666666666663,
      0.3767666666666667
    ],
    "acc_std": [
      0.012996751730934763,
      0.00702202882996708,
      0.0015577761927397286,
      0.009756137669294253,
      0.001532608524343014,
      0.0027361773821641443,
      0.0036285901761795437,
      0.014492833478040883,
      0.008017203724214305,
      0.009724310886752964
    ],
    "final_f1_mean": 0.33862365666092886,
    "final_f1_std": 0.011563127467320546,
    "best_f1_mean": 0.34191816830067917,
    "best_f1_std": 0.008118644307556886,
    "n_seeds": 3,
    "seeds": [
      42,
      123,
      456
    ],
    "avg_train_time_per_round": 3.2228708187739055,
    "total_train_time": 96.68612456321716,
    "peak_gpu_memory_mb": 249.54833984375,
    "avg_query_time": 0.0002688328425089518,
    "total_query_time": 0.008064985275268555,
    "n_human_labeled_mean": [
      100.0,
      200.0,
      300.0,
      400.0,
      500.0,
      600.0,
      700.0,
      800.0,
      900.0,
      1000.0
    ],
    "total_pseudo_labeled": 602
  },
  "full_supervision": {
    "accuracy": 0.7124,
    "f1": 0.7059050447097608,
    "train_time": 159.4173424243927,
    "gpu_memory_mb": 146.8134765625,
    "epochs": 50
  }
}