{
  "random": {
    "final_f1_mean": 0.6036160956882322,
    "final_f1_std": 0.029000471511581204,
    "n_seeds": 3
  },
  "entropy": {
    "final_f1_mean": 0.6119251591663433,
    "final_f1_std": 0.04202010173794633,
    "n_seeds": 3
  },
  "margin": {
    "final_f1_mean": 0.5866200207601641,
    "final_f1_std": 0.041299245873047036,
    "n_seeds": 3
  },
  "class_aware_entropy": {
    "final_f1_mean": 0.624073312697962,
    "final_f1_std": 0.05163115960856101,
    "n_seeds": 3
  },
  "gap_aware_entropy": {
    "final_f1_mean": 0.6369617266691596,
    "final_f1_std": 0.015081948439690941,
    "n_seeds": 3
  },
  "adaptive_gap_entropy": {
    "final_f1_mean": 0.6562383279142228,
    "final_f1_std": 0.024078784992820727,
    "n_seeds": 3
  }
}