{
  "adaptive_gap_entropy": {
    "f1_mean": [
      0.08621597627391578,
      0.10094641009733143,
      0.090915143195756,
      0.139400665337664,
      0.15295460676171188,
      0.18043608769012448,
      0.22655833603197784,
      0.24912240888481593,
      0.26819175252061916,
      0.2690641294244989
    ],
    "f1_std": [
      0.0,
      0.0,
      0.0,
      0.0,
      0.0,
      0.0,
      0.0,
      0.0,
      0.0,
      0.0
    ],
    "acc_mean": [
      0.181,
      0.196,
      0.194,
      0.2276,
      0.2378,
      0.2572,
      0.3025,
      0.3239,
      0.3419,
      0.3415
    ],
    "acc_std": [
      0.0,
      0.0,
      0.0,
      0.0,
      0.0,
      0.0,
      0.0,
      0.0,
      0.0,
      0.0
    ],
    "final_f1_mean": 0.2690641294244989,
    "final_f1_std": 0.0,
    "best_f1_mean": 0.2690641294244989,
    "best_f1_std": 0.0,
    "n_seeds": 1,
    "seeds": [
      456
    ],
    "avg_train_time_per_round": 4.102250552177429,
    "total_train_time": 41.02250552177429,
    "peak_gpu_memory_mb": 228.67529296875,
    "avg_query_time": 0.05870795249938965,
    "total_query_time": 0.5870795249938965,
    "n_human_labeled_mean": [
      100.0,
      200.0,
      300.0,
      400.0,
      500.0,
      600.0,
      700.0,
      800.0,
      900.0,
      1000.0
    ],
    "total_pseudo_labeled": 1551
  },
  "class_aware_entropy": {
    "f1_mean": [
      0.08621597627391578,
      0.10023603147125652,
      0.0886983436047311,
      0.1214039373377354,
      0.14822803944787238,
      0.17265591506166045,
      0.1792358529379672,
      0.20537521727709046,
      0.24703459840969275,
      0.2515870004638653
    ],
    "f1_std": [
      0.0,
      0.0,
      0.0,
      0.0,
      0.0,
      0.0,
      0.0,
      0.0,
      0.0,
      0.0
    ],
    "acc_mean": [
      0.181,
      0.1966,
      0.1929,
      0.2152,
      0.2317,
      0.2594,
      0.2597,
      0.287,
      0.3245,
      0.334
    ],
    "acc_std": [
      0.0,
      0.0,
      0.0,
      0.0,
      0.0,
      0.0,
      0.0,
      0.0,
      0.0,
      0.0
    ],
    "final_f1_mean": 0.2515870004638653,
    "final_f1_std": 0.0,
    "best_f1_mean": 0.2515870004638653,
    "best_f1_std": 0.0,
    "n_seeds": 1,
    "seeds": [
      456
    ],
    "avg_train_time_per_round": 4.598462748527527,
    "total_train_time": 45.98462748527527,
    "peak_gpu_memory_mb": 228.80224609375,
    "avg_query_time": 0.05975427627563477,
    "total_query_time": 0.5975427627563477,
    "n_human_labeled_mean": [
      100.0,
      200.0,
      300.0,
      400.0,
      500.0,
      600.0,
      700.0,
      800.0,
      900.0,
      1000.0
    ],
    "total_pseudo_labeled": 1231
  },
  "gap_aware_entropy": {
    "f1_mean": [
      0.08621597627391578,
      0.10073471203205808,
      0.08433451184732114,
      0.12796733218722195,
      0.10229821530777206,
      0.1509916909258929,
      0.21406098084023992,
      0.2373267203746076,
      0.2571983217986975,
      0.27559785472026377
    ],
    "f1_std": [
      0.0,
      0.0,
      0.0,
      0.0,
      0.0,
      0.0,
      0.0,
      0.0,
      0.0,
      0.0
    ],
    "acc_mean": [
      0.181,
      0.1965,
      0.1887,
      0.2182,
      0.2071,
      0.2403,
      0.2826,
      0.303,
      0.3323,
      0.3446
    ],
    "acc_std": [
      0.0,
      0.0,
      0.0,
      0.0,
      0.0,
      0.0,
      0.0,
      0.0,
      0.0,
      0.0
    ],
    "final_f1_mean": 0.27559785472026377,
    "final_f1_std": 0.0,
    "best_f1_mean": 0.27559785472026377,
    "best_f1_std": 0.0,
    "n_seeds": 1,
    "seeds": [
      456
    ],
    "avg_train_time_per_round": 4.315134763717651,
    "total_train_time": 43.151347637176514,
    "peak_gpu_memory_mb": 228.67529296875,
    "avg_query_time": 0.05866577625274658,
    "total_query_time": 0.5866577625274658,
    "n_human_labeled_mean": [
      100.0,
      200.0,
      300.0,
      400.0,
      500.0,
      600.0,
      700.0,
      800.0,
      900.0,
      1000.0
    ],
    "total_pseudo_labeled": 1450
  },
  "full_supervision": {
    "accuracy": 0.6137,
    "f1": 0.5735471458988316,
    "train_time": 157.70894813537598,
    "gpu_memory_mb": 134.19287109375,
    "epochs": 50
  }
}