{
  "dataset": "cifar10",
  "rho": 10,
  "strategy": "entropy",
  "seed": 1024,
  "use_ssl": false,
  "config": {
    "n_initial": 100,
    "n_query": 100,
    "n_rounds": 10,
    "n_epochs": 5,
    "model_type": "simplecnn"
  },
  "f1_scores": [
    0.06648400812499952,
    0.10961269491798901,
    0.15504971584404986,
    0.1595747510103791,
    0.21142375174979477,
    0.2623777771465071,
    0.26081724038247944,
    0.250586708953099,
    0.26810078386308933,
    0.3054025323802193
  ],
  "accuracies": [
    0.1387,
    0.1787,
    0.2083,
    0.2321,
    0.258,
    0.3073,
    0.3047,
    0.3067,
    0.3147,
    0.3461
  ],
  "n_labeled": [
    100,
    200,
    300,
    400,
    500,
    600,
    700,
    800,
    900,
    1000
  ],
  "per_class_f1_final": {
    "0": 0.33748960931005817,
    "1": 0.5228951255539143,
    "2": 0.2332155477031802,
    "3": 0.13258636788048553,
    "4": 0.7577639751552795,
    "5": 0.02566633761105627,
    "6": 0.8116458704694,
    "7": 0.544395924308588,
    "8": 0.4591679506933744,
    "9": 0.8405797101449275
  }
}