{
  "dataset": "cifar10",
  "rho": 50,
  "strategy": "random",
  "seed": 789,
  "use_ssl": false,
  "config": {
    "n_initial": 100,
    "n_query": 100,
    "n_rounds": 10,
    "n_epochs": 5,
    "model_type": "simplecnn"
  },
  "f1_scores": [
    0.0829424101945318,
    0.06014118691911617,
    0.11968338982667512,
    0.12716602704006386,
    0.13295007184301263,
    0.15179904831796145,
    0.15080651606390444,
    0.17927681175510907,
    0.18603847269404364,
    0.160095431485768
  ],
  "accuracies": [
    0.1719,
    0.1392,
    0.2189,
    0.2281,
    0.2256,
    0.2411,
    0.2541,
    0.2638,
    0.2813,
    0.262
  ],
  "n_labeled": [
    100,
    200,
    300,
    400,
    500,
    600,
    700,
    800,
    900,
    1000
  ],
  "per_class_f1_final": {
    "0": 0.0,
    "1": 0.46977811782708495,
    "2": 0.015873015873015872,
    "3": 0.0,
    "4": 0.678996036988111,
    "5": 0.0,
    "6": 0.9545216936748563,
    "7": 0.0988593155893536,
    "8": 0.031496062992125984,
    "9": 0.8938053097345133
  }
}