{
  "dataset": "cifar10",
  "rho": 100,
  "strategy": "random",
  "seed": 789,
  "use_ssl": false,
  "config": {
    "n_initial": 100,
    "n_query": 100,
    "n_rounds": 10,
    "n_epochs": 5,
    "model_type": "simplecnn"
  },
  "f1_scores": [
    0.08083889143941785,
    0.08988186294021105,
    0.07002149014177364,
    0.09394841281466233,
    0.09215799521212649,
    0.1259173326930271,
    0.12196685053226648,
    0.12898469039547816,
    0.1390894872826899,
    0.1531856659177125
  ],
  "accuracies": [
    0.1736,
    0.192,
    0.1603,
    0.2026,
    0.1998,
    0.2376,
    0.2358,
    0.2354,
    0.2434,
    0.2564
  ],
  "n_labeled": [
    100,
    200,
    300,
    400,
    500,
    600,
    700,
    800,
    900,
    1000
  ],
  "per_class_f1_final": {
    "0": 0.0,
    "1": 0.215878679750223,
    "2": 0.1042654028436019,
    "3": 0.0,
    "4": 0.7413467589679044,
    "5": 0.0,
    "6": 0.9118607181719259,
    "7": 0.1042654028436019,
    "8": 0.017839444995044598,
    "9": 0.9457037427517132
  }
}