{
  "dataset": "cifar10",
  "rho": 100,
  "strategy": "margin",
  "seed": 789,
  "use_ssl": false,
  "config": {
    "n_initial": 100,
    "n_query": 100,
    "n_rounds": 10,
    "n_epochs": 5,
    "model_type": "simplecnn"
  },
  "f1_scores": [
    0.07293782833891839,
    0.079480535777041,
    0.1005643027536622,
    0.10751686373646012,
    0.12340925193924357,
    0.13256294266405547,
    0.15953606620408564,
    0.159014854257966,
    0.14137749876262973,
    0.16360072071217163
  ],
  "accuracies": [
    0.1567,
    0.1711,
    0.2097,
    0.2067,
    0.2189,
    0.228,
    0.2525,
    0.2533,
    0.246,
    0.2564
  ],
  "n_labeled": [
    100,
    200,
    300,
    400,
    500,
    600,
    700,
    800,
    900,
    1000
  ],
  "per_class_f1_final": {
    "0": 0.0,
    "1": 0.3429991714995857,
    "2": 0.06201550387596899,
    "3": 0.0,
    "4": 0.615916955017301,
    "5": 0.0,
    "6": 0.9572471324296141,
    "7": 0.19981998199819984,
    "8": 0.015873015873015872,
    "9": 0.9136338946224878
  }
}