{
  "dataset": "cifar10",
  "rho": 50,
  "strategy": "tail_aware_entropy",
  "seed": 789,
  "use_ssl": false,
  "config": {
    "n_initial": 100,
    "n_query": 100,
    "n_rounds": 10,
    "n_epochs": 5,
    "model_type": "simplecnn"
  },
  "f1_scores": [
    0.03719792994454282,
    0.10148597248562723,
    0.16017368188001685,
    0.19002540489193007,
    0.18264461020281758,
    0.19760719001691734,
    0.20211935195624275,
    0.1857311855378079,
    0.19072465348792572,
    0.1921275174894976
  ],
  "accuracies": [
    0.1114,
    0.1655,
    0.2284,
    0.2659,
    0.2518,
    0.2647,
    0.2823,
    0.2617,
    0.2611,
    0.2699
  ],
  "n_labeled": [
    100,
    200,
    300,
    400,
    500,
    600,
    700,
    800,
    900,
    1000
  ],
  "per_class_f1_final": {
    "0": 0.0,
    "1": 0.319327731092437,
    "2": 0.19004524886877827,
    "3": 0.0,
    "4": 0.28178694158075607,
    "5": 0.0,
    "6": 0.9727786337955828,
    "7": 0.017839444995044598,
    "8": 0.6902423051735429,
    "9": 0.8616960728514513
  }
}