{
  "dataset": "cifar10",
  "rho": 100,
  "strategy": "adaptive_gap_entropy",
  "seed": 789,
  "use_ssl": false,
  "config": {
    "n_initial": 100,
    "n_query": 100,
    "n_rounds": 10,
    "n_epochs": 5,
    "model_type": "simplecnn"
  },
  "f1_scores": [
    0.07991184023130667,
    0.12349221626934925,
    0.14611559479605707,
    0.12747140596097198,
    0.16453038140356882,
    0.17704513339595943,
    0.1876027132810492,
    0.208680004365686,
    0.17634398356139294,
    0.20874998273516132
  ],
  "accuracies": [
    0.1636,
    0.2023,
    0.2254,
    0.2055,
    0.2397,
    0.2511,
    0.2662,
    0.2729,
    0.2375,
    0.2713
  ],
  "n_labeled": [
    100,
    200,
    300,
    400,
    500,
    600,
    700,
    800,
    900,
    1000
  ],
  "per_class_f1_final": {
    "0": 0.0,
    "1": 0.3402489626556016,
    "2": 0.18511796733212338,
    "3": 0.0,
    "4": 0.27288428324697755,
    "5": 0.0,
    "6": 0.9769820971867007,
    "7": 0.319327731092437,
    "8": 0.5052316890881914,
    "9": 0.8687782805429864
  }
}