{
  "dataset": "cifar10",
  "rho": 50,
  "strategy": "random",
  "seed": 42,
  "use_ssl": false,
  "config": {
    "n_initial": 100,
    "n_query": 100,
    "n_rounds": 10,
    "n_epochs": 5,
    "model_type": "simplecnn"
  },
  "f1_scores": [
    0.09837662184744742,
    0.10792148352433002,
    0.0811536440178962,
    0.09775097950963277,
    0.12703285602078848,
    0.12020507611422682,
    0.12302273281515404,
    0.13422574432510515,
    0.12581164551798307,
    0.15130042115813205
  ],
  "accuracies": [
    0.1785,
    0.1748,
    0.1777,
    0.1955,
    0.2236,
    0.2208,
    0.2219,
    0.2432,
    0.2284,
    0.2587
  ],
  "n_labeled": [
    100,
    200,
    300,
    400,
    500,
    600,
    700,
    800,
    900,
    1000
  ],
  "per_class_f1_final": {
    "0": 0.0,
    "1": 0.5239852398523985,
    "2": 0.054474708171206226,
    "3": 0.0,
    "4": 0.6824769433465085,
    "5": 0.0,
    "6": 0.9333333333333333,
    "7": 0.005982053838484547,
    "8": 0.0,
    "9": 0.8931931377974545
  }
}