{
  "dataset": "cifar10",
  "rho": 100,
  "strategy": "margin",
  "seed": 456,
  "use_ssl": false,
  "config": {
    "n_initial": 100,
    "n_query": 100,
    "n_rounds": 10,
    "n_epochs": 5,
    "model_type": "simplecnn"
  },
  "f1_scores": [
    0.08080232545004437,
    0.08469374694127736,
    0.09821724257698432,
    0.09183600868673397,
    0.1365077445719196,
    0.1797083077771579,
    0.16221392812926005,
    0.17851273329345388,
    0.19588175387287898,
    0.22140038827187475
  ],
  "accuracies": [
    0.1827,
    0.186,
    0.2022,
    0.2045,
    0.2356,
    0.265,
    0.2494,
    0.2765,
    0.2838,
    0.2964
  ],
  "n_labeled": [
    100,
    200,
    300,
    400,
    500,
    600,
    700,
    800,
    900,
    1000
  ],
  "per_class_f1_final": {
    "0": 0.0,
    "1": 0.5250737463126844,
    "2": 0.0988593155893536,
    "3": 0.0,
    "4": 0.5915492957746479,
    "5": 0.0,
    "6": 0.9550679205851619,
    "7": 0.16007359705611776,
    "8": 0.5401459854014599,
    "9": 0.8681380871533674
  }
}