{
  "dataset": "cifar10",
  "rho": 100,
  "strategy": "random",
  "seed": 42,
  "use_ssl": false,
  "config": {
    "n_initial": 100,
    "n_query": 100,
    "n_rounds": 10,
    "n_epochs": 5,
    "model_type": "simplecnn"
  },
  "f1_scores": [
    0.08468694563493306,
    0.07679994156859915,
    0.09158891475392919,
    0.1066439308161907,
    0.11003500241788892,
    0.09706556747275526,
    0.10284513727547025,
    0.1129015473398522,
    0.10625642656841401,
    0.13002694029077866
  ],
  "accuracies": [
    0.1791,
    0.168,
    0.1939,
    0.2181,
    0.2204,
    0.1968,
    0.2154,
    0.2259,
    0.2183,
    0.2339
  ],
  "n_labeled": [
    100,
    200,
    300,
    400,
    500,
    600,
    700,
    800,
    900,
    1000
  ],
  "per_class_f1_final": {
    "0": 0.0,
    "1": 0.20305480682839175,
    "2": 0.0,
    "3": 0.0,
    "4": 0.610145934676859,
    "5": 0.0,
    "6": 0.9417989417989417,
    "7": 0.04878048780487806,
    "8": 0.063891577928364,
    "9": 0.9130434782608696
  }
}