{
  "dataset": "cifar10",
  "rho": 50,
  "strategy": "random",
  "seed": 1024,
  "use_ssl": false,
  "config": {
    "n_initial": 100,
    "n_query": 100,
    "n_rounds": 10,
    "n_epochs": 5,
    "model_type": "simplecnn"
  },
  "f1_scores": [
    0.0738744019944337,
    0.04842339878778572,
    0.09264671029573028,
    0.06973446874370533,
    0.10034253496132521,
    0.10539845242704829,
    0.10916146471727828,
    0.13029691465714843,
    0.12744591079245068,
    0.14586576033856904
  ],
  "accuracies": [
    0.1737,
    0.1315,
    0.1972,
    0.1782,
    0.2048,
    0.2127,
    0.2271,
    0.2404,
    0.2265,
    0.2455
  ],
  "n_labeled": [
    100,
    200,
    300,
    400,
    500,
    600,
    700,
    800,
    900,
    1000
  ],
  "per_class_f1_final": {
    "0": 0.0,
    "1": 0.2563208369659982,
    "2": 0.063891577928364,
    "3": 0.0,
    "4": 0.6824769433465085,
    "5": 0.0,
    "6": 0.9281886387995713,
    "7": 0.011928429423459244,
    "8": 0.09705042816365367,
    "9": 0.9094874591057797
  }
}