{
  "dataset": "cifar10",
  "rho": 100,
  "strategy": "adaptive_gap_entropy",
  "seed": 456,
  "use_ssl": false,
  "config": {
    "n_initial": 100,
    "n_query": 100,
    "n_rounds": 10,
    "n_epochs": 5,
    "model_type": "simplecnn"
  },
  "f1_scores": [
    0.08236533770732392,
    0.11837022048382569,
    0.14308408259521332,
    0.16533513270383063,
    0.16883820370922403,
    0.18017436166166972,
    0.15616696340108094,
    0.19285253224152218,
    0.19637856108150267,
    0.21006858834019146
  ],
  "accuracies": [
    0.177,
    0.2079,
    0.2394,
    0.2497,
    0.2562,
    0.2548,
    0.2354,
    0.2636,
    0.2612,
    0.2786
  ],
  "n_labeled": [
    100,
    200,
    300,
    400,
    500,
    600,
    700,
    800,
    900,
    1000
  ],
  "per_class_f1_final": {
    "0": 0.0,
    "1": 0.2713915298184961,
    "2": 0.2378854625550661,
    "3": 0.0,
    "4": 0.5390796201607012,
    "5": 0.0,
    "6": 0.94681411269089,
    "7": 0.14298978644382546,
    "8": 0.6459038591740014,
    "9": 0.8031119090365051
  }
}