{
  "dataset": "cifar10",
  "rho": 10,
  "strategy": "entropy",
  "seed": 456,
  "use_ssl": false,
  "config": {
    "n_initial": 100,
    "n_query": 100,
    "n_rounds": 10,
    "n_epochs": 5,
    "model_type": "simplecnn"
  },
  "f1_scores": [
    0.08637252619828446,
    0.13665678103875942,
    0.2053834818743865,
    0.197587324454305,
    0.24934084679288845,
    0.23044763027843027,
    0.2742691264962386,
    0.279870253442967,
    0.2682137958179894,
    0.2568534031421168
  ],
  "accuracies": [
    0.1823,
    0.1969,
    0.2518,
    0.2556,
    0.2974,
    0.2949,
    0.3199,
    0.3232,
    0.3153,
    0.3112
  ],
  "n_labeled": [
    100,
    200,
    300,
    400,
    500,
    600,
    700,
    800,
    900,
    1000
  ],
  "per_class_f1_final": {
    "0": 0.06201550387596899,
    "1": 0.5041136873597607,
    "2": 0.3416252072968491,
    "3": 0.0019980019980019984,
    "4": 0.5855728429985856,
    "5": 0.019801980198019802,
    "6": 0.8738738738738739,
    "7": 0.2547993019197208,
    "8": 0.6833443054641211,
    "9": 0.8031119090365051
  }
}