{
  "dataset": "cifar10",
  "rho": 50,
  "strategy": "entropy",
  "seed": 123,
  "use_ssl": false,
  "config": {
    "n_initial": 100,
    "n_query": 100,
    "n_rounds": 10,
    "n_epochs": 5,
    "model_type": "simplecnn"
  },
  "f1_scores": [
    0.13314500247377264,
    0.06678067316570681,
    0.10547030074077343,
    0.14929743261351458,
    0.12763748431520988,
    0.13968686136211864,
    0.17494420748716338,
    0.18014875240490746,
    0.179634830347421,
    0.17362646357029546
  ],
  "accuracies": [
    0.2119,
    0.173,
    0.182,
    0.2244,
    0.2179,
    0.2234,
    0.2511,
    0.2641,
    0.2677,
    0.251
  ],
  "n_labeled": [
    100,
    200,
    300,
    400,
    500,
    600,
    700,
    800,
    900,
    1000
  ],
  "per_class_f1_final": {
    "0": 0.0,
    "1": 0.2332155477031802,
    "2": 0.2608695652173913,
    "3": 0.0019980019980019984,
    "4": 0.1078524124881741,
    "5": 0.023715415019762848,
    "6": 0.9754098360655737,
    "7": 0.02955665024630542,
    "8": 0.5601151907847373,
    "9": 0.889505830094392
  }
}