{
  "dataset": "cifar10",
  "rho": 100,
  "strategy": "entropy",
  "seed": 789,
  "use_ssl": false,
  "config": {
    "n_initial": 100,
    "n_query": 100,
    "n_rounds": 10,
    "n_epochs": 5,
    "model_type": "simplecnn"
  },
  "f1_scores": [
    0.08495965810685638,
    0.11317143343260445,
    0.1274092055060077,
    0.1408989014839491,
    0.17926750141488373,
    0.17718487594761348,
    0.16887047965646812,
    0.19030299775696502,
    0.18556903310254427,
    0.19296030527789435
  ],
  "accuracies": [
    0.1723,
    0.1975,
    0.2164,
    0.2223,
    0.2547,
    0.246,
    0.244,
    0.2589,
    0.2604,
    0.2652
  ],
  "n_labeled": [
    100,
    200,
    300,
    400,
    500,
    600,
    700,
    800,
    900,
    1000
  ],
  "per_class_f1_final": {
    "0": 0.0,
    "1": 0.4012789768185452,
    "2": 0.14298978644382546,
    "3": 0.0,
    "4": 0.3443708609271523,
    "5": 0.0,
    "6": 0.9588755856324831,
    "7": 0.07507218479307026,
    "8": 0.5029940119760479,
    "9": 0.8998899889988998
  }
}