{
  "dataset": "cifar10",
  "rho": 10,
  "strategy": "random",
  "seed": 123,
  "use_ssl": false,
  "config": {
    "n_initial": 100,
    "n_query": 100,
    "n_rounds": 10,
    "n_epochs": 5,
    "model_type": "simplecnn"
  },
  "f1_scores": [
    0.07686704370122074,
    0.08028344108043589,
    0.12678159263679017,
    0.11803700512970128,
    0.18802002756163455,
    0.2444764401923923,
    0.24331876775953906,
    0.2778742248498801,
    0.275852870721495,
    0.324414270103564
  ],
  "accuracies": [
    0.153,
    0.1729,
    0.2108,
    0.2103,
    0.2655,
    0.305,
    0.3034,
    0.3261,
    0.3285,
    0.3655
  ],
  "n_labeled": [
    100,
    200,
    300,
    400,
    500,
    600,
    700,
    800,
    900,
    1000
  ],
  "per_class_f1_final": {
    "0": 0.38318512530315274,
    "1": 0.6910994764397906,
    "2": 0.38318512530315274,
    "3": 0.054474708171206226,
    "4": 0.7129987129987131,
    "5": 0.0,
    "6": 0.8492520138089759,
    "7": 0.4905660377358491,
    "8": 0.4825493171471927,
    "9": 0.8158673771462402
  }
}