{
  "dataset": "cifar10",
  "rho": 100,
  "strategy": "entropy",
  "seed": 123,
  "use_ssl": false,
  "config": {
    "n_initial": 100,
    "n_query": 100,
    "n_rounds": 10,
    "n_epochs": 5,
    "model_type": "simplecnn"
  },
  "f1_scores": [
    0.0730478031769709,
    0.07023384351592087,
    0.09250687426030033,
    0.09488964845771801,
    0.14003806736516355,
    0.15204469593123324,
    0.13552967283434478,
    0.15895285706932055,
    0.16501812235248495,
    0.17554553956159308
  ],
  "accuracies": [
    0.1753,
    0.1717,
    0.1921,
    0.1977,
    0.2268,
    0.2502,
    0.2214,
    0.2468,
    0.2461,
    0.2489
  ],
  "n_labeled": [
    100,
    200,
    300,
    400,
    500,
    600,
    700,
    800,
    900,
    1000
  ],
  "per_class_f1_final": {
    "0": 0.0,
    "1": 0.3429991714995857,
    "2": 0.2638888888888889,
    "3": 0.0,
    "4": 0.28030954428202925,
    "5": 0.0,
    "6": 0.982706002034588,
    "7": 0.0897803247373448,
    "8": 0.2713915298184961,
    "9": 0.8857938718662953
  }
}