{
  "dataset": "cifar10",
  "rho": 50,
  "strategy": "tail_aware_entropy",
  "seed": 42,
  "use_ssl": false,
  "config": {
    "n_initial": 100,
    "n_query": 100,
    "n_rounds": 10,
    "n_epochs": 5,
    "model_type": "simplecnn"
  },
  "f1_scores": [
    0.09341645189744702,
    0.07872510561901461,
    0.11133647486253526,
    0.16134380292955472,
    0.19214531570359453,
    0.21496025869233154,
    0.19988421031324727,
    0.21108552375079664,
    0.22369530255914452,
    0.28145286607880093
  ],
  "accuracies": [
    0.1754,
    0.1818,
    0.2006,
    0.2381,
    0.2632,
    0.2861,
    0.2778,
    0.2914,
    0.2932,
    0.346
  ],
  "n_labeled": [
    100,
    200,
    300,
    400,
    500,
    600,
    700,
    800,
    900,
    1000
  ],
  "per_class_f1_final": {
    "0": 0.0,
    "1": 0.5315712187958883,
    "2": 0.24561403508771928,
    "3": 0.00796812749003984,
    "4": 0.7038237200259235,
    "5": 0.019801980198019802,
    "6": 0.877665544332211,
    "7": 0.432601880877743,
    "8": 0.7341772151898733,
    "9": 0.8649262202043133
  }
}