{
  "dataset": "cifar10",
  "rho": 50,
  "strategy": "entropy",
  "seed": 42,
  "use_ssl": false,
  "config": {
    "n_initial": 100,
    "n_query": 100,
    "n_rounds": 10,
    "n_epochs": 5,
    "model_type": "simplecnn"
  },
  "f1_scores": [
    0.0981525998155492,
    0.10511559663406253,
    0.11630057110104189,
    0.1351931294140661,
    0.1791265651300357,
    0.21191308809221726,
    0.19837392264586878,
    0.15373460043139092,
    0.17060173190381342,
    0.24248536972270257
  ],
  "accuracies": [
    0.1742,
    0.2022,
    0.204,
    0.2259,
    0.2513,
    0.2828,
    0.2837,
    0.2399,
    0.2567,
    0.3098
  ],
  "n_labeled": [
    100,
    200,
    300,
    400,
    500,
    600,
    700,
    800,
    900,
    1000
  ],
  "per_class_f1_final": {
    "0": 0.0,
    "1": 0.4996249062265567,
    "2": 0.16345270890725436,
    "3": 0.009950248756218907,
    "4": 0.7204094689699295,
    "5": 0.00796812749003984,
    "6": 0.8870339454646633,
    "7": 0.2978723404255319,
    "8": 0.5063480209111277,
    "9": 0.8857938718662953
  }
}