{
  "dataset": "cifar10",
  "rho": 10,
  "strategy": "adaptive_gap_entropy",
  "seed": 1024,
  "use_ssl": false,
  "config": {
    "n_initial": 100,
    "n_query": 100,
    "n_rounds": 10,
    "n_epochs": 5,
    "model_type": "simplecnn"
  },
  "f1_scores": [
    0.09431101887039225,
    0.10536849736149585,
    0.1610782968587306,
    0.1799092111786016,
    0.20945259647070813,
    0.24787135301862087,
    0.28396748961532925,
    0.29335501518839696,
    0.32535085111275175,
    0.33244094164207466
  ],
  "accuracies": [
    0.1556,
    0.1699,
    0.2075,
    0.2498,
    0.2736,
    0.2923,
    0.3117,
    0.3253,
    0.3475,
    0.3557
  ],
  "n_labeled": [
    100,
    200,
    300,
    400,
    500,
    600,
    700,
    800,
    900,
    1000
  ],
  "per_class_f1_final": {
    "0": 0.3108108108108108,
    "1": 0.46860643185298617,
    "2": 0.18840579710144925,
    "3": 0.09523809523809523,
    "4": 0.7365761212886923,
    "5": 0.28620394173093405,
    "6": 0.7760097919216646,
    "7": 0.5130111524163569,
    "8": 0.6970684039087948,
    "9": 0.7864077669902912
  }
}