{
  "dataset": "cifar10",
  "rho": 50,
  "strategy": "adaptive_gap_entropy",
  "seed": 456,
  "use_ssl": false,
  "config": {
    "n_initial": 100,
    "n_query": 100,
    "n_rounds": 10,
    "n_epochs": 5,
    "model_type": "simplecnn"
  },
  "f1_scores": [
    0.0857995712336627,
    0.12249247764097515,
    0.13359960455944175,
    0.14801603479415526,
    0.17185263544601861,
    0.20351900946714285,
    0.20026283207925016,
    0.1926554885558688,
    0.19552186836606253,
    0.2502131670965203
  ],
  "accuracies": [
    0.1802,
    0.2155,
    0.2089,
    0.2212,
    0.2463,
    0.2701,
    0.2731,
    0.2714,
    0.2784,
    0.3189
  ],
  "n_labeled": [
    100,
    200,
    300,
    400,
    500,
    600,
    700,
    800,
    900,
    1000
  ],
  "per_class_f1_final": {
    "0": 0.0,
    "1": 0.4038308060654429,
    "2": 0.22695035460992907,
    "3": 0.0,
    "4": 0.7381703470031545,
    "5": 0.054474708171206226,
    "6": 0.9065062875888463,
    "7": 0.22695035460992907,
    "8": 0.650472334682861,
    "9": 0.8616960728514513
  }
}