{
  "dataset": "cifar10",
  "rho": 10,
  "strategy": "margin",
  "seed": 789,
  "use_ssl": false,
  "config": {
    "n_initial": 100,
    "n_query": 100,
    "n_rounds": 10,
    "n_epochs": 5,
    "model_type": "simplecnn"
  },
  "f1_scores": [
    0.0992860360054583,
    0.08667593441765997,
    0.15812193502732377,
    0.17553150923631336,
    0.1950986456371836,
    0.21279526091820955,
    0.22738915357904615,
    0.2747756527396682,
    0.25450639223362453,
    0.27835887775727325
  ],
  "accuracies": [
    0.162,
    0.187,
    0.2147,
    0.2486,
    0.259,
    0.2844,
    0.294,
    0.3317,
    0.3163,
    0.3398
  ],
  "n_labeled": [
    100,
    200,
    300,
    400,
    500,
    600,
    700,
    800,
    900,
    1000
  ],
  "per_class_f1_final": {
    "0": 0.019801980198019802,
    "1": 0.5865724381625441,
    "2": 0.2920580700256191,
    "3": 0.013902681231380339,
    "4": 0.6604152712659076,
    "5": 0.021760633036597428,
    "6": 0.8499137435307649,
    "7": 0.4591679506933744,
    "8": 0.6684420772303595,
    "9": 0.8558352402745996
  }
}