{
  "dataset": "cifar10",
  "rho": 50,
  "strategy": "random",
  "seed": 456,
  "use_ssl": false,
  "config": {
    "n_initial": 100,
    "n_query": 100,
    "n_rounds": 10,
    "n_epochs": 5,
    "model_type": "simplecnn"
  },
  "f1_scores": [
    0.08814055387275124,
    0.08807545084629166,
    0.13981166079723162,
    0.12055615310088497,
    0.14202877307839645,
    0.14961192855032246,
    0.16939945671923534,
    0.16122305682287763,
    0.13677594114178432,
    0.19487603433438772
  ],
  "accuracies": [
    0.1769,
    0.1761,
    0.2205,
    0.2118,
    0.232,
    0.2342,
    0.2515,
    0.2471,
    0.2339,
    0.2788
  ],
  "n_labeled": [
    100,
    200,
    300,
    400,
    500,
    600,
    700,
    800,
    900,
    1000
  ],
  "per_class_f1_final": {
    "0": 0.0,
    "1": 0.5304922850844966,
    "2": 0.08429118773946359,
    "3": 0.0,
    "4": 0.7269255251432208,
    "5": 0.0,
    "6": 0.9041095890410958,
    "7": 0.12206572769953053,
    "8": 0.2905982905982906,
    "9": 0.8584474885844748
  }
}