{
  "dataset": "cifar10",
  "rho": 100,
  "strategy": "adaptive_gap_entropy",
  "seed": 1024,
  "use_ssl": false,
  "config": {
    "n_initial": 100,
    "n_query": 100,
    "n_rounds": 10,
    "n_epochs": 5,
    "model_type": "simplecnn"
  },
  "f1_scores": [
    0.10861509890355821,
    0.09770572270675211,
    0.09587977336125734,
    0.11921678925935422,
    0.13390709152276445,
    0.17890407099958122,
    0.15828363159386136,
    0.17403601196326962,
    0.17759207783576364,
    0.18918565479171862
  ],
  "accuracies": [
    0.1907,
    0.2009,
    0.184,
    0.2021,
    0.2215,
    0.2595,
    0.2402,
    0.25,
    0.2577,
    0.2683
  ],
  "n_labeled": [
    100,
    200,
    300,
    400,
    500,
    600,
    700,
    800,
    900,
    1000
  ],
  "per_class_f1_final": {
    "0": 0.0,
    "1": 0.3579638752052545,
    "2": 0.031496062992125984,
    "3": 0.0,
    "4": 0.5052316890881914,
    "5": 0.0,
    "6": 0.9429175475687104,
    "7": 0.0787704130643612,
    "8": 0.5465116279069768,
    "9": 0.889505830094392
  }
}