{
  "dataset": "cifar10",
  "rho": 100,
  "strategy": "entropy",
  "seed": 456,
  "use_ssl": false,
  "config": {
    "n_initial": 100,
    "n_query": 100,
    "n_rounds": 10,
    "n_epochs": 5,
    "model_type": "simplecnn"
  },
  "f1_scores": [
    0.08714329344062965,
    0.09790465006553126,
    0.16819234560129076,
    0.1610106432037625,
    0.13063217147755948,
    0.19063870467236632,
    0.1852008143862071,
    0.169986662177726,
    0.1629331823332809,
    0.1475380586872455
  ],
  "accuracies": [
    0.1822,
    0.1952,
    0.2476,
    0.249,
    0.2245,
    0.2709,
    0.2592,
    0.249,
    0.2444,
    0.2347
  ],
  "n_labeled": [
    100,
    200,
    300,
    400,
    500,
    600,
    700,
    800,
    900,
    1000
  ],
  "per_class_f1_final": {
    "0": 0.0,
    "1": 0.23943661971830985,
    "2": 0.021760633036597428,
    "3": 0.0,
    "4": 0.44236760124610586,
    "5": 0.0,
    "6": 0.9457037427517132,
    "7": 0.0,
    "8": 0.3122362869198312,
    "9": 0.9094874591057797
  }
}