{
  "dataset": "cifar10",
  "rho": 100,
  "strategy": "entropy",
  "seed": 1024,
  "use_ssl": false,
  "config": {
    "n_initial": 100,
    "n_query": 100,
    "n_rounds": 10,
    "n_epochs": 5,
    "model_type": "simplecnn"
  },
  "f1_scores": [
    0.08228281483877975,
    0.10692903114390262,
    0.06113165361163301,
    0.12203654306086635,
    0.14351398980956237,
    0.16136931235670046,
    0.1542478254742839,
    0.1623821304890402,
    0.15158428145954192,
    0.18080324316537175
  ],
  "accuracies": [
    0.1751,
    0.2013,
    0.1501,
    0.2154,
    0.2276,
    0.248,
    0.2373,
    0.2416,
    0.2312,
    0.2593
  ],
  "n_labeled": [
    100,
    200,
    300,
    400,
    500,
    600,
    700,
    800,
    900,
    1000
  ],
  "per_class_f1_final": {
    "0": 0.0,
    "1": 0.3922829581993569,
    "2": 0.10066476733143401,
    "3": 0.0,
    "4": 0.3443708609271523,
    "5": 0.0,
    "6": 0.970663921770458,
    "7": 0.009950248756218907,
    "8": 0.5063480209111277,
    "9": 0.8901220865704773
  }
}