{
  "dataset": "cifar10",
  "rho": 100,
  "strategy": "random",
  "seed": 1024,
  "use_ssl": false,
  "config": {
    "n_initial": 100,
    "n_query": 100,
    "n_rounds": 10,
    "n_epochs": 5,
    "model_type": "simplecnn"
  },
  "f1_scores": [
    0.09592980252828817,
    0.10285383950997548,
    0.0966034838972476,
    0.131527392865108,
    0.1603693943018321,
    0.14606888695448259,
    0.17172265289227023,
    0.1683862575864776,
    0.16228292896721713,
    0.15631355685223786
  ],
  "accuracies": [
    0.1903,
    0.2052,
    0.2023,
    0.2288,
    0.2552,
    0.2456,
    0.2606,
    0.2629,
    0.2536,
    0.2592
  ],
  "n_labeled": [
    100,
    200,
    300,
    400,
    500,
    600,
    700,
    800,
    900,
    1000
  ],
  "per_class_f1_final": {
    "0": 0.0,
    "1": 0.3263598326359833,
    "2": 0.18181818181818182,
    "3": 0.0,
    "4": 0.7220447284345047,
    "5": 0.0,
    "6": 0.9165763813651137,
    "7": 0.00796812749003984,
    "8": 0.005982053838484547,
    "9": 0.9350372736954206
  }
}