{
  "dataset": "cifar10",
  "rho": 50,
  "strategy": "adaptive_gap_entropy",
  "seed": 42,
  "use_ssl": false,
  "config": {
    "n_initial": 100,
    "n_query": 100,
    "n_rounds": 10,
    "n_epochs": 5,
    "model_type": "simplecnn"
  },
  "f1_scores": [
    0.08806148972721099,
    0.05884881257316114,
    0.12742249096913386,
    0.1950473525839696,
    0.18204032014500982,
    0.20915437725270158,
    0.2118206170179544,
    0.22875355511728324,
    0.23293093184933628,
    0.2254055245153494
  ],
  "accuracies": [
    0.1622,
    0.1552,
    0.1973,
    0.2595,
    0.2492,
    0.2783,
    0.2767,
    0.2951,
    0.2892,
    0.2944
  ],
  "n_labeled": [
    100,
    200,
    300,
    400,
    500,
    600,
    700,
    800,
    900,
    1000
  ],
  "per_class_f1_final": {
    "0": 0.0,
    "1": 0.32073887489504616,
    "2": 0.17184643510054842,
    "3": 0.003992015968063872,
    "4": 0.5673352435530087,
    "5": 0.003992015968063872,
    "6": 0.9327641408751334,
    "7": 0.2517482517482518,
    "8": 0.6413043478260869,
    "9": 0.8694177501413227
  }
}