{
  "dataset": "cifar10",
  "rho": 10,
  "strategy": "random",
  "seed": 456,
  "use_ssl": false,
  "config": {
    "n_initial": 100,
    "n_query": 100,
    "n_rounds": 10,
    "n_epochs": 5,
    "model_type": "simplecnn"
  },
  "f1_scores": [
    0.09612980121389884,
    0.10821859198725851,
    0.1554662225264115,
    0.18116877474281418,
    0.19947323933312872,
    0.22290860561264783,
    0.23417908694445955,
    0.2332321760654814,
    0.22246764552330603,
    0.24747252868159877
  ],
  "accuracies": [
    0.181,
    0.1693,
    0.2155,
    0.2563,
    0.2677,
    0.2924,
    0.2979,
    0.3069,
    0.2954,
    0.3016
  ],
  "n_labeled": [
    100,
    200,
    300,
    400,
    500,
    600,
    700,
    800,
    900,
    1000
  ],
  "per_class_f1_final": {
    "0": 0.058252427184466014,
    "1": 0.5107967237527923,
    "2": 0.2078853046594982,
    "3": 0.0,
    "4": 0.7523393636930754,
    "5": 0.0,
    "6": 0.7937273823884199,
    "7": 0.37925445705024313,
    "8": 0.445998445998446,
    "9": 0.8538681948424068
  }
}