{
  "dataset": "cifar10",
  "rho": 10,
  "strategy": "margin",
  "seed": 42,
  "use_ssl": false,
  "config": {
    "n_initial": 100,
    "n_query": 100,
    "n_rounds": 10,
    "n_epochs": 5,
    "model_type": "simplecnn"
  },
  "f1_scores": [
    0.14080133318940166,
    0.09296862329316391,
    0.20225777606147682,
    0.15231448742220105,
    0.24223229392985807,
    0.258859253299933,
    0.2726078295929492,
    0.2672906288507787,
    0.3004461682705066,
    0.2887364707812835
  ],
  "accuracies": [
    0.1872,
    0.1685,
    0.2467,
    0.2254,
    0.2898,
    0.3033,
    0.3219,
    0.3159,
    0.3412,
    0.3419
  ],
  "n_labeled": [
    100,
    200,
    300,
    400,
    500,
    600,
    700,
    800,
    900,
    1000
  ],
  "per_class_f1_final": {
    "0": 0.09523809523809523,
    "1": 0.5390796201607012,
    "2": 0.29931972789115646,
    "3": 0.003992015968063872,
    "4": 0.7639060568603214,
    "5": 0.021760633036597428,
    "6": 0.8499137435307649,
    "7": 0.4802431610942249,
    "8": 0.6187845303867404,
    "9": 0.8151658767772512
  }
}