{
  "dataset": "cifar10",
  "rho": 10,
  "strategy": "random",
  "seed": 1024,
  "use_ssl": false,
  "config": {
    "n_initial": 100,
    "n_query": 100,
    "n_rounds": 10,
    "n_epochs": 5,
    "model_type": "simplecnn"
  },
  "f1_scores": [
    0.08178886651843678,
    0.0794688784461979,
    0.1043881345307855,
    0.18015784214955333,
    0.2093006855032355,
    0.1992565220574461,
    0.24688683880514586,
    0.25540933348249345,
    0.26272959556695724,
    0.26496960127323926
  ],
  "accuracies": [
    0.1545,
    0.1539,
    0.1741,
    0.2616,
    0.2874,
    0.2816,
    0.316,
    0.3205,
    0.3281,
    0.3312
  ],
  "n_labeled": [
    100,
    200,
    300,
    400,
    500,
    600,
    700,
    800,
    900,
    1000
  ],
  "per_class_f1_final": {
    "0": 0.0916030534351145,
    "1": 0.5642498205312276,
    "2": 0.005982053838484547,
    "3": 0.0,
    "4": 0.781230956733699,
    "5": 0.0,
    "6": 0.8820570150922302,
    "7": 0.43627834245504304,
    "8": 0.6962190352020861,
    "9": 0.7699876998769988
  }
}