{
  "dataset": "cifar10",
  "rho": 50,
  "strategy": "tail_aware_entropy",
  "seed": 456,
  "use_ssl": false,
  "config": {
    "n_initial": 100,
    "n_query": 100,
    "n_rounds": 10,
    "n_epochs": 5,
    "model_type": "simplecnn"
  },
  "f1_scores": [
    0.05300263852242744,
    0.10058274129074973,
    0.11125316540050348,
    0.16304313055797243,
    0.14888384038757724,
    0.19709671858070762,
    0.2054114730182544,
    0.21593506081692881,
    0.2202102940910704,
    0.2653370916423922
  ],
  "accuracies": [
    0.1399,
    0.1835,
    0.1965,
    0.2388,
    0.223,
    0.2598,
    0.2706,
    0.2781,
    0.2836,
    0.3221
  ],
  "n_labeled": [
    100,
    200,
    300,
    400,
    500,
    600,
    700,
    800,
    900,
    1000
  ],
  "per_class_f1_final": {
    "0": 0.0,
    "1": 0.5304922850844966,
    "2": 0.23943661971830985,
    "3": 0.0,
    "4": 0.4177215189873418,
    "5": 0.044965786901270774,
    "6": 0.9395546129374337,
    "7": 0.48942598187311176,
    "8": 0.6693280106453758,
    "9": 0.8392338943702844
  }
}