{
  "dataset": "cifar10",
  "rho": 100,
  "strategy": "adaptive_gap_entropy",
  "seed": 42,
  "use_ssl": false,
  "config": {
    "n_initial": 100,
    "n_query": 100,
    "n_rounds": 10,
    "n_epochs": 5,
    "model_type": "simplecnn"
  },
  "f1_scores": [
    0.08155396782730377,
    0.1243842683186819,
    0.11900941549660046,
    0.14122704906690037,
    0.19007946008689308,
    0.18445502372860267,
    0.173268661514823,
    0.20328066096841974,
    0.15919342225086575,
    0.19628037681718563
  ],
  "accuracies": [
    0.1731,
    0.187,
    0.207,
    0.2225,
    0.2616,
    0.2578,
    0.2411,
    0.2772,
    0.2345,
    0.2756
  ],
  "n_labeled": [
    100,
    200,
    300,
    400,
    500,
    600,
    700,
    800,
    900,
    1000
  ],
  "per_class_f1_final": {
    "0": 0.0,
    "1": 0.5085756897837436,
    "2": 0.07135969141755062,
    "3": 0.0,
    "4": 0.42022116903633494,
    "5": 0.0,
    "6": 0.9534275248560963,
    "7": 0.0,
    "8": 0.6301369863013699,
    "9": 0.8512349224583572
  }
}