{
  "dataset": "cifar10",
  "rho": 50,
  "strategy": "margin",
  "seed": 1024,
  "use_ssl": false,
  "config": {
    "n_initial": 100,
    "n_query": 100,
    "n_rounds": 10,
    "n_epochs": 5,
    "model_type": "simplecnn"
  },
  "f1_scores": [
    0.08038243703570051,
    0.08754793921528878,
    0.0951710748520597,
    0.09497098628967449,
    0.10854231377687015,
    0.11988531557988527,
    0.15166891210061498,
    0.177226539548007,
    0.16002862058060568,
    0.17767740522649003
  ],
  "accuracies": [
    0.1768,
    0.1893,
    0.1983,
    0.1909,
    0.2049,
    0.2155,
    0.2481,
    0.2623,
    0.2493,
    0.266
  ],
  "n_labeled": [
    100,
    200,
    300,
    400,
    500,
    600,
    700,
    800,
    900,
    1000
  ],
  "per_class_f1_final": {
    "0": 0.0,
    "1": 0.5261606484893147,
    "2": 0.18676337262012693,
    "3": 0.0,
    "4": 0.6013986013986015,
    "5": 0.0,
    "6": 0.9517819706498952,
    "7": 0.12734082397003746,
    "8": 0.0,
    "9": 0.8851727982162765
  }
}