{
  "dataset": "cifar10",
  "rho": 100,
  "strategy": "margin",
  "seed": 123,
  "use_ssl": false,
  "config": {
    "n_initial": 100,
    "n_query": 100,
    "n_rounds": 10,
    "n_epochs": 5,
    "model_type": "simplecnn"
  },
  "f1_scores": [
    0.0913128615027741,
    0.05787904257482627,
    0.10297978739436034,
    0.10152870227961397,
    0.1213507150224884,
    0.11343369104623399,
    0.13497696428005984,
    0.16856561718161525,
    0.1682937890188398,
    0.1771344230671442
  ],
  "accuracies": [
    0.1806,
    0.159,
    0.1982,
    0.1971,
    0.2237,
    0.2075,
    0.2234,
    0.2577,
    0.2575,
    0.2598
  ],
  "n_labeled": [
    100,
    200,
    300,
    400,
    500,
    600,
    700,
    800,
    900,
    1000
  ],
  "per_class_f1_final": {
    "0": 0.0,
    "1": 0.41143764892772045,
    "2": 0.19004524886877827,
    "3": 0.0,
    "4": 0.6130374479889044,
    "5": 0.0,
    "6": 0.9429175475687104,
    "7": 0.044965786901270774,
    "8": 0.18016378525932666,
    "9": 0.8757729061270377
  }
}