{
  "dataset": "cifar10",
  "rho": 50,
  "strategy": "tail_aware_entropy",
  "seed": 123,
  "use_ssl": false,
  "config": {
    "n_initial": 100,
    "n_query": 100,
    "n_rounds": 10,
    "n_epochs": 5,
    "model_type": "simplecnn"
  },
  "f1_scores": [
    0.07091383544554385,
    0.07631355132793387,
    0.1584484679716373,
    0.17701203563353993,
    0.16667561728113706,
    0.14947716936684288,
    0.1658955641733845,
    0.17829709417726072,
    0.18884581025868985,
    0.18659636511747263
  ],
  "accuracies": [
    0.1605,
    0.1761,
    0.2347,
    0.2568,
    0.2463,
    0.2318,
    0.2505,
    0.2555,
    0.2573,
    0.2648
  ],
  "n_labeled": [
    100,
    200,
    300,
    400,
    500,
    600,
    700,
    800,
    900,
    1000
  ],
  "per_class_f1_final": {
    "0": 0.0,
    "1": 0.225377107364685,
    "2": 0.14126394052044608,
    "3": 0.00796812749003984,
    "4": 0.23943661971830985,
    "5": 0.0,
    "6": 0.9717223650385605,
    "7": 0.16176470588235292,
    "8": 0.6091794158553547,
    "9": 0.9094874591057797
  }
}