{
  "dataset": "cifar10",
  "rho": 100,
  "strategy": "random",
  "seed": 456,
  "use_ssl": false,
  "config": {
    "n_initial": 100,
    "n_query": 100,
    "n_rounds": 10,
    "n_epochs": 5,
    "model_type": "simplecnn"
  },
  "f1_scores": [
    0.08931803057311029,
    0.08789384723946306,
    0.09778207231183751,
    0.11007255906026703,
    0.12351631051325593,
    0.127960536545586,
    0.11578801089416275,
    0.12344349012828819,
    0.12625517675338138,
    0.16368734177771418
  ],
  "accuracies": [
    0.1932,
    0.1864,
    0.2037,
    0.207,
    0.2255,
    0.2333,
    0.2146,
    0.2379,
    0.2381,
    0.2537
  ],
  "n_labeled": [
    100,
    200,
    300,
    400,
    500,
    600,
    700,
    800,
    900,
    1000
  ],
  "per_class_f1_final": {
    "0": 0.0,
    "1": 0.5369422092172641,
    "2": 0.0,
    "3": 0.0,
    "4": 0.5337243401759532,
    "5": 0.0,
    "6": 0.9637305699481865,
    "7": 0.06576402321083172,
    "8": 0.13084112149532712,
    "9": 0.870694522868436
  }
}