{
  "dataset": "cifar10",
  "rho": 10,
  "strategy": "adaptive_gap_entropy",
  "seed": 42,
  "use_ssl": false,
  "config": {
    "n_initial": 100,
    "n_query": 100,
    "n_rounds": 10,
    "n_epochs": 5,
    "model_type": "simplecnn"
  },
  "f1_scores": [
    0.06011556718182787,
    0.1705876289929404,
    0.19655144228236457,
    0.23519793142738177,
    0.23680890758895007,
    0.26801529457984297,
    0.30644660429990433,
    0.3033274092825424,
    0.3140972648863883,
    0.3517416192366552
  ],
  "accuracies": [
    0.1326,
    0.2192,
    0.2318,
    0.2714,
    0.2753,
    0.3025,
    0.3241,
    0.3393,
    0.3436,
    0.3702
  ],
  "n_labeled": [
    100,
    200,
    300,
    400,
    500,
    600,
    700,
    800,
    900,
    1000
  ],
  "per_class_f1_final": {
    "0": 0.4313725490196079,
    "1": 0.658618376928236,
    "2": 0.30651989839119387,
    "3": 0.046875,
    "4": 0.5517740767559739,
    "5": 0.44479004665629857,
    "6": 0.8597491448118586,
    "7": 0.3525535420098847,
    "8": 0.7661937075879087,
    "9": 0.6440677966101694
  }
}