{
  "dataset": "cifar10",
  "rho": 10,
  "strategy": "entropy",
  "seed": 123,
  "use_ssl": false,
  "config": {
    "n_initial": 100,
    "n_query": 100,
    "n_rounds": 10,
    "n_epochs": 5,
    "model_type": "simplecnn"
  },
  "f1_scores": [
    0.09875077790822402,
    0.0908674322444238,
    0.17228085611341104,
    0.20891242372524915,
    0.21559931066249804,
    0.17962727135623027,
    0.2678674598338367,
    0.27315505268131235,
    0.2705290891965252,
    0.3009972728318959
  ],
  "accuracies": [
    0.1522,
    0.1906,
    0.2352,
    0.2632,
    0.2719,
    0.2472,
    0.3031,
    0.3146,
    0.314,
    0.3317
  ],
  "n_labeled": [
    100,
    200,
    300,
    400,
    500,
    600,
    700,
    800,
    900,
    1000
  ],
  "per_class_f1_final": {
    "0": 0.12558575445173384,
    "1": 0.5621854780733285,
    "2": 0.30938292476754015,
    "3": 0.1751824817518248,
    "4": 0.4239558707643814,
    "5": 0.17351598173515984,
    "6": 0.8801791713325868,
    "7": 0.555956678700361,
    "8": 0.5074626865671642,
    "9": 0.8269794721407624
  }
}