{
  "dataset": "cifar10",
  "rho": 100,
  "strategy": "margin",
  "seed": 1024,
  "use_ssl": false,
  "config": {
    "n_initial": 100,
    "n_query": 100,
    "n_rounds": 10,
    "n_epochs": 5,
    "model_type": "simplecnn"
  },
  "f1_scores": [
    0.09188676387042856,
    0.06347835049878184,
    0.08825663869103542,
    0.10764460486667711,
    0.11624741160083299,
    0.12637728460694983,
    0.14513123932973157,
    0.14501081963082332,
    0.10763272440915547,
    0.16818145781778254
  ],
  "accuracies": [
    0.1649,
    0.1536,
    0.1888,
    0.2023,
    0.2153,
    0.2345,
    0.2453,
    0.2424,
    0.2079,
    0.2611
  ],
  "n_labeled": [
    100,
    200,
    300,
    400,
    500,
    600,
    700,
    800,
    900,
    1000
  ],
  "per_class_f1_final": {
    "0": 0.0,
    "1": 0.4012789768185452,
    "2": 0.10964083175803403,
    "3": 0.0,
    "4": 0.6403806934058462,
    "5": 0.0,
    "6": 0.9539748953974896,
    "7": 0.013902681231380339,
    "8": 0.15498154981549817,
    "9": 0.9053092501368363
  }
}