{
  "dataset": "cifar10",
  "rho": 50,
  "strategy": "adaptive_gap_entropy",
  "seed": 1024,
  "use_ssl": false,
  "config": {
    "n_initial": 100,
    "n_query": 100,
    "n_rounds": 10,
    "n_epochs": 5,
    "model_type": "simplecnn"
  },
  "f1_scores": [
    0.08440826248111633,
    0.06439301275404036,
    0.11241715158391845,
    0.13099289505928352,
    0.14434259597762794,
    0.17574117111421422,
    0.18533612781269002,
    0.1850645405432032,
    0.1773352644408047,
    0.2173494244794003
  ],
  "accuracies": [
    0.1826,
    0.1612,
    0.2126,
    0.2198,
    0.2283,
    0.2575,
    0.262,
    0.2584,
    0.248,
    0.2944
  ],
  "n_labeled": [
    100,
    200,
    300,
    400,
    500,
    600,
    700,
    800,
    900,
    1000
  ],
  "per_class_f1_final": {
    "0": 0.0,
    "1": 0.5673352435530087,
    "2": 0.19494584837545126,
    "3": 0.0,
    "4": 0.5272459499263622,
    "5": 0.0,
    "6": 0.94681411269089,
    "7": 0.0,
    "8": 0.6366734832992502,
    "9": 0.8351776354105999
  }
}