{
  "dataset": "cifar10",
  "rho": 10,
  "strategy": "margin",
  "seed": 1024,
  "use_ssl": false,
  "config": {
    "n_initial": 100,
    "n_query": 100,
    "n_rounds": 10,
    "n_epochs": 5,
    "model_type": "simplecnn"
  },
  "f1_scores": [
    0.07508755921643236,
    0.0968826444206156,
    0.13948580673156494,
    0.1762841527568192,
    0.2282612698146861,
    0.2513256474384295,
    0.24670627960661054,
    0.2612243471583607,
    0.25507081999429065,
    0.29679466038070945
  ],
  "accuracies": [
    0.1347,
    0.1605,
    0.1966,
    0.2562,
    0.299,
    0.3153,
    0.3036,
    0.3281,
    0.3119,
    0.3519
  ],
  "n_labeled": [
    100,
    200,
    300,
    400,
    500,
    600,
    700,
    800,
    900,
    1000
  ],
  "per_class_f1_final": {
    "0": 0.09705042816365367,
    "1": 0.47328244274809156,
    "2": 0.3753046303818034,
    "3": 0.08429118773946359,
    "4": 0.7531172069825436,
    "5": 0.0,
    "6": 0.8432620011567379,
    "7": 0.4662576687116564,
    "8": 0.6338797814207651,
    "9": 0.8770353733857383
  }
}