{
  "dataset": "cifar10",
  "rho": 50,
  "strategy": "entropy",
  "seed": 1024,
  "use_ssl": false,
  "config": {
    "n_initial": 100,
    "n_query": 100,
    "n_rounds": 10,
    "n_epochs": 5,
    "model_type": "simplecnn"
  },
  "f1_scores": [
    0.06112786559698937,
    0.05241628082129639,
    0.10741630480983769,
    0.1569615410111526,
    0.177463825507367,
    0.1923230404285668,
    0.19564807140176138,
    0.1764141638376256,
    0.17739801993187343,
    0.2071176698230047
  ],
  "accuracies": [
    0.1616,
    0.1472,
    0.2103,
    0.2431,
    0.2564,
    0.2686,
    0.2702,
    0.2578,
    0.2643,
    0.2868
  ],
  "n_labeled": [
    100,
    200,
    300,
    400,
    500,
    600,
    700,
    800,
    900,
    1000
  ],
  "per_class_f1_final": {
    "0": 0.0,
    "1": 0.4744469870327994,
    "2": 0.00796812749003984,
    "3": 0.0019980019980019984,
    "4": 0.5724482512491078,
    "5": 0.0392156862745098,
    "6": 0.940677966101695,
    "7": 0.11320754716981131,
    "8": 0.5895627644569816,
    "9": 0.8662131519274376
  }
}