{
  "dataset": "cifar10",
  "rho": 50,
  "strategy": "tail_aware_entropy",
  "seed": 1024,
  "use_ssl": false,
  "config": {
    "n_initial": 100,
    "n_query": 100,
    "n_rounds": 10,
    "n_epochs": 5,
    "model_type": "simplecnn"
  },
  "f1_scores": [
    0.08007442906343148,
    0.07263222953206339,
    0.12219042560615098,
    0.07928679054532654,
    0.14286654162747248,
    0.1760238809066307,
    0.22053837802752993,
    0.2340625838777572,
    0.24004722631815323,
    0.2563813070094844
  ],
  "accuracies": [
    0.1737,
    0.1508,
    0.2071,
    0.1806,
    0.2302,
    0.2432,
    0.2895,
    0.2895,
    0.3007,
    0.3126
  ],
  "n_labeled": [
    100,
    200,
    300,
    400,
    500,
    600,
    700,
    800,
    900,
    1000
  ],
  "per_class_f1_final": {
    "0": 0.005982053838484547,
    "1": 0.4917043740573152,
    "2": 0.18181818181818182,
    "3": 0.015873015873015872,
    "4": 0.6902423051735429,
    "5": 0.0,
    "6": 0.8839285714285714,
    "7": 0.36734693877551017,
    "8": 0.6072423398328691,
    "9": 0.8297249853715623
  }
}