{
  "dataset": "cifar10",
  "rho": 10,
  "strategy": "adaptive_gap_entropy",
  "seed": 123,
  "use_ssl": false,
  "config": {
    "n_initial": 100,
    "n_query": 100,
    "n_rounds": 10,
    "n_epochs": 5,
    "model_type": "simplecnn"
  },
  "f1_scores": [
    0.09950670450690965,
    0.11822172763584113,
    0.19578826856211198,
    0.20935702464101427,
    0.25213025342250933,
    0.2692528893672842,
    0.29526312173175634,
    0.319651434140016,
    0.30994642426975805,
    0.31787740786985846
  ],
  "accuracies": [
    0.1836,
    0.1811,
    0.262,
    0.2542,
    0.2902,
    0.2949,
    0.3125,
    0.3325,
    0.3313,
    0.3351
  ],
  "n_labeled": [
    100,
    200,
    300,
    400,
    500,
    600,
    700,
    800,
    900,
    1000
  ],
  "per_class_f1_final": {
    "0": 0.4012789768185452,
    "1": 0.42271293375394325,
    "2": 0.28767123287671237,
    "3": 0.2078853046594982,
    "4": 0.21746880570409985,
    "5": 0.2949701619778346,
    "6": 0.9528795811518325,
    "7": 0.34710743801652894,
    "8": 0.6550100874243443,
    "9": 0.7871437234687689
  }
}