{
  "dataset": "cifar10",
  "rho": 50,
  "strategy": "entropy",
  "seed": 456,
  "use_ssl": false,
  "config": {
    "n_initial": 100,
    "n_query": 100,
    "n_rounds": 10,
    "n_epochs": 5,
    "model_type": "simplecnn"
  },
  "f1_scores": [
    0.07531635549732504,
    0.09550979463556124,
    0.13919408895676733,
    0.16037690556650985,
    0.16301272153707907,
    0.16596374788168156,
    0.19394511295314198,
    0.20874398174895958,
    0.20336414401126265,
    0.24306337922052265
  ],
  "accuracies": [
    0.1445,
    0.1587,
    0.2027,
    0.2288,
    0.2477,
    0.2364,
    0.2679,
    0.2779,
    0.2774,
    0.312
  ],
  "n_labeled": [
    100,
    200,
    300,
    400,
    500,
    600,
    700,
    800,
    900,
    1000
  ],
  "per_class_f1_final": {
    "0": 0.0,
    "1": 0.5663082437275986,
    "2": 0.22064056939501778,
    "3": 0.0,
    "4": 0.7261146496815287,
    "5": 0.0,
    "6": 0.89196675900277,
    "7": 0.14814814814814814,
    "8": 0.548621190130624,
    "9": 0.8681380871533674
  }
}