{
  "dataset": "cifar10",
  "rho": 50,
  "strategy": "adaptive_gap_entropy",
  "seed": 123,
  "use_ssl": false,
  "config": {
    "n_initial": 100,
    "n_query": 100,
    "n_rounds": 10,
    "n_epochs": 5,
    "model_type": "simplecnn"
  },
  "f1_scores": [
    0.06411290121117053,
    0.0952014068212171,
    0.1113594623648696,
    0.14326992624656054,
    0.13508808193173255,
    0.16380913695915253,
    0.2038188878952139,
    0.199939777347366,
    0.22285402592753342,
    0.2323186844078947
  ],
  "accuracies": [
    0.1556,
    0.1971,
    0.204,
    0.2216,
    0.2255,
    0.24,
    0.274,
    0.2732,
    0.2874,
    0.2947
  ],
  "n_labeled": [
    100,
    200,
    300,
    400,
    500,
    600,
    700,
    800,
    900,
    1000
  ],
  "per_class_f1_final": {
    "0": 0.07135969141755062,
    "1": 0.2332155477031802,
    "2": 0.17351598173515984,
    "3": 0.005982053838484547,
    "4": 0.632946001367054,
    "5": 0.0,
    "6": 0.9195029713668287,
    "7": 0.3579638752052545,
    "8": 0.6449864498644986,
    "9": 0.8038277511961722
  }
}