{
  "dataset": "cifar10",
  "rho": 50,
  "strategy": "margin",
  "seed": 789,
  "use_ssl": false,
  "config": {
    "n_initial": 100,
    "n_query": 100,
    "n_rounds": 10,
    "n_epochs": 5,
    "model_type": "simplecnn"
  },
  "f1_scores": [
    0.08039039047060717,
    0.09294962417503864,
    0.1237231835763732,
    0.14392875685875478,
    0.1351054619232653,
    0.15876700603940122,
    0.1533432685795689,
    0.2049790725179886,
    0.183351796358232,
    0.20225717928856907
  ],
  "accuracies": [
    0.1565,
    0.19,
    0.2193,
    0.2354,
    0.2281,
    0.2395,
    0.2443,
    0.2891,
    0.2656,
    0.2784
  ],
  "n_labeled": [
    100,
    200,
    300,
    400,
    500,
    600,
    700,
    800,
    900,
    1000
  ],
  "per_class_f1_final": {
    "0": 0.0,
    "1": 0.43871975019516,
    "2": 0.16007359705611776,
    "3": 0.0,
    "4": 0.5347985347985348,
    "5": 0.0,
    "6": 0.9495798319327732,
    "7": 0.08429118773946359,
    "8": 0.4662576687116564,
    "9": 0.8876529477196886
  }
}