{
  "dataset": "cifar10",
  "rho": 50,
  "strategy": "margin",
  "seed": 456,
  "use_ssl": false,
  "config": {
    "n_initial": 100,
    "n_query": 100,
    "n_rounds": 10,
    "n_epochs": 5,
    "model_type": "simplecnn"
  },
  "f1_scores": [
    0.056667279780339606,
    0.05962737929266866,
    0.1022687639216936,
    0.13498992750397762,
    0.14802591120042013,
    0.13993029951076105,
    0.20198427640098263,
    0.17469407460969902,
    0.1792942590299534,
    0.229433509296937
  ],
  "accuracies": [
    0.155,
    0.1487,
    0.1946,
    0.2208,
    0.2312,
    0.2257,
    0.2749,
    0.2655,
    0.258,
    0.3073
  ],
  "n_labeled": [
    100,
    200,
    300,
    400,
    500,
    600,
    700,
    800,
    900,
    1000
  ],
  "per_class_f1_final": {
    "0": 0.0,
    "1": 0.5935302390998594,
    "2": 0.1785063752276867,
    "3": 0.0,
    "4": 0.7562189054726367,
    "5": 0.0,
    "6": 0.8745075970737197,
    "7": 0.2578397212543554,
    "8": 0.30938292476754015,
    "9": 0.9112683723462166
  }
}