{
  "dataset": "cifar10",
  "rho": 50,
  "strategy": "margin",
  "seed": 123,
  "use_ssl": false,
  "config": {
    "n_initial": 100,
    "n_query": 100,
    "n_rounds": 10,
    "n_epochs": 5,
    "model_type": "simplecnn"
  },
  "f1_scores": [
    0.1070878519598663,
    0.09035182088830877,
    0.1341997615042848,
    0.13801444870070714,
    0.1257869732858236,
    0.14499328862227737,
    0.16058358921406551,
    0.14684368193777417,
    0.19526625081193902,
    0.22770349978714233
  ],
  "accuracies": [
    0.1892,
    0.1978,
    0.2157,
    0.2333,
    0.2233,
    0.2434,
    0.2518,
    0.2449,
    0.2717,
    0.2932
  ],
  "n_labeled": [
    100,
    200,
    300,
    400,
    500,
    600,
    700,
    800,
    900,
    1000
  ],
  "per_class_f1_final": {
    "0": 0.0,
    "1": 0.544395924308588,
    "2": 0.19819819819819817,
    "3": 0.0,
    "4": 0.5454545454545454,
    "5": 0.0,
    "6": 0.9281886387995713,
    "7": 0.2668977469670711,
    "8": 0.44961240310077516,
    "9": 0.8655700510493478
  }
}