{
  "dataset": "cifar10",
  "rho": 50,
  "strategy": "margin",
  "seed": 42,
  "use_ssl": false,
  "config": {
    "n_initial": 100,
    "n_query": 100,
    "n_rounds": 10,
    "n_epochs": 5,
    "model_type": "simplecnn"
  },
  "f1_scores": [
    0.08749926676978462,
    0.11746962043525533,
    0.11662752717028915,
    0.12762522269253437,
    0.1327500733152956,
    0.17257520739064924,
    0.1288554868354519,
    0.20768519302495436,
    0.20800518155655956,
    0.21481436010570243
  ],
  "accuracies": [
    0.1718,
    0.2,
    0.2031,
    0.2249,
    0.2339,
    0.266,
    0.2329,
    0.291,
    0.2863,
    0.2967
  ],
  "n_labeled": [
    100,
    200,
    300,
    400,
    500,
    600,
    700,
    800,
    900,
    1000
  ],
  "per_class_f1_final": {
    "0": 0.0,
    "1": 0.6622073578595317,
    "2": 0.19004524886877827,
    "3": 0.0,
    "4": 0.6310746064339493,
    "5": 0.0,
    "6": 0.9423585404547858,
    "7": 0.05636540330417882,
    "8": 0.34847233691164325,
    "9": 0.8732394366197184
  }
}