{
  "dataset": "cifar10",
  "rho": 100,
  "strategy": "adaptive_gap_entropy",
  "seed": 123,
  "use_ssl": false,
  "config": {
    "n_initial": 100,
    "n_query": 100,
    "n_rounds": 10,
    "n_epochs": 5,
    "model_type": "simplecnn"
  },
  "f1_scores": [
    0.09232060959281625,
    0.06006625994724143,
    0.08627849556297679,
    0.10516053332458146,
    0.12763781505056493,
    0.11939759205962024,
    0.13591988655823156,
    0.1778257331733793,
    0.18824745495854636,
    0.23833880860861956
  ],
  "accuracies": [
    0.1805,
    0.1678,
    0.1906,
    0.2074,
    0.2095,
    0.216,
    0.2213,
    0.253,
    0.2617,
    0.3081
  ],
  "n_labeled": [
    100,
    200,
    300,
    400,
    500,
    600,
    700,
    800,
    900,
    1000
  ],
  "per_class_f1_final": {
    "0": 0.0,
    "1": 0.33194328607172646,
    "2": 0.2758620689655173,
    "3": 0.0,
    "4": 0.5272459499263622,
    "5": 0.0,
    "6": 0.9572471324296141,
    "7": 0.3079526226734349,
    "8": 0.6263736263736264,
    "9": 0.8931931377974545
  }
}