{
  "dataset": "cifar10",
  "rho": 50,
  "strategy": "entropy",
  "seed": 789,
  "use_ssl": false,
  "config": {
    "n_initial": 100,
    "n_query": 100,
    "n_rounds": 10,
    "n_epochs": 5,
    "model_type": "simplecnn"
  },
  "f1_scores": [
    0.06630813998124396,
    0.07373734315846918,
    0.12995733793382003,
    0.14469448119686187,
    0.15866497820689276,
    0.16060558130271232,
    0.18258793920938662,
    0.1725105389712493,
    0.20358230537057617,
    0.213764032969698
  ],
  "accuracies": [
    0.1377,
    0.1503,
    0.2273,
    0.2164,
    0.2385,
    0.2463,
    0.2665,
    0.2539,
    0.2735,
    0.2958
  ],
  "n_labeled": [
    100,
    200,
    300,
    400,
    500,
    600,
    700,
    800,
    900,
    1000
  ],
  "per_class_f1_final": {
    "0": 0.0,
    "1": 0.48484848484848486,
    "2": 0.00796812749003984,
    "3": 0.0,
    "4": 0.613998613998614,
    "5": 0.0,
    "6": 0.9177489177489178,
    "7": 0.12206572769953053,
    "8": 0.7046632124352332,
    "9": 0.8465974625144175
  }
}