{
  "dataset": "cifar10",
  "rho": 10,
  "strategy": "entropy",
  "seed": 789,
  "use_ssl": false,
  "config": {
    "n_initial": 100,
    "n_query": 100,
    "n_rounds": 10,
    "n_epochs": 5,
    "model_type": "simplecnn"
  },
  "f1_scores": [
    0.08690267161561076,
    0.10784764723675902,
    0.17552495677726104,
    0.18621719146713742,
    0.23614929547954372,
    0.26130408847767983,
    0.29157103440027615,
    0.2776271345475548,
    0.264565029987828,
    0.2642711683478314
  ],
  "accuracies": [
    0.1565,
    0.1746,
    0.2478,
    0.2648,
    0.2969,
    0.3184,
    0.3362,
    0.3285,
    0.3165,
    0.3138
  ],
  "n_labeled": [
    100,
    200,
    300,
    400,
    500,
    600,
    700,
    800,
    900,
    1000
  ],
  "per_class_f1_final": {
    "0": 0.0,
    "1": 0.5964912280701754,
    "2": 0.21109123434704832,
    "3": 0.033431661750245825,
    "4": 0.3987189751801441,
    "5": 0.2078853046594982,
    "6": 0.9373007438894793,
    "7": 0.30938292476754015,
    "8": 0.6953685583822571,
    "9": 0.7623762376237623
  }
}