{
  "dataset": "cifar10",
  "rho": 10,
  "strategy": "adaptive_gap_entropy",
  "seed": 456,
  "use_ssl": false,
  "config": {
    "n_initial": 100,
    "n_query": 100,
    "n_rounds": 10,
    "n_epochs": 5,
    "model_type": "simplecnn"
  },
  "f1_scores": [
    0.0774032964722125,
    0.20293553822916696,
    0.23377025495488746,
    0.2517873564778978,
    0.2798078294539608,
    0.2901459597474071,
    0.30567319412454524,
    0.3433677212309312,
    0.34771893910685875,
    0.35896900772531193
  ],
  "accuracies": [
    0.1659,
    0.2544,
    0.2681,
    0.2943,
    0.3109,
    0.3345,
    0.333,
    0.3552,
    0.3725,
    0.3705
  ],
  "n_labeled": [
    100,
    200,
    300,
    400,
    500,
    600,
    700,
    800,
    900,
    1000
  ],
  "per_class_f1_final": {
    "0": 0.34847233691164325,
    "1": 0.6953685583822571,
    "2": 0.5074626865671642,
    "3": 0.28178694158075607,
    "4": 0.44236760124610586,
    "5": 0.2378854625550661,
    "6": 0.8242210464432685,
    "7": 0.47560975609756095,
    "8": 0.6513823331085636,
    "9": 0.7046632124352332
  }
}