{
  "dataset": "cifar10",
  "rho": 100,
  "strategy": "random",
  "seed": 123,
  "use_ssl": false,
  "config": {
    "n_initial": 100,
    "n_query": 100,
    "n_rounds": 10,
    "n_epochs": 5,
    "model_type": "simplecnn"
  },
  "f1_scores": [
    0.0693058418317181,
    0.05705006879680805,
    0.09909634495458997,
    0.08535955687034472,
    0.07807128493558073,
    0.11262517404766895,
    0.12134189133659154,
    0.12258248965989178,
    0.1194422911216984,
    0.15859150566073782
  ],
  "accuracies": [
    0.1743,
    0.1647,
    0.1985,
    0.1932,
    0.1859,
    0.221,
    0.223,
    0.2308,
    0.2288,
    0.2593
  ],
  "n_labeled": [
    100,
    200,
    300,
    400,
    500,
    600,
    700,
    800,
    900,
    1000
  ],
  "per_class_f1_final": {
    "0": 0.0,
    "1": 0.44479004665629857,
    "2": 0.07507218479307026,
    "3": 0.0,
    "4": 0.707175177763413,
    "5": 0.0,
    "6": 0.9539748953974896,
    "7": 0.06201550387596899,
    "8": 0.0,
    "9": 0.875140607424072
  }
}