{
  "dataset": "cifar10",
  "rho": 10,
  "strategy": "margin",
  "seed": 123,
  "use_ssl": false,
  "config": {
    "n_initial": 100,
    "n_query": 100,
    "n_rounds": 10,
    "n_epochs": 5,
    "model_type": "simplecnn"
  },
  "f1_scores": [
    0.11308655928741781,
    0.13892235807620848,
    0.14344626797721743,
    0.16281786604260146,
    0.1719746029827307,
    0.2095228099169149,
    0.23648682778518193,
    0.23882679579258928,
    0.24782693645293513,
    0.2715590890592966
  ],
  "accuracies": [
    0.1874,
    0.2298,
    0.2254,
    0.2386,
    0.2523,
    0.2811,
    0.3029,
    0.311,
    0.3118,
    0.3313
  ],
  "n_labeled": [
    100,
    200,
    300,
    400,
    500,
    600,
    700,
    800,
    900,
    1000
  ],
  "per_class_f1_final": {
    "0": 0.2062780269058296,
    "1": 0.61782999308915,
    "2": 0.015873015873015872,
    "3": 0.0,
    "4": 0.5815602836879432,
    "5": 0.019801980198019802,
    "6": 0.9106753812636166,
    "7": 0.5496736765772299,
    "8": 0.555956678700361,
    "9": 0.8405797101449275
  }
}