{
  "dataset": "cifar10",
  "rho": 10,
  "strategy": "tail_aware_entropy",
  "seed": 789,
  "use_ssl": false,
  "config": {
    "n_initial": 100,
    "n_query": 100,
    "n_rounds": 10,
    "n_epochs": 5,
    "model_type": "simplecnn"
  },
  "f1_scores": [
    0.07262687773711714,
    0.1460738311904327,
    0.13942608059626999,
    0.2035464746660593,
    0.2071323707342035,
    0.21241329084532565,
    0.20125616553277076,
    0.26293290136347747,
    0.2819850049372485,
    0.2780651514346861
  ],
  "accuracies": [
    0.1377,
    0.2017,
    0.2195,
    0.2685,
    0.2665,
    0.2755,
    0.26,
    0.3081,
    0.3218,
    0.3156
  ],
  "n_labeled": [
    100,
    200,
    300,
    400,
    500,
    600,
    700,
    800,
    900,
    1000
  ],
  "per_class_f1_final": {
    "0": 0.21109123434704832,
    "1": 0.35390946502057613,
    "2": 0.2698961937716263,
    "3": 0.20305480682839175,
    "4": 0.5974754558204769,
    "5": 0.1498612395929695,
    "6": 0.8623435722411832,
    "7": 0.14471243042671614,
    "8": 0.6431478968792401,
    "9": 0.847926267281106
  }
}