{
  "dataset": "cifar10",
  "rho": 100,
  "strategy": "margin",
  "seed": 42,
  "use_ssl": false,
  "config": {
    "n_initial": 100,
    "n_query": 100,
    "n_rounds": 10,
    "n_epochs": 5,
    "model_type": "simplecnn"
  },
  "f1_scores": [
    0.05668358748179092,
    0.09295623152619463,
    0.1079037710960948,
    0.10455381293004376,
    0.14887456763950851,
    0.14744878822680607,
    0.18433792005073962,
    0.17881606923973353,
    0.17256015887815185,
    0.19218341691655672
  ],
  "accuracies": [
    0.1239,
    0.18,
    0.2035,
    0.2027,
    0.2383,
    0.2352,
    0.2668,
    0.2633,
    0.2644,
    0.2744
  ],
  "n_labeled": [
    100,
    200,
    300,
    400,
    500,
    600,
    700,
    800,
    900,
    1000
  ],
  "per_class_f1_final": {
    "0": 0.0,
    "1": 0.5052316890881914,
    "2": 0.2062780269058296,
    "3": 0.0,
    "4": 0.5704074338813439,
    "5": 0.0,
    "6": 0.951232302045097,
    "7": 0.009950248756218907,
    "8": 0.3136593591905565,
    "9": 0.8845510317902956
  }
}