{
  "dataset": "cifar10",
  "rho": 100,
  "strategy": "entropy",
  "seed": 42,
  "use_ssl": false,
  "config": {
    "n_initial": 100,
    "n_query": 100,
    "n_rounds": 10,
    "n_epochs": 5,
    "model_type": "simplecnn"
  },
  "f1_scores": [
    0.0834791834186189,
    0.09244460270790883,
    0.11981510867519271,
    0.15769657575586588,
    0.14862069228512365,
    0.1712353927907619,
    0.20179167814601887,
    0.1882169346630519,
    0.1664301188108545,
    0.18237241076806504
  ],
  "accuracies": [
    0.1616,
    0.1908,
    0.2093,
    0.2414,
    0.236,
    0.2424,
    0.276,
    0.2747,
    0.2525,
    0.2557
  ],
  "n_labeled": [
    100,
    200,
    300,
    400,
    500,
    600,
    700,
    800,
    900,
    1000
  ],
  "per_class_f1_final": {
    "0": 0.0,
    "1": 0.49737039819684453,
    "2": 0.00796812749003984,
    "3": 0.0,
    "4": 0.36333878887070375,
    "5": 0.0,
    "6": 0.9748846745258841,
    "7": 0.005982053838484547,
    "8": 0.5744832501781896,
    "9": 0.7827145465611686
  }
}