{
  "dataset": "cifar10",
  "rho": 10,
  "strategy": "tail_aware_entropy",
  "seed": 42,
  "use_ssl": false,
  "config": {
    "n_initial": 100,
    "n_query": 100,
    "n_rounds": 10,
    "n_epochs": 5,
    "model_type": "simplecnn"
  },
  "f1_scores": [
    0.100897270817907,
    0.15197341303535236,
    0.15644092774865076,
    0.1917780841923414,
    0.20877260966773026,
    0.24238218957190166,
    0.23231601270012497,
    0.2600750464254599,
    0.27756890126462735,
    0.2920413092877519
  ],
  "accuracies": [
    0.1818,
    0.2053,
    0.2095,
    0.2563,
    0.2724,
    0.3008,
    0.2879,
    0.3163,
    0.3352,
    0.3396
  ],
  "n_labeled": [
    100,
    200,
    300,
    400,
    500,
    600,
    700,
    800,
    900,
    1000
  ],
  "per_class_f1_final": {
    "0": 0.09523809523809523,
    "1": 0.6111111111111112,
    "2": 0.29931972789115646,
    "3": 0.043052837573385516,
    "4": 0.5663082437275986,
    "5": 0.044965786901270774,
    "6": 0.8392338943702844,
    "7": 0.5358711566617862,
    "8": 0.7585350713842334,
    "9": 0.7405541561712845
  }
}