{
  "dataset": "cifar10",
  "rho": 10,
  "strategy": "random",
  "seed": 789,
  "use_ssl": false,
  "config": {
    "n_initial": 100,
    "n_query": 100,
    "n_rounds": 10,
    "n_epochs": 5,
    "model_type": "simplecnn"
  },
  "f1_scores": [
    0.09549189431812817,
    0.11299626177152408,
    0.11104064448582907,
    0.2064682159855724,
    0.21801047779094435,
    0.23227856347909878,
    0.24885380983544686,
    0.2828994778023766,
    0.2831226734111433,
    0.2688972286860441
  ],
  "accuracies": [
    0.1526,
    0.1639,
    0.1759,
    0.266,
    0.2763,
    0.2896,
    0.3054,
    0.3377,
    0.3405,
    0.3291
  ],
  "n_labeled": [
    100,
    200,
    300,
    400,
    500,
    600,
    700,
    800,
    900,
    1000
  ],
  "per_class_f1_final": {
    "0": 0.02955665024630542,
    "1": 0.4709480122324159,
    "2": 0.3739837398373984,
    "3": 0.0,
    "4": 0.6833443054641211,
    "5": 0.005982053838484547,
    "6": 0.8558352402745996,
    "7": 0.43014128728414447,
    "8": 0.5825655563430191,
    "9": 0.8764044943820225
  }
}