{
  "dataset": "cifar10",
  "rho": 10,
  "strategy": "tail_aware_entropy",
  "seed": 1024,
  "use_ssl": false,
  "config": {
    "n_initial": 100,
    "n_query": 100,
    "n_rounds": 10,
    "n_epochs": 5,
    "model_type": "simplecnn"
  },
  "f1_scores": [
    0.08765385097658583,
    0.08788999733564114,
    0.17506636499165515,
    0.19608091319105797,
    0.2795096215607879,
    0.30380032103763244,
    0.3204233320532014,
    0.3374594647637911,
    0.31483746128145357,
    0.3458633456489887
  ],
  "accuracies": [
    0.1518,
    0.1726,
    0.2392,
    0.2672,
    0.3185,
    0.3425,
    0.3535,
    0.3697,
    0.345,
    0.3793
  ],
  "n_labeled": [
    100,
    200,
    300,
    400,
    500,
    600,
    700,
    800,
    900,
    1000
  ],
  "per_class_f1_final": {
    "0": 0.43750000000000006,
    "1": 0.5955056179775281,
    "2": 0.13258636788048553,
    "3": 0.08429118773946359,
    "4": 0.7908101571946796,
    "5": 0.15498154981549817,
    "6": 0.7951807228915663,
    "7": 0.5569985569985569,
    "8": 0.647734956051386,
    "9": 0.8317757009345794
  }
}