{
  "dataset": "cifar10",
  "rho": 10,
  "strategy": "tail_aware_entropy",
  "seed": 123,
  "use_ssl": false,
  "config": {
    "n_initial": 100,
    "n_query": 100,
    "n_rounds": 10,
    "n_epochs": 5,
    "model_type": "simplecnn"
  },
  "f1_scores": [
    0.08367193597954876,
    0.15159020909883608,
    0.17335317898678232,
    0.2026083417398854,
    0.2404048350364553,
    0.2500348065054313,
    0.27555115358769894,
    0.2888811052640011,
    0.2742104116384876,
    0.3160942416580141
  ],
  "accuracies": [
    0.1619,
    0.2254,
    0.2511,
    0.2596,
    0.2904,
    0.3005,
    0.3206,
    0.3207,
    0.3138,
    0.3515
  ],
  "n_labeled": [
    100,
    200,
    300,
    400,
    500,
    600,
    700,
    800,
    900,
    1000
  ],
  "per_class_f1_final": {
    "0": 0.2578397212543554,
    "1": 0.5885673959068454,
    "2": 0.21268990169794458,
    "3": 0.011928429423459244,
    "4": 0.6754966887417219,
    "5": 0.0916030534351145,
    "6": 0.8432620011567379,
    "7": 0.5283296541574687,
    "8": 0.6910994764397906,
    "9": 0.7864077669902912
  }
}