{
  "dataset": "cifar10",
  "rho": 10,
  "strategy": "tail_aware_entropy",
  "seed": 456,
  "use_ssl": false,
  "config": {
    "n_initial": 100,
    "n_query": 100,
    "n_rounds": 10,
    "n_epochs": 5,
    "model_type": "simplecnn"
  },
  "f1_scores": [
    0.08822336676671977,
    0.10982173426431736,
    0.16244593830058016,
    0.19232880825824553,
    0.23051551956228272,
    0.25151090201913073,
    0.2574365608674665,
    0.32238938194918926,
    0.3087444969319719,
    0.3618854449675945
  ],
  "accuracies": [
    0.183,
    0.1691,
    0.2189,
    0.2613,
    0.2844,
    0.3064,
    0.3215,
    0.3611,
    0.3623,
    0.3894
  ],
  "n_labeled": [
    100,
    200,
    300,
    400,
    500,
    600,
    700,
    800,
    900,
    1000
  ],
  "per_class_f1_final": {
    "0": 0.32073887489504616,
    "1": 0.5517740767559739,
    "2": 0.5085756897837436,
    "3": 0.11853245531514582,
    "4": 0.48369977255496593,
    "5": 0.23633156966490304,
    "6": 0.8857938718662953,
    "7": 0.5825655563430191,
    "8": 0.7856709168184578,
    "9": 0.7593052109181141
  }
}