{
  "dataset": "cifar10",
  "rho": 50,
  "strategy": "adaptive_gap_entropy",
  "seed": 789,
  "use_ssl": false,
  "config": {
    "n_initial": 100,
    "n_query": 100,
    "n_rounds": 10,
    "n_epochs": 5,
    "model_type": "simplecnn"
  },
  "f1_scores": [
    0.0880773841031836,
    0.10759645250689784,
    0.12520526871129095,
    0.13974960572269376,
    0.16583302222951302,
    0.19075511922606908,
    0.19584758760344306,
    0.20788535780856843,
    0.2175823855416256,
    0.20241031290471648
  ],
  "accuracies": [
    0.1725,
    0.1911,
    0.1939,
    0.2238,
    0.2383,
    0.2597,
    0.2665,
    0.2764,
    0.2866,
    0.2796
  ],
  "n_labeled": [
    100,
    200,
    300,
    400,
    500,
    600,
    700,
    800,
    900,
    1000
  ],
  "per_class_f1_final": {
    "0": 0.03729146221786065,
    "1": 0.30938292476754015,
    "2": 0.215878679750223,
    "3": 0.0,
    "4": 0.5642498205312276,
    "5": 0.015873015873015872,
    "6": 0.9241527703066165,
    "7": 0.015873015873015872,
    "8": 0.610145934676859,
    "9": 0.8668555240793201
  }
}