{
  "dataset": "cifar10",
  "rho": 10,
  "strategy": "random",
  "seed": 42,
  "use_ssl": false,
  "config": {
    "n_initial": 100,
    "n_query": 100,
    "n_rounds": 10,
    "n_epochs": 5,
    "model_type": "simplecnn"
  },
  "f1_scores": [
    0.10871276434402685,
    0.09929754482150205,
    0.1443883032019357,
    0.1667253396753054,
    0.20766970600670248,
    0.18648921137145333,
    0.21012413927540977,
    0.22379814797461878,
    0.21469935467654394,
    0.24375342237443504
  ],
  "accuracies": [
    0.1562,
    0.1564,
    0.204,
    0.2395,
    0.2753,
    0.2534,
    0.2814,
    0.295,
    0.2911,
    0.3158
  ],
  "n_labeled": [
    100,
    200,
    300,
    400,
    500,
    600,
    700,
    800,
    900,
    1000
  ],
  "per_class_f1_final": {
    "0": 0.0,
    "1": 0.5569985569985569,
    "2": 0.08429118773946359,
    "3": 0.0,
    "4": 0.7146529562982006,
    "5": 0.0,
    "6": 0.8870339454646633,
    "7": 0.4544049459041731,
    "8": 0.48139711465451784,
    "9": 0.8662131519274376
  }
}