{
  "dataset": "cifar10",
  "rho": 50,
  "strategy": "random",
  "seed": 123,
  "use_ssl": false,
  "config": {
    "n_initial": 100,
    "n_query": 100,
    "n_rounds": 10,
    "n_epochs": 5,
    "model_type": "simplecnn"
  },
  "f1_scores": [
    0.08859768294179318,
    0.08709017114446402,
    0.10267224866554776,
    0.1259616875450265,
    0.13854088152358096,
    0.13274611745432408,
    0.15114085034559788,
    0.1787239499821022,
    0.18211515062775172,
    0.20969913796786432
  ],
  "accuracies": [
    0.1881,
    0.1937,
    0.1943,
    0.2244,
    0.2363,
    0.2302,
    0.2447,
    0.2657,
    0.2691,
    0.2947
  ],
  "n_labeled": [
    100,
    200,
    300,
    400,
    500,
    600,
    700,
    800,
    900,
    1000
  ],
  "per_class_f1_final": {
    "0": 0.0,
    "1": 0.5875706214689266,
    "2": 0.0,
    "3": 0.0,
    "4": 0.7562189054726367,
    "5": 0.0,
    "6": 0.9136338946224878,
    "7": 0.17684594348222427,
    "8": 0.402555910543131,
    "9": 0.845931909982689
  }
}