{
  "dataset": "cifar10",
  "rho": 10,
  "strategy": "entropy",
  "seed": 42,
  "use_ssl": false,
  "config": {
    "n_initial": 100,
    "n_query": 100,
    "n_rounds": 10,
    "n_epochs": 5,
    "model_type": "simplecnn"
  },
  "f1_scores": [
    0.11392816851743912,
    0.12291822723520898,
    0.14253270619783848,
    0.19405249947796493,
    0.16272304355398837,
    0.18123129538966856,
    0.23270402861638745,
    0.23003794428883909,
    0.26697479428973336,
    0.2981345040161233
  ],
  "accuracies": [
    0.1704,
    0.1687,
    0.1896,
    0.2455,
    0.2373,
    0.2512,
    0.2869,
    0.2849,
    0.316,
    0.3355
  ],
  "n_labeled": [
    100,
    200,
    300,
    400,
    500,
    600,
    700,
    800,
    900,
    1000
  ],
  "per_class_f1_final": {
    "0": 0.1834695731153497,
    "1": 0.50187265917603,
    "2": 0.16007359705611776,
    "3": 0.005982053838484547,
    "4": 0.7405541561712845,
    "5": 0.2517482517482518,
    "6": 0.8412514484356894,
    "7": 0.42022116903633494,
    "8": 0.5875706214689266,
    "9": 0.8158673771462402
  }
}