{
  "dataset": "cifar10",
  "rho": 10,
  "strategy": "adaptive_gap_entropy",
  "seed": 789,
  "use_ssl": false,
  "config": {
    "n_initial": 100,
    "n_query": 100,
    "n_rounds": 10,
    "n_epochs": 5,
    "model_type": "simplecnn"
  },
  "f1_scores": [
    0.07889508616671674,
    0.14762205548214602,
    0.21281141876770845,
    0.26651150140504243,
    0.2581918420502357,
    0.3015277416362478,
    0.3225870000432835,
    0.3280782844425486,
    0.31867384862862236,
    0.3319623164536236
  ],
  "accuracies": [
    0.1428,
    0.203,
    0.2452,
    0.3044,
    0.2874,
    0.327,
    0.3569,
    0.342,
    0.3485,
    0.3561
  ],
  "n_labeled": [
    100,
    200,
    300,
    400,
    500,
    600,
    700,
    800,
    900,
    1000
  ],
  "per_class_f1_final": {
    "0": 0.32495812395309887,
    "1": 0.5994397759103641,
    "2": 0.30651989839119387,
    "3": 0.054474708171206226,
    "4": 0.5007496251874063,
    "5": 0.34983498349834985,
    "6": 0.9154013015184382,
    "7": 0.35526315789473684,
    "8": 0.7782529016493586,
    "9": 0.6550100874243443
  }
}