{
  "dataset": "cifar10",
  "rho": 10,
  "strategy": "margin",
  "seed": 456,
  "use_ssl": false,
  "config": {
    "n_initial": 100,
    "n_query": 100,
    "n_rounds": 10,
    "n_epochs": 5,
    "model_type": "simplecnn"
  },
  "f1_scores": [
    0.09688078278707299,
    0.1094631510706879,
    0.17107403086412018,
    0.19628079747645638,
    0.23094251567833973,
    0.24752844773251112,
    0.2681827933197901,
    0.2920917292426925,
    0.2700904837889971,
    0.3079405236827187
  ],
  "accuracies": [
    0.1882,
    0.1942,
    0.2492,
    0.2643,
    0.2911,
    0.3075,
    0.3319,
    0.3494,
    0.3302,
    0.3568
  ],
  "n_labeled": [
    100,
    200,
    300,
    400,
    500,
    600,
    700,
    800,
    900,
    1000
  ],
  "per_class_f1_final": {
    "0": 0.1785063752276867,
    "1": 0.5683607730851825,
    "2": 0.3974358974358974,
    "3": 0.0,
    "4": 0.7285441830896376,
    "5": 0.0,
    "6": 0.8172678888231816,
    "7": 0.5380116959064328,
    "8": 0.6559139784946236,
    "9": 0.8269794721407624
  }
}