{
  "entropy": {
    "f1_mean": [
      0.14951389460757258,
      0.1812758683733788,
      0.1704469923477078,
      0.1883142572395525,
      0.17986854029760715,
      0.26335827734533995,
      0.2892231073303663,
      0.32939476096891457,
      0.3537113712453981,
      0.3693480412888795
    ],
    "f1_std": [
      0.02543482059177601,
      0.020867733430767664,
      0.026298648737563515,
      0.03656319363272297,
      0.03020417496607687,
      0.04445018330489927,
      0.03621471453860615,
      0.023377815912759923,
      0.018282017476865812,
      0.012828538187087698
    ],
    "acc_mean": [
      0.18913333333333335,
      0.21760000000000002,
      0.2074,
      0.22373333333333334,
      0.21703333333333333,
      0.2796666666666667,
      0.304,
      0.3418666666666666,
      0.35346666666666665,
      0.3738666666666666
    ],
    "acc_std": [
      0.031286028120481445,
      0.014921349358106538,
      0.016398373903124257,
      0.03033395603756439,
      0.028785914765539218,
      0.037646277667549306,
      0.030235409704516988,
      0.014368793346075449,
      0.007906677908929613,
      0.007700360741910435
    ],
    "final_f1_mean": 0.3693480412888795,
    "final_f1_std": 0.012828538187087698,
    "best_f1_mean": 0.370806604084875,
    "best_f1_std": 0.01146368036557622,
    "n_seeds": 3,
    "seeds": [
      42,
      123,
      456
    ],
    "avg_train_time_per_round": 0.9972471157709758,
    "total_train_time": 29.917413473129272,
    "peak_gpu_memory_mb": 151.18896484375,
    "avg_query_time": 0.0005180676778157552,
    "total_query_time": 0.015542030334472656,
    "n_human_labeled_mean": [
      100.0,
      200.0,
      300.0,
      400.0,
      500.0,
      600.0,
      700.0,
      800.0,
      900.0,
      1000.0
    ],
    "total_pseudo_labeled": 0
  },
  "full_supervision": {
    "accuracy": 0.7864,
    "f1": 0.7843700703450585,
    "train_time": 471.78001379966736,
    "gpu_memory_mb": 146.43896484375,
    "epochs": 50
  }
}