{
  "adaptive_gap_entropy": {
    "f1_mean": [
      0.04734917710008187,
      0.08553416898711177,
      0.09243276301069862,
      0.15215970910422336,
      0.1505501577965151,
      0.21022123303200124,
      0.25401278675427025,
      0.2635384963108263,
      0.30449855897387457,
      0.30471836609074376
    ],
    "f1_std": [
      0.0,
      0.0,
      0.0,
      0.0,
      0.0,
      0.0,
      0.0,
      0.0,
      0.0,
      0.0
    ],
    "acc_mean": [
      0.1255,
      0.1773,
      0.1803,
      0.2352,
      0.221,
      0.2787,
      0.3068,
      0.3274,
      0.359,
      0.3572
    ],
    "acc_std": [
      0.0,
      0.0,
      0.0,
      0.0,
      0.0,
      0.0,
      0.0,
      0.0,
      0.0,
      0.0
    ],
    "final_f1_mean": 0.30471836609074376,
    "final_f1_std": 0.0,
    "best_f1_mean": 0.30471836609074376,
    "best_f1_std": 0.0,
    "n_seeds": 1,
    "seeds": [
      456
    ],
    "avg_train_time_per_round": 6.349082970619202,
    "total_train_time": 63.49082970619202,
    "peak_gpu_memory_mb": 241.4228515625,
    "avg_query_time": 0.1523592948913574,
    "total_query_time": 1.5235929489135742,
    "n_human_labeled_mean": [
      100.0,
      200.0,
      300.0,
      400.0,
      500.0,
      600.0,
      700.0,
      800.0,
      900.0,
      1000.0
    ],
    "total_pseudo_labeled": 1260
  },
  "class_aware_entropy": {
    "f1_mean": [
      0.04734917710008187,
      0.09172334709271542,
      0.1250410617383296,
      0.1526569651275936,
      0.1739800005942448,
      0.23671769402621679,
      0.2633779473763056,
      0.2832797350437691,
      0.30159829206877736,
      0.32200845288123553
    ],
    "f1_std": [
      0.0,
      0.0,
      0.0,
      0.0,
      0.0,
      0.0,
      0.0,
      0.0,
      0.0,
      0.0
    ],
    "acc_mean": [
      0.1255,
      0.186,
      0.221,
      0.2321,
      0.2441,
      0.2996,
      0.3218,
      0.3496,
      0.3596,
      0.3757
    ],
    "acc_std": [
      0.0,
      0.0,
      0.0,
      0.0,
      0.0,
      0.0,
      0.0,
      0.0,
      0.0,
      0.0
    ],
    "final_f1_mean": 0.32200845288123553,
    "final_f1_std": 0.0,
    "best_f1_mean": 0.32200845288123553,
    "best_f1_std": 0.0,
    "n_seeds": 1,
    "seeds": [
      456
    ],
    "avg_train_time_per_round": 6.33601930141449,
    "total_train_time": 63.3601930141449,
    "peak_gpu_memory_mb": 241.4228515625,
    "avg_query_time": 0.15256173610687257,
    "total_query_time": 1.5256173610687256,
    "n_human_labeled_mean": [
      100.0,
      200.0,
      300.0,
      400.0,
      500.0,
      600.0,
      700.0,
      800.0,
      900.0,
      1000.0
    ],
    "total_pseudo_labeled": 995
  },
  "entropy": {
    "f1_mean": [
      0.04734917710008187,
      0.08321766661138137,
      0.12157016697160125,
      0.13181805458031315,
      0.17695905530663944,
      0.19939684829861518,
      0.21995555840203523,
      0.26851551724635925,
      0.3001420776920326,
      0.314234329017451
    ],
    "f1_std": [
      0.0,
      0.0,
      0.0,
      0.0,
      0.0,
      0.0,
      0.0,
      0.0,
      0.0,
      0.0
    ],
    "acc_mean": [
      0.1255,
      0.1786,
      0.203,
      0.1983,
      0.2623,
      0.2842,
      0.3031,
      0.3293,
      0.3579,
      0.368
    ],
    "acc_std": [
      0.0,
      0.0,
      0.0,
      0.0,
      0.0,
      0.0,
      0.0,
      0.0,
      0.0,
      0.0
    ],
    "final_f1_mean": 0.314234329017451,
    "final_f1_std": 0.0,
    "best_f1_mean": 0.314234329017451,
    "best_f1_std": 0.0,
    "n_seeds": 1,
    "seeds": [
      456
    ],
    "avg_train_time_per_round": 6.604408931732178,
    "total_train_time": 66.04408931732178,
    "peak_gpu_memory_mb": 236.80224609375,
    "avg_query_time": 0.0005611181259155273,
    "total_query_time": 0.0056111812591552734,
    "n_human_labeled_mean": [
      100.0,
      200.0,
      300.0,
      400.0,
      500.0,
      600.0,
      700.0,
      800.0,
      900.0,
      1000.0
    ],
    "total_pseudo_labeled": 1026
  },
  "gap_aware_entropy": {
    "f1_mean": [
      0.04734917710008187,
      0.08352650048343176,
      0.0983941311955576,
      0.1478999243869445,
      0.1992804025898739,
      0.2052615933266972,
      0.24996037457897255,
      0.27346779131587184,
      0.26840053579953005,
      0.30023369323074445
    ],
    "f1_std": [
      0.0,
      0.0,
      0.0,
      0.0,
      0.0,
      0.0,
      0.0,
      0.0,
      0.0,
      0.0
    ],
    "acc_mean": [
      0.1255,
      0.1762,
      0.1864,
      0.2301,
      0.2569,
      0.2766,
      0.3111,
      0.3321,
      0.3429,
      0.354
    ],
    "acc_std": [
      0.0,
      0.0,
      0.0,
      0.0,
      0.0,
      0.0,
      0.0,
      0.0,
      0.0,
      0.0
    ],
    "final_f1_mean": 0.30023369323074445,
    "final_f1_std": 0.0,
    "best_f1_mean": 0.30023369323074445,
    "best_f1_std": 0.0,
    "n_seeds": 1,
    "seeds": [
      456
    ],
    "avg_train_time_per_round": 6.422577524185181,
    "total_train_time": 64.2257752418518,
    "peak_gpu_memory_mb": 241.4228515625,
    "avg_query_time": 0.15367295742034912,
    "total_query_time": 1.5367295742034912,
    "n_human_labeled_mean": [
      100.0,
      200.0,
      300.0,
      400.0,
      500.0,
      600.0,
      700.0,
      800.0,
      900.0,
      1000.0
    ],
    "total_pseudo_labeled": 1091
  },
  "full_supervision": {
    "accuracy": 0.6506,
    "f1": 0.6239700319415206,
    "train_time": 226.19472122192383,
    "gpu_memory_mb": 145.5634765625,
    "epochs": 50
  }
}