{
  "entropy": {
    "f1_mean": [
      0.08077974316995014,
      0.11485659133766987,
      0.16752603377750602,
      0.19375997654303886,
      0.17748395603763562,
      0.21782193783439913,
      0.29631549095530485,
      0.3226227852172983,
      0.36857840724527746,
      0.3564616853629684
    ],
    "f1_std": [
      0.0,
      0.0,
      0.0,
      0.0,
      0.0,
      0.0,
      0.0,
      0.0,
      0.0,
      0.0
    ],
    "acc_mean": [
      0.1476,
      0.2024,
      0.2463,
      0.2618,
      0.2558,
      0.2818,
      0.3339,
      0.3573,
      0.3866,
      0.3796
    ],
    "acc_std": [
      0.0,
      0.0,
      0.0,
      0.0,
      0.0,
      0.0,
      0.0,
      0.0,
      0.0,
      0.0
    ],
    "final_f1_mean": 0.3564616853629684,
    "final_f1_std": 0.0,
    "best_f1_mean": 0.36857840724527746,
    "best_f1_std": 0.0,
    "n_seeds": 1,
    "seeds": [
      456
    ],
    "avg_train_time_per_round": 5.895599389076233,
    "total_train_time": 58.95599389076233,
    "peak_gpu_memory_mb": 236.80078125,
    "avg_query_time": 0.0006434440612792969,
    "total_query_time": 0.006434440612792969,
    "n_human_labeled_mean": [
      100.0,
      200.0,
      300.0,
      400.0,
      500.0,
      600.0,
      700.0,
      800.0,
      900.0,
      1000.0
    ],
    "total_pseudo_labeled": 499
  },
  "full_supervision": {
    "accuracy": 0.7676,
    "f1": 0.7612183580818803,
    "train_time": 688.3967719078064,
    "gpu_memory_mb": 146.5634765625,
    "epochs": 50
  }
}