{
  "badge": {
    "f1_mean": [
      0.06847398843705918,
      0.0784272871174223,
      0.09122104275423171,
      0.10355997540087852,
      0.1382947397927888,
      0.1547469050546112,
      0.16483221977624665,
      0.19408609772825888,
      0.2082055361132741,
      0.2459529705202493
    ],
    "f1_std": [
      0.013502024537952632,
      0.016913349328110082,
      0.007190649478015425,
      0.01179852104797669,
      0.012356020902462477,
      0.017753400581048732,
      0.01938994813284685,
      0.006888539898592787,
      0.009423616407411555,
      0.028479587893863918
    ],
    "acc_mean": [
      0.15756666666666666,
      0.18283333333333332,
      0.19253333333333333,
      0.20136666666666667,
      0.23186666666666667,
      0.24753333333333336,
      0.25730000000000003,
      0.2829,
      0.28996666666666665,
      0.32223333333333337
    ],
    "acc_std": [
      0.018243963994215236,
      0.01599423507253647,
      0.004326918328582382,
      0.013289176882795347,
      0.008331599819695829,
      0.01494374636948698,
      0.010030287466801064,
      0.008231646250902665,
      0.005977922344389869,
      0.024376810474073283
    ],
    "final_f1_mean": 0.2459529705202493,
    "final_f1_std": 0.028479587893863918,
    "best_f1_mean": 0.2459529705202493,
    "best_f1_std": 0.028479587893863918,
    "n_seeds": 3,
    "seeds": [
      42,
      123,
      456
    ],
    "avg_train_time_per_round": 4.078361956278483,
    "total_train_time": 122.35085868835449,
    "peak_gpu_memory_mb": 295.0302734375,
    "avg_query_time": 12.463028208414714,
    "total_query_time": 373.8908462524414,
    "n_human_labeled_mean": [
      100.0,
      200.0,
      300.0,
      400.0,
      500.0,
      600.0,
      700.0,
      800.0,
      900.0,
      1000.0
    ],
    "total_pseudo_labeled": 4238
  },
  "coreset": {
    "f1_mean": [
      0.06847398843705918,
      0.06239377067596277,
      0.08992636489686366,
      0.11109002464002997,
      0.12419028734644573,
      0.14626871900354538,
      0.16036807739241668,
      0.18563224962147484,
      0.2116600619305118,
      0.2228203390904239
    ],
    "f1_std": [
      0.013502024537952632,
      0.0022550289835933596,
      0.01295153514091358,
      0.018194234248640383,
      0.019941009535951626,
      0.011552507054805322,
      0.00915875399107718,
      0.015490466683342642,
      0.007025796503259075,
      0.025976000464830753
    ],
    "acc_mean": [
      0.15756666666666666,
      0.17023333333333332,
      0.19369999999999998,
      0.2132333333333333,
      0.22376666666666667,
      0.2391,
      0.2511333333333334,
      0.2758333333333334,
      0.29586666666666667,
      0.30796666666666667
    ],
    "acc_std": [
      0.018243963994215236,
      0.0036150918230231574,
      0.011126844416395276,
      0.011332058751857738,
      0.008560503619660606,
      0.006254598308444762,
      0.009816426143063599,
      0.011472963387411663,
      0.0010624918300339674,
      0.02285378645991853
    ],
    "final_f1_mean": 0.2228203390904239,
    "final_f1_std": 0.025976000464830753,
    "best_f1_mean": 0.224327373774726,
    "best_f1_std": 0.02475184093577717,
    "n_seeds": 3,
    "seeds": [
      42,
      123,
      456
    ],
    "avg_train_time_per_round": 4.0569981654485066,
    "total_train_time": 121.7099449634552,
    "peak_gpu_memory_mb": 295.0302734375,
    "avg_query_time": 7.500018278757731,
    "total_query_time": 225.00054836273193,
    "n_human_labeled_mean": [
      100.0,
      200.0,
      300.0,
      400.0,
      500.0,
      600.0,
      700.0,
      800.0,
      900.0,
      1000.0
    ],
    "total_pseudo_labeled": 4486
  },
  "entropy": {
    "f1_mean": [
      0.06847398843705918,
      0.09048015931412225,
      0.09464584488815796,
      0.12146519994145177,
      0.13917369610291175,
      0.193786907522137,
      0.20279036764896796,
      0.2308378857189556,
      0.23667442392753288,
      0.26147336488444456
    ],
    "f1_std": [
      0.013502024537952632,
      0.02282799647919922,
      0.016530724051208836,
      0.02219069919063819,
      0.010738478145584308,
      0.01858993928501923,
      0.014386400595265582,
      0.005383781930439282,
      0.015912783026559383,
      0.008010878002182364
    ],
    "acc_mean": [
      0.15756666666666666,
      0.19116666666666668,
      0.19146666666666667,
      0.21106666666666665,
      0.22476666666666667,
      0.2698333333333333,
      0.2829333333333333,
      0.3089,
      0.31703333333333333,
      0.33709999999999996
    ],
    "acc_std": [
      0.018243963994215236,
      0.01531063537399919,
      0.017881523673582426,
      0.026359733601756204,
      0.008054950168823032,
      0.020437601511810406,
      0.012741620340007347,
      0.0036505707316345152,
      0.01642890406840605,
      0.0023338094752285775
    ],
    "final_f1_mean": 0.26147336488444456,
    "final_f1_std": 0.008010878002182364,
    "best_f1_mean": 0.26147336488444456,
    "best_f1_std": 0.008010878002182364,
    "n_seeds": 3,
    "seeds": [
      42,
      123,
      456
    ],
    "avg_train_time_per_round": 4.1889359712600704,
    "total_train_time": 125.66807913780212,
    "peak_gpu_memory_mb": 249.9228515625,
    "avg_query_time": 0.0002804438273111979,
    "total_query_time": 0.008413314819335938,
    "n_human_labeled_mean": [
      100.0,
      200.0,
      300.0,
      400.0,
      500.0,
      600.0,
      700.0,
      800.0,
      900.0,
      1000.0
    ],
    "total_pseudo_labeled": 4169
  },
  "margin": {
    "f1_mean": [
      0.06847398843705918,
      0.08237898788653981,
      0.1171277300515583,
      0.12665181365891523,
      0.13640411853606024,
      0.17486497913477805,
      0.18633604227053377,
      0.21270450745631006,
      0.23662664554077084,
      0.25599451284600244
    ],
    "f1_std": [
      0.013502024537952632,
      0.013363480332213875,
      0.027725483567773726,
      0.024309574224454785,
      0.01842631842773238,
      0.02821509864002275,
      0.01896609870816073,
      0.032763486677248314,
      0.008234528339757866,
      0.02227882257778706
    ],
    "acc_mean": [
      0.15756666666666666,
      0.1869333333333333,
      0.213,
      0.22503333333333334,
      0.23776666666666668,
      0.2709,
      0.27376666666666666,
      0.30033333333333334,
      0.3197666666666667,
      0.33380000000000004
    ],
    "acc_std": [
      0.018243963994215236,
      0.012858805888918646,
      0.015532117262841748,
      0.01016868832358541,
      0.013198568945996473,
      0.025194179221928764,
      0.022894880553424066,
      0.027542734472492423,
      0.011643691663538477,
      0.02122074456752166
    ],
    "final_f1_mean": 0.25599451284600244,
    "final_f1_std": 0.02227882257778706,
    "best_f1_mean": 0.2561780183135679,
    "best_f1_std": 0.02201949450081871,
    "n_seeds": 3,
    "seeds": [
      42,
      123,
      456
    ],
    "avg_train_time_per_round": 3.985685960451762,
    "total_train_time": 119.57057881355286,
    "peak_gpu_memory_mb": 289.78466796875,
    "avg_query_time": 0.00037078857421875,
    "total_query_time": 0.0111236572265625,
    "n_human_labeled_mean": [
      100.0,
      200.0,
      300.0,
      400.0,
      500.0,
      600.0,
      700.0,
      800.0,
      900.0,
      1000.0
    ],
    "total_pseudo_labeled": 4173
  },
  "qbc": {
    "f1_mean": [
      0.06847398843705918,
      0.07734175306126963,
      0.08483531594380767,
      0.09772649195546707,
      0.10280690784179762,
      0.15911127195524183,
      0.192300734909005,
      0.20350631015460885,
      0.23885477415640013,
      0.2378463977814386
    ],
    "f1_std": [
      0.013502024537952632,
      0.015790402242429676,
      0.013213846302012526,
      0.013889381524648579,
      0.015792516192118,
      0.007779258206017516,
      0.007907960487307119,
      0.010188260552388485,
      0.011220555996410272,
      0.015865910019440144
    ],