{
  "badge": {
    "f1_mean": [
      0.0037443329869021637,
      0.009740498299064914,
      0.01659096607990956,
      0.02083870287241524,
      0.02781091286913422,
      0.04135060712147189,
      0.0522332853250212,
      0.07221877293574608,
      0.07357478508865302,
      0.09045866985984079
    ],
    "f1_std": [
      0.0,
      0.0,
      0.0,
      0.0,
      0.0,
      0.0,
      0.0,
      0.0,
      0.0,
      0.0
    ],
    "acc_mean": [
      0.0191,
      0.0352,
      0.0481,
      0.0471,
      0.0575,
      0.0651,
      0.0746,
      0.0963,
      0.0966,
      0.1093
    ],
    "acc_std": [
      0.0,
      0.0,
      0.0,
      0.0,
      0.0,
      0.0,
      0.0,
      0.0,
      0.0,
      0.0
    ],
    "final_f1_mean": 0.09045866985984079,
    "final_f1_std": 0.0,
    "best_f1_mean": 0.09045866985984079,
    "best_f1_std": 0.0,
    "n_seeds": 1,
    "seeds": [
      1024
    ],
    "avg_train_time_per_round": 0.7186455488204956,
    "total_train_time": 7.186455488204956,
    "peak_gpu_memory_mb": 131.71337890625,
    "avg_query_time": 167.032297039032,
    "total_query_time": 1670.3229703903198,
    "n_human_labeled_mean": [
      100.0,
      200.0,
      300.0,
      400.0,
      500.0,
      600.0,
      700.0,
      800.0,
      900.0,
      1000.0
    ],
    "total_pseudo_labeled": 0
  },
  "coreset": {
    "f1_mean": [
      0.0037443329869021637,
      0.009650317416355232,
      0.014844569791730149,
      0.017382545439953535,
      0.020128494890764896,
      0.03021056140680707,
      0.03740958444609781,
      0.0470465684801679,
      0.0573081272322616,
      0.06644038770724915
    ],
    "f1_std": [
      0.0,
      0.0,
      0.0,
      0.0,
      0.0,
      0.0,
      0.0,
      0.0,
      0.0,
      0.0
    ],
    "acc_mean": [
      0.0191,
      0.0388,
      0.0434,
      0.045,
      0.0515,
      0.0585,
      0.0696,
      0.0774,
      0.0824,
      0.0962
    ],
    "acc_std": [
      0.0,
      0.0,
      0.0,
      0.0,
      0.0,
      0.0,
      0.0,
      0.0,
      0.0,
      0.0
    ],
    "final_f1_mean": 0.06644038770724915,
    "final_f1_std": 0.0,
    "best_f1_mean": 0.06644038770724915,
    "best_f1_std": 0.0,
    "n_seeds": 1,
    "seeds": [
      1024
    ],
    "avg_train_time_per_round": 0.7144383907318115,
    "total_train_time": 7.144383907318115,
    "peak_gpu_memory_mb": 158.43115234375,
    "avg_query_time": 7.715553736686706,
    "total_query_time": 77.15553736686707,
    "n_human_labeled_mean": [
      100.0,
      200.0,
      300.0,
      400.0,
      500.0,
      600.0,
      700.0,
      800.0,
      900.0,
      1000.0
    ],
    "total_pseudo_labeled": 0
  },
  "entropy": {
    "f1_mean": [
      0.0037443329869021637,
      0.013094382978715064,
      0.016512180586544772,
      0.01685580718463263,
      0.021806759475901764,
      0.026992078943287527,
      0.03542501425220134,
      0.04307805215855346,
      0.057650864838167545,
      0.0641859711180158
    ],
    "f1_std": [
      0.0,
      0.0,
      0.0,
      0.0,
      0.0,
      0.0,
      0.0,
      0.0,
      0.0,
      0.0
    ],
    "acc_mean": [
      0.0191,
      0.0426,
      0.0431,
      0.0436,
      0.0483,
      0.0558,
      0.0624,
      0.0726,
      0.0821,
      0.0875
    ],
    "acc_std": [
      0.0,
      0.0,
      0.0,
      0.0,
      0.0,
      0.0,
      0.0,
      0.0,
      0.0,
      0.0
    ],
    "final_f1_mean": 0.0641859711180158,
    "final_f1_std": 0.0,
    "best_f1_mean": 0.0641859711180158,
    "best_f1_std": 0.0,
    "n_seeds": 1,
    "seeds": [
      1024
    ],
    "avg_train_time_per_round": 0.5830153226852417,
    "total_train_time": 5.830153226852417,
    "peak_gpu_memory_mb": 139.71337890625,
    "avg_query_time": 0.001450967788696289,
    "total_query_time": 0.01450967788696289,
    "n_human_labeled_mean": [
      100.0,
      200.0,
      300.0,
      400.0,
      500.0,
      600.0,
      700.0,
      800.0,
      900.0,
      1000.0
    ],
    "total_pseudo_labeled": 0
  },
  "margin": {
    "f1_mean": [
      0.0037443329869021637,
      0.011873745544538414,
      0.015125676384689113,
      0.02038553212989301,
      0.025468554427244387,
      0.033635203512723005,
      0.05121300353038496,
      0.06661637598015299,
      0.07699978886932189,
      0.09135787034874684
    ],
    "f1_std": [
      0.0,
      0.0,
      0.0,
      0.0,
      0.0,
      0.0,
      0.0,
      0.0,
      0.0,
      0.0
    ],
    "acc_mean": [
      0.0191,
      0.0406,
      0.0395,
      0.0461,
      0.0514,
      0.0632,
      0.0817,
      0.0961,
      0.1065,
      0.1145
    ],
    "acc_std": [
      0.0,
      0.0,
      0.0,
      0.0,
      0.0,
      0.0,
      0.0,
      0.0,
      0.0,
      0.0
    ],
    "final_f1_mean": 0.09135787034874684,
    "final_f1_std": 0.0,
    "best_f1_mean": 0.09135787034874684,
    "best_f1_std": 0.0,
    "n_seeds": 1,
    "seeds": [
      1024
    ],
    "avg_train_time_per_round": 0.5643841743469238,
    "total_train_time": 5.643841743469238,
    "peak_gpu_memory_mb": 151.884765625,
    "avg_query_time": 0.006117796897888184,
    "total_query_time": 0.061177968978881836,
    "n_human_labeled_mean": [
      100.0,
      200.0,
      300.0,
      400.0,
      500.0,
      600.0,
      700.0,
      800.0,
      900.0,
      1000.0
    ],
    "total_pseudo_labeled": 0
  },
  "qbc": {
    "f1_mean": [
      0.0037443329869021637,
      0.0119217544354321,
      0.014045914007824295,
      0.019768141747772472,
      0.02196690934900224,
      0.034498131072083126,
      0.05169336623168776,
      0.06904619327382298,
      0.08016112856839439,
      0.09034746038915044
    ],
    "f1_std": [
      0.0,
      0.0,
      0.0,
      0.0,
      0.0,
      0.0,
      0.0,
      0.0,
      0.0,
      0.0
    ],
    "acc_mean": [
      0.0191,
      0.0451,
      0.0413,
      0.0429,
      0.044,
      0.0631,
      0.0837,
      0.0952,
      0.1079,
      0.1131
    ],
    "acc_std": [
      0.0,
      0.0,
      0.0,
      0.0,
      0.0,
      0.0,
      0.0,
      0.0,
      0.0,
      0.0
    ],
    "final_f1_mean": 0.09034746038915044,
    "final_f1_std": 0.0,
    "best_f1_mean": 0.09034746038915044,
    "best_f1_std": 0.0,
    "n_seeds": 1,
    "seeds": [
      1024
    ],
    "avg_train_time_per_round": 0.5677650928497314,
    "total_train_time": 5.6776509284973145,
    "peak_gpu_memory_mb": 145.78076171875,
    "avg_query_time": 1.6970335483551025,
    "total_query_time": 16.970335483551025,
    "n_human_labeled_mean": [
      100.0,
      200.0,
      300.0,
      400.0,
      500.0,
      600.0,
      700.0,
      800.0,
      900.0,
      1000.0
    ],
    "total_pseudo_labeled": 0
  },
  "random": {
    "f1_mean": [
      0.0037443329869021637,
      0.006990607630180674,
      0.01506773703119396,
      0.023572376332789417,
      0.02729566444961426,
      0.045404876227155014,
      0.061819370554620806,
      0.07077390715269045,
      0.07995387433681189,
      0.09734420384264306
    ],
    "f1_std": [
      0.0,
      0.0,
      0.0,
      0.0,
      0.0,
      0.0,
      0.0,
      0.0,
      0.0,
      0.0
    ],
    "acc_mean": [
      0.0191,
      0.0344,
      0.0427,
      0.0463,
      0.0522,
      0.0699,
      0.0869,
      0.0979,
      0.1031,
      0.1171
    ],
    "acc_std": [
      0.0,
      0.0,
      0.0,
      0.0,
      0.0,
      0.0,
      0.0,
      0.0,
      0.0,
      0.0
    ],
    "final_f1_mean": 0.09734420384264306,
    "final_f1_std": 0.0,
    "best_f1_mean": 0.09734420384264306,
    "best_f1_std": 0.0,
    "n_seeds": 1,
    "seeds": [
      1024
    ],
    "avg_train_time_per_round": 0.6603166341781617,
    "total_train_time": 6.603166341781616,
    "peak_gpu_memory_mb": 131.71337890625,
    "avg_query_time": 0.00011811256408691406,
    "total_query_time": 0.0011811256408691406,