{
  "badge": {
    "f1_mean": [
      0.07256877371826467,
      0.11301935043095443,
      0.16211653940541057,
      0.18687647459509288,
      0.2001841718368583,
      0.25461350210279016,
      0.2947408605793461,
      0.3188633301557181,
      0.34904256691227925,
      0.377166202512153
    ],
    "f1_std": [
      0.011241093784217865,
      0.026583146641591643,
      0.01896644710955027,
      0.026876768523959232,
      0.014006201921755697,
      0.021147658400883333,
      0.02059817590670644,
      0.01711781391617023,
      0.018721696078729186,
      0.034582578356385216
    ],
    "acc_mean": [
      0.13954000000000003,
      0.19397999999999999,
      0.22986,
      0.25867999999999997,
      0.26544,
      0.30713999999999997,
      0.3332,
      0.35708,
      0.38344,
      0.40828
    ],
    "acc_std": [
      0.013070363422644376,
      0.02015454291220716,
      0.012679211331940162,
      0.01663062235756677,
      0.010295940947771602,
      0.016004074481206346,
      0.012558184582175877,
      0.016075248054073687,
      0.010783060789961246,
      0.023220456498527334
    ],
    "final_f1_mean": 0.377166202512153,
    "final_f1_std": 0.034582578356385216,
    "best_f1_mean": 0.37779440350914584,
    "best_f1_std": 0.033546844110288535,
    "n_seeds": 5,
    "seeds": [
      42,
      123,
      456,
      789,
      1024
    ],
    "avg_train_time_per_round": 19.6487632226944,
    "total_train_time": 982.4381611347198,
    "peak_gpu_memory_mb": 294.77880859375,
    "avg_query_time": 17.05031289577484,
    "total_query_time": 852.5156447887421,
    "n_human_labeled_mean": [
      100.0,
      200.0,
      300.0,
      400.0,
      500.0,
      600.0,
      700.0,
      800.0,
      900.0,
      1000.0
    ],
    "total_pseudo_labeled": 2127
  },
  "coreset": {
    "f1_mean": [
      0.07256877371826467,
      0.11881642849000477,
      0.1488212068926106,
      0.17864887276032657,
      0.19547512457525867,
      0.2286147832648405,
      0.27118134106207564,
      0.3026470510705367,
      0.30976610270938965,
      0.3370980701412193
    ],
    "f1_std": [
      0.011241093784217865,
      0.04080285273104291,
      0.029598549113094213,
      0.0370908477619807,
      0.030316189552801624,
      0.018767620432276682,
      0.0268651343679158,
      0.017445246013122286,
      0.012641938788997909,
      0.020637427203404096
    ],
    "acc_mean": [
      0.13954000000000003,
      0.2043,
      0.22132000000000002,
      0.25158,
      0.26278,
      0.28974,
      0.32110000000000005,
      0.34084,
      0.3503,
      0.37236
    ],
    "acc_std": [
      0.013070363422644376,
      0.02300547760860444,
      0.018133438725183918,
      0.02738827486352509,
      0.017404183405147166,
      0.01120546295339912,
      0.020478574169116373,
      0.006424204230875604,
      0.010432065950711776,
      0.010587842084202057
    ],
    "final_f1_mean": 0.3370980701412193,
    "final_f1_std": 0.020637427203404096,
    "best_f1_mean": 0.3370980701412193,
    "best_f1_std": 0.020637427203404096,
    "n_seeds": 5,
    "seeds": [
      42,
      123,
      456,
      789,
      1024
    ],
    "avg_train_time_per_round": 5.100750751495362,
    "total_train_time": 255.03753757476807,
    "peak_gpu_memory_mb": 294.77880859375,
    "avg_query_time": 12.050030717849731,
    "total_query_time": 602.5015358924866,
    "n_human_labeled_mean": [
      100.0,
      200.0,
      300.0,
      400.0,
      500.0,
      600.0,
      700.0,
      800.0,
      900.0,
      1000.0
    ],
    "total_pseudo_labeled": 1893
  },
  "entropy": {
    "f1_mean": [
      0.07256877371826467,
      0.12310928046092331,
      0.15568355707033432,
      0.20674662168551494,
      0.2098559429095242,
      0.2541956521122835,
      0.2982029383602035,
      0.32633107085925606,
      0.3535703526408963,
      0.36388881708100496
    ],
    "f1_std": [
      0.011241093784217865,
      0.03200787655493481,
      0.039153963155875854,
      0.02655692860374702,
      0.02028028074727112,
      0.027645050802163177,
      0.023945549890110017,
      0.02877974039176293,
      0.011500164242715405,
      0.024073266534276598
    ],
    "acc_mean": [
      0.13954000000000003,
      0.20844000000000001,
      0.22868,
      0.26820000000000005,
      0.27046000000000003,
      0.3094,
      0.3402,
      0.36547999999999997,
      0.38506,
      0.39376
    ],
    "acc_std": [
      0.013070363422644376,
      0.019612812139007504,
      0.023906852574105183,
      0.014337503269398064,
      0.008908557683486135,
      0.018258039325184945,
      0.0143436397054583,
      0.015622599015528755,
      0.004313049964932022,
      0.0126732158507618
    ],
    "final_f1_mean": 0.36388881708100496,
    "final_f1_std": 0.024073266534276598,
    "best_f1_mean": 0.3683371096745465,
    "best_f1_std": 0.02152372571663312,
    "n_seeds": 5,
    "seeds": [
      42,
      123,
      456,
      789,
      1024
    ],
    "avg_train_time_per_round": 4.2113881063461305,
    "total_train_time": 210.56940531730652,
    "peak_gpu_memory_mb": 276.03759765625,
    "avg_query_time": 0.0006457233428955078,
    "total_query_time": 0.03228616714477539,
    "n_human_labeled_mean": [
      100.0,
      200.0,
      300.0,
      400.0,
      500.0,
      600.0,
      700.0,
      800.0,
      900.0,
      1000.0
    ],
    "total_pseudo_labeled": 1843
  },
  "margin": {
    "f1_mean": [
      0.07256877371826467,
      0.1402455536402693,
      0.1618152372405998,
      0.20492121453112766,
      0.2179587513693612,
      0.2603428091718988,
      0.29363691559334004,
      0.3188372030625594,
      0.34292985291897093,
      0.3605434761870467
    ],
    "f1_std": [
      0.011241093784217865,
      0.034989857611857224,
      0.015042988812426607,
      0.017978911007229672,
      0.026254598562642395,
      0.02335505498195836,
      0.016703220739065723,
      0.01886573012226119,
      0.016867137641570884,
      0.023834677766905673
    ],
    "acc_mean": [
      0.13954000000000003,
      0.2044,
      0.22588,
      0.27052,
      0.28264,
      0.3137,
      0.34198,
      0.36388,
      0.38558000000000003,
      0.40352000000000005
    ],
    "acc_std": [
      0.013070363422644376,
      0.03118191783710553,
      0.011698786261830754,
      0.015383549655394886,
      0.02419186640174752,
      0.014652098825765533,
      0.011783955193397496,
      0.013090210082347809,
      0.011969193790727929,
      0.016895608896988584
    ],
    "final_f1_mean": 0.3605434761870467,
    "final_f1_std": 0.023834677766905673,
    "best_f1_mean": 0.3609994974395569,
    "best_f1_std": 0.023819066332825094,
    "n_seeds": 5,
    "seeds": [
      42,
      123,
      456,
      789,
      1024
    ],
    "avg_train_time_per_round": 4.998652839660645,
    "total_train_time": 249.93264198303223,
    "peak_gpu_memory_mb": 303.02685546875,
    "avg_query_time": 0.0011519289016723633,
    "total_query_time": 0.057596445083618164,
    "n_human_labeled_mean": [
      100.0,
      200.0,
      300.0,
      400.0,
      500.0,
      600.0,
      700.0,
      800.0,
      900.0,
      1000.0
    ],
    "total_pseudo_labeled": 2175
  },
  "qbc": {
    "f1_mean": [
      0.07256877371826467,
      0.13442836960196744,
      0.16952488251530062,
      0.18751658004637745,
      0.22492528188655,
      0.2504252159750033,
      0.2797617308640808,
      0.3188271278358031,
      0.34298288887811934,
      0.3569931178299782
    ],
    "f1_std": [
      0.011241093784217865,
      0.014586439278237247,
      0.014392565752251719,
      0.033446168620633265,
      0.018589037366222562,
      0.02726368773295464,
      0.02602533137330549,
      0.029489285012434693,
      0.020640520116509985,
      0.04571973478923964
    ],