{
  "adaptive_gap_entropy": {
    "f1_mean": [
      0.10339743455101177,
      0.23669605277589892,
      0.23306614099919992,
      0.26760690845077956,
      0.33221798691462945,
      0.3538947992490743,
      0.37551346077484876,
      0.40222893296891565,
      0.40369103519456884,
      0.4339163572038502
    ],
    "f1_std": [
      0.0,
      0.0,
      0.0,
      0.0,
      0.0,
      0.0,
      0.0,
      0.0,
      0.0,
      0.0
    ],
    "acc_mean": [
      0.1952,
      0.2604,
      0.2744,
      0.3002,
      0.3497,
      0.3739,
      0.392,
      0.408,
      0.4114,
      0.4376
    ],
    "acc_std": [
      0.0,
      0.0,
      0.0,
      0.0,
      0.0,
      0.0,
      0.0,
      0.0,
      0.0,
      0.0
    ],
    "final_f1_mean": 0.4339163572038502,
    "final_f1_std": 0.0,
    "best_f1_mean": 0.4339163572038502,
    "best_f1_std": 0.0,
    "n_seeds": 1,
    "seeds": [
      456
    ],
    "avg_train_time_per_round": 5.793846344947815,
    "total_train_time": 57.93846344947815,
    "peak_gpu_memory_mb": 241.42138671875,
    "avg_query_time": 0.14447922706604005,
    "total_query_time": 1.4447922706604004,
    "n_human_labeled_mean": [
      100.0,
      200.0,
      300.0,
      400.0,
      500.0,
      600.0,
      700.0,
      800.0,
      900.0,
      1000.0
    ],
    "total_pseudo_labeled": 286
  },
  "class_aware_entropy": {
    "f1_mean": [
      0.10339743455101177,
      0.24723099008271107,
      0.28544986656546667,
      0.29502026385148855,
      0.33148616164587563,
      0.3420107881308185,
      0.39586920212032684,
      0.40961376537478866,
      0.4057517575569444,
      0.40271572372904707
    ],
    "f1_std": [
      0.0,
      0.0,
      0.0,
      0.0,
      0.0,
      0.0,
      0.0,
      0.0,
      0.0,
      0.0
    ],
    "acc_mean": [
      0.1952,
      0.2861,
      0.3099,
      0.3118,
      0.3502,
      0.3713,
      0.411,
      0.4188,
      0.4278,
      0.4196
    ],
    "acc_std": [
      0.0,
      0.0,
      0.0,
      0.0,
      0.0,
      0.0,
      0.0,
      0.0,
      0.0,
      0.0
    ],
    "final_f1_mean": 0.40271572372904707,
    "final_f1_std": 0.0,
    "best_f1_mean": 0.40961376537478866,
    "best_f1_std": 0.0,
    "n_seeds": 1,
    "seeds": [
      456
    ],
    "avg_train_time_per_round": 5.737886524200439,
    "total_train_time": 57.378865242004395,
    "peak_gpu_memory_mb": 241.42138671875,
    "avg_query_time": 0.14609687328338622,
    "total_query_time": 1.4609687328338623,
    "n_human_labeled_mean": [
      100.0,
      200.0,
      300.0,
      400.0,
      500.0,
      600.0,
      700.0,
      800.0,
      900.0,
      1000.0
    ],
    "total_pseudo_labeled": 318
  },
  "entropy": {
    "f1_mean": [
      0.10339743455101177,
      0.28208294691748836,
      0.25116028119245115,
      0.29384369301620644,
      0.300699051808541,
      0.35151961254682107,
      0.3601974616909262,
      0.41820115739700403,
      0.42934110643533396,
      0.40849087942321766
    ],
    "f1_std": [
      0.0,
      0.0,
      0.0,
      0.0,
      0.0,
      0.0,
      0.0,
      0.0,
      0.0,
      0.0
    ],
    "acc_mean": [
      0.1952,
      0.3077,
      0.2832,
      0.3287,
      0.3365,
      0.3656,
      0.3796,
      0.4295,
      0.4356,
      0.4159
    ],
    "acc_std": [
      0.0,
      0.0,
      0.0,
      0.0,
      0.0,
      0.0,
      0.0,
      0.0,
      0.0,
      0.0
    ],
    "final_f1_mean": 0.40849087942321766,
    "final_f1_std": 0.0,
    "best_f1_mean": 0.42934110643533396,
    "best_f1_std": 0.0,
    "n_seeds": 1,
    "seeds": [
      456
    ],
    "avg_train_time_per_round": 6.10047595500946,
    "total_train_time": 61.004759550094604,
    "peak_gpu_memory_mb": 236.80078125,
    "avg_query_time": 0.0005193471908569336,
    "total_query_time": 0.005193471908569336,
    "n_human_labeled_mean": [
      100.0,
      200.0,
      300.0,
      400.0,
      500.0,
      600.0,
      700.0,
      800.0,
      900.0,
      1000.0
    ],
    "total_pseudo_labeled": 291
  },
  "gap_aware_entropy": {
    "f1_mean": [
      0.10339743455101177,
      0.19275308037065328,
      0.21229072223452441,
      0.24311744225572474,
      0.2844064655480524,
      0.35597632932604323,
      0.3676906681373096,
      0.3925253628632869,
      0.3947653307214202,
      0.42467482089503034
    ],
    "f1_std": [
      0.0,
      0.0,
      0.0,
      0.0,
      0.0,
      0.0,
      0.0,
      0.0,
      0.0,
      0.0
    ],
    "acc_mean": [
      0.1952,
      0.2465,
      0.2607,
      0.2849,
      0.3177,
      0.368,
      0.3831,
      0.3998,
      0.407,
      0.4251
    ],
    "acc_std": [
      0.0,
      0.0,
      0.0,
      0.0,
      0.0,
      0.0,
      0.0,
      0.0,
      0.0,
      0.0
    ],
    "final_f1_mean": 0.42467482089503034,
    "final_f1_std": 0.0,
    "best_f1_mean": 0.42467482089503034,
    "best_f1_std": 0.0,
    "n_seeds": 1,
    "seeds": [
      456
    ],
    "avg_train_time_per_round": 5.848166656494141,
    "total_train_time": 58.481666564941406,
    "peak_gpu_memory_mb": 241.42138671875,
    "avg_query_time": 0.1559133768081665,
    "total_query_time": 1.559133768081665,
    "n_human_labeled_mean": [
      100.0,
      200.0,
      300.0,
      400.0,
      500.0,
      600.0,
      700.0,
      800.0,
      900.0,
      1000.0
    ],
    "total_pseudo_labeled": 313
  },
  "full_supervision": {
    "accuracy": 0.8591,
    "f1": 0.8585779203633006,
    "train_time": 1326.2446491718292,
    "gpu_memory_mb": 146.5634765625,
    "epochs": 50
  }
}