{
  "badge": {
    "f1_mean": [
      0.002867148701862794,
      0.011476636034685107,
      0.015736632003702247,
      0.0239253759118105,
      0.027318112145246667,
      0.04302462673163742,
      0.056776104856819234,
      0.06415474514468276,
      0.07549379563968213,
      0.0844656540589671
    ],
    "f1_std": [
      0.0,
      0.0,
      0.0,
      0.0,
      0.0,
      0.0,
      0.0,
      0.0,
      0.0,
      0.0
    ],
    "acc_mean": [
      0.0255,
      0.0399,
      0.0475,
      0.0527,
      0.0594,
      0.0769,
      0.0852,
      0.0968,
      0.1077,
      0.1182
    ],
    "acc_std": [
      0.0,
      0.0,
      0.0,
      0.0,
      0.0,
      0.0,
      0.0,
      0.0,
      0.0,
      0.0
    ],
    "final_f1_mean": 0.0844656540589671,
    "final_f1_std": 0.0,
    "best_f1_mean": 0.0844656540589671,
    "best_f1_std": 0.0,
    "n_seeds": 1,
    "seeds": [
      1024
    ],
    "avg_train_time_per_round": 3.1792422771453857,
    "total_train_time": 31.792422771453857,
    "peak_gpu_memory_mb": 229.876953125,
    "avg_query_time": 304.46911923885347,
    "total_query_time": 3044.6911923885345,
    "n_human_labeled_mean": [
      100.0,
      200.0,
      300.0,
      400.0,
      500.0,
      600.0,
      700.0,
      800.0,
      900.0,
      1000.0
    ],
    "total_pseudo_labeled": 54
  },
  "coreset": {
    "f1_mean": [
      0.002867148701862794,
      0.009739965646771235,
      0.014009250217354987,
      0.017657788989166735,
      0.026671904285620007,
      0.03406356030813103,
      0.03943903656875989,
      0.054233983606832424,
      0.05754515352974203,
      0.07093816693182224
    ],
    "f1_std": [
      0.0,
      0.0,
      0.0,
      0.0,
      0.0,
      0.0,
      0.0,
      0.0,
      0.0,
      0.0
    ],
    "acc_mean": [
      0.0255,
      0.0375,
      0.0396,
      0.0451,
      0.0505,
      0.0606,
      0.0673,
      0.0799,
      0.0845,
      0.0935
    ],
    "acc_std": [
      0.0,
      0.0,
      0.0,
      0.0,
      0.0,
      0.0,
      0.0,
      0.0,
      0.0,
      0.0
    ],
    "final_f1_mean": 0.07093816693182224,
    "final_f1_std": 0.0,
    "best_f1_mean": 0.07093816693182224,
    "best_f1_std": 0.0,
    "n_seeds": 1,
    "seeds": [
      1024
    ],
    "avg_train_time_per_round": 3.030084562301636,
    "total_train_time": 30.300845623016357,
    "peak_gpu_memory_mb": 259.2216796875,
    "avg_query_time": 14.242480540275574,
    "total_query_time": 142.42480540275574,
    "n_human_labeled_mean": [
      100.0,
      200.0,
      300.0,
      400.0,
      500.0,
      600.0,
      700.0,
      800.0,
      900.0,
      1000.0
    ],
    "total_pseudo_labeled": 49
  },
  "entropy": {
    "f1_mean": [
      0.002867148701862794,
      0.013704000476986616,
      0.01640573994970623,
      0.018242491815691108,
      0.016672005406949183,
      0.025846512861683317,
      0.03523150211544509,
      0.042775154440611064,
      0.05230381227413286,
      0.06236611682143569
    ],
    "f1_std": [
      0.0,
      0.0,
      0.0,
      0.0,
      0.0,
      0.0,
      0.0,
      0.0,
      0.0,
      0.0
    ],
    "acc_mean": [
      0.0255,
      0.0406,
      0.0341,
      0.039,
      0.0417,
      0.0462,
      0.0543,
      0.0631,
      0.0721,
      0.0823
    ],
    "acc_std": [
      0.0,
      0.0,
      0.0,
      0.0,
      0.0,
      0.0,
      0.0,
      0.0,
      0.0,
      0.0
    ],
    "final_f1_mean": 0.06236611682143569,
    "final_f1_std": 0.0,
    "best_f1_mean": 0.06236611682143569,
    "best_f1_std": 0.0,
    "n_seeds": 1,
    "seeds": [
      1024
    ],
    "avg_train_time_per_round": 2.9679141283035277,
    "total_train_time": 29.67914128303528,
    "peak_gpu_memory_mb": 238.001953125,
    "avg_query_time": 0.004287075996398926,
    "total_query_time": 0.04287075996398926,
    "n_human_labeled_mean": [
      100.0,
      200.0,
      300.0,
      400.0,
      500.0,
      600.0,
      700.0,
      800.0,
      900.0,
      1000.0
    ],
    "total_pseudo_labeled": 15
  },
  "margin": {
    "f1_mean": [
      0.002867148701862794,
      0.012537032151643979,
      0.02053714963138387,
      0.021013671127780128,
      0.027539370395566136,
      0.04077332495203313,
      0.05833683273388138,
      0.0746037435883622,
      0.0880947489982248,
      0.10055565659113289
    ],
    "f1_std": [
      0.0,
      0.0,
      0.0,
      0.0,
      0.0,
      0.0,
      0.0,
      0.0,
      0.0,
      0.0
    ],
    "acc_mean": [
      0.0255,
      0.0453,
      0.051,
      0.0507,
      0.0605,
      0.0764,
      0.0926,
      0.1057,
      0.1161,
      0.1234
    ],
    "acc_std": [
      0.0,
      0.0,
      0.0,
      0.0,
      0.0,
      0.0,
      0.0,
      0.0,
      0.0,
      0.0
    ],
    "final_f1_mean": 0.10055565659113289,
    "final_f1_std": 0.0,
    "best_f1_mean": 0.10055565659113289,
    "best_f1_std": 0.0,
    "n_seeds": 1,
    "seeds": [
      1024
    ],
    "avg_train_time_per_round": 3.0746309995651244,
    "total_train_time": 30.746309995651245,
    "peak_gpu_memory_mb": 250.80029296875,
    "avg_query_time": 0.011514902114868164,
    "total_query_time": 0.11514902114868164,
    "n_human_labeled_mean": [
      100.0,
      200.0,
      300.0,
      400.0,
      500.0,
      600.0,
      700.0,
      800.0,
      900.0,
      1000.0
    ],
    "total_pseudo_labeled": 13
  },
  "qbc": {
    "f1_mean": [
      0.002867148701862794,
      0.010738712026259757,
      0.018414535020274146,
      0.023354698755373056,
      0.02906956447269338,
      0.03938474233435473,
      0.05197199172116137,
      0.06516008139512079,
      0.07519347486205816,
      0.09266926351125196
    ],
    "f1_std": [
      0.0,
      0.0,
      0.0,
      0.0,
      0.0,
      0.0,
      0.0,
      0.0,
      0.0,
      0.0
    ],
    "acc_mean": [
      0.0255,
      0.0413,
      0.0524,
      0.0527,
      0.0619,
      0.0726,
      0.0844,
      0.0941,
      0.1009,
      0.1161
    ],
    "acc_std": [
      0.0,
      0.0,
      0.0,
      0.0,
      0.0,
      0.0,
      0.0,
      0.0,
      0.0,
      0.0
    ],
    "final_f1_mean": 0.09266926351125196,
    "final_f1_std": 0.0,
    "best_f1_mean": 0.09266926351125196,
    "best_f1_std": 0.0,
    "n_seeds": 1,
    "seeds": [
      1024
    ],
    "avg_train_time_per_round": 3.0343963623046877,
    "total_train_time": 30.343963623046875,
    "peak_gpu_memory_mb": 245.4755859375,
    "avg_query_time": 3.631464385986328,
    "total_query_time": 36.31464385986328,
    "n_human_labeled_mean": [
      100.0,
      200.0,
      300.0,
      400.0,
      500.0,
      600.0,
      700.0,
      800.0,
      900.0,
      1000.0
    ],
    "total_pseudo_labeled": 32
  },
  "random": {
    "f1_mean": [
      0.002867148701862794,
      0.011174806085222855,
      0.017228148289163886,
      0.020264839553924538,
      0.02886882648391093,
      0.04227418026912922,
      0.050904292488284285,
      0.06970192724158843,
      0.0871635390053647,
      0.09127204243647875
    ],
    "f1_std": [
      0.0,
      0.0,
      0.0,
      0.0,
      0.0,
      0.0,
      0.0,
      0.0,
      0.0,
      0.0
    ],
    "acc_mean": [
      0.0255,
      0.0392,
      0.0465,
      0.0483,
      0.0558,
      0.0721,
      0.0808,
      0.0966,
      0.1137,
      0.1142
    ],
    "acc_std": [
      0.0,
      0.0,
      0.0,
      0.0,
      0.0,
      0.0,
      0.0,
      0.0,
      0.0,
      0.0
    ],
    "final_f1_mean": 0.09127204243647875,
    "final_f1_std": 0.0,
    "best_f1_mean": 0.09127204243647875,
    "best_f1_std": 0.0,
    "n_seeds": 1,
    "seeds": [
      1024
    ],
    "avg_train_time_per_round": 3.282137894630432,
    "total_train_time": 32.82137894630432,
    "peak_gpu_memory_mb": 229.50390625,
    "avg_query_time": 0.00020360946655273438,
    "total_query_time": 0.0020360946655273438,