{
  "adaptive_gap_entropy": {
    "f1_mean": [
      0.1340014371086201,
      0.20756255896072062,
      0.24267613014963682,
      0.31810372061583264,
      0.3079378849230057,
      0.3860565596033454,
      0.3867719618454819,
      0.4616588957849331,
      0.49297097739491097,
      0.5232762502428788
    ],
    "f1_std": [
      0.013869932181502299,
      0.04416888230530806,
      0.022590451384183318,
      0.038119441169502465,
      0.039485904710951335,
      0.004363520097504583,
      0.0028310301043217713,
      0.019824399399437004,
      0.008412445636554416,
      0.015516764968068095
    ],
    "acc_mean": [
      0.1823,
      0.25079999999999997,
      0.2939333333333333,
      0.3570666666666667,
      0.3556333333333333,
      0.4241,
      0.4327666666666667,
      0.4862666666666667,
      0.515,
      0.5378
    ],
    "acc_std": [
      0.014512753012437032,
      0.030853308844703622,
      0.019595974643334863,
      0.02601849769341463,
      0.032130601543630594,
      0.005189091121445702,
      0.008503463346712863,
      0.013024677432559424,
      0.009968951800465243,
      0.011468507604159591
    ],
    "final_f1_mean": 0.5232762502428788,
    "final_f1_std": 0.015516764968068095,
    "best_f1_mean": 0.5232762502428788,
    "best_f1_std": 0.015516764968068095,
    "n_seeds": 3,
    "seeds": [
      42,
      123,
      456
    ],
    "avg_train_time_per_round": 0.5358649651209514,
    "total_train_time": 16.07594895362854,
    "peak_gpu_memory_mb": 341.27001953125,
    "avg_query_time": 0.06833399136861165,
    "total_query_time": 2.0500197410583496,
    "n_human_labeled_mean": [
      100.0,
      200.0,
      300.0,
      400.0,
      500.0,
      600.0,
      700.0,
      800.0,
      900.0,
      1000.0
    ],
    "total_pseudo_labeled": 0
  },
  "badge": {
    "f1_mean": [
      0.1340014371086201,
      0.19606250782172094,
      0.2882015367882856,
      0.29826548379502843,
      0.3496898504826758,
      0.3980883572882643,
      0.4324600378520859,
      0.47234666532410996,
      0.4869020916745141,
      0.4949371888069809
    ],
    "f1_std": [
      0.013869932181502299,
      0.01694381973013655,
      0.02411093702966221,
      0.009716010636081785,
      0.024167945896635724,
      0.02365532391314522,
      0.016579080659195482,
      0.012096795436435439,
      0.004228475386597375,
      0.019898025395064526
    ],
    "acc_mean": [
      0.1823,
      0.25220000000000004,
      0.3325,
      0.34450000000000003,
      0.37989999999999996,
      0.42989999999999995,
      0.46290000000000003,
      0.5006666666666667,
      0.5110666666666667,
      0.5177999999999999
    ],
    "acc_std": [
      0.014512753012437032,
      0.023709210587167736,
      0.02616498933052843,
      0.010634221488509024,
      0.0168949696655543,
      0.024301988944665953,
      0.017692936443677178,
      0.013823972736598626,
      0.0031094837013383577,
      0.015559777204917372
    ],
    "final_f1_mean": 0.4949371888069809,
    "final_f1_std": 0.019898025395064526,
    "best_f1_mean": 0.49993416725538414,
    "best_f1_std": 0.016771029407492474,
    "n_seeds": 3,
    "seeds": [
      42,
      123,
      456
    ],
    "avg_train_time_per_round": 0.6397334178288777,
    "total_train_time": 19.192002534866333,
    "peak_gpu_memory_mb": 693.0390625,
    "avg_query_time": 3.282090497016907,
    "total_query_time": 98.4627149105072,
    "n_human_labeled_mean": [
      100.0,
      200.0,
      300.0,
      400.0,
      500.0,
      600.0,
      700.0,
      800.0,
      900.0,
      1000.0
    ],
    "total_pseudo_labeled": 0
  },
  "class_aware_entropy": {
    "f1_mean": [
      0.1340014371086201,
      0.2199562790022065,
      0.2769247987632994,
      0.3014352577845187,
      0.3221480669718091,
      0.39907566260231925,
      0.4320108094066089,
      0.46038929670173107,
      0.49014336666886865,
      0.5054638539945338
    ],
    "f1_std": [
      0.013869932181502299,
      0.050226413252507915,
      0.0606535651353532,
      0.03316064795349273,
      0.07642588776735756,
      0.04929507731050413,
      0.005790183915555406,
      0.01667966348594792,
      0.011005263600367401,
      0.02105153845065206
    ],
    "acc_mean": [
      0.1823,
      0.26553333333333334,
      0.3219,
      0.3547666666666667,
      0.3618666666666666,
      0.43273333333333336,
      0.46069999999999994,
      0.4892,
      0.5142333333333333,
      0.5295333333333333
    ],
    "acc_std": [
      0.014512753012437032,
      0.03672531672959253,
      0.04134110142057982,
      0.03176343110489727,
      0.05386503710406428,
      0.03174548086823628,
      0.00637704215656967,
      0.01421993905284644,
      0.008623353304963348,
      0.01475857566147748
    ],
    "final_f1_mean": 0.5054638539945338,
    "final_f1_std": 0.02105153845065206,
    "best_f1_mean": 0.5054638539945338,
    "best_f1_std": 0.02105153845065206,
    "n_seeds": 3,
    "seeds": [
      42,
      123,
      456
    ],
    "avg_train_time_per_round": 0.5335726022720337,
    "total_train_time": 16.00717806816101,
    "peak_gpu_memory_mb": 429.2119140625,
    "avg_query_time": 0.06630099614461263,
    "total_query_time": 1.989029884338379,
    "n_human_labeled_mean": [
      100.0,
      200.0,
      300.0,
      400.0,
      500.0,
      600.0,
      700.0,
      800.0,
      900.0,
      1000.0
    ],
    "total_pseudo_labeled": 0
  },
  "coreset": {
    "f1_mean": [
      0.1340014371086201,
      0.23610322200806358,
      0.30882314594843757,
      0.3262251083563855,
      0.34375754827785565,
      0.41332073417246934,
      0.42785159349639873,
      0.46239916083103827,
      0.4832850760391246,
      0.5211726829318498
    ],
    "f1_std": [
      0.013869932181502299,
      0.03732345633678098,
      0.02634489413905048,
      0.019714139404424375,
      0.017114521451544015,
      0.026112981537500808,
      0.014131637519606879,
      0.008241626414193272,
      0.002955132237972104,
      0.01694296483967886
    ],
    "acc_mean": [
      0.1823,
      0.2949333333333333,
      0.34759999999999996,
      0.3719333333333333,
      0.38409999999999994,
      0.4419666666666666,
      0.45520000000000005,
      0.49100000000000005,
      0.5112666666666666,
      0.5356
    ],
    "acc_std": [
      0.014512753012437032,
      0.027047283700134393,
      0.020320104986605414,
      0.013450485327881498,
      0.009104211479676128,
      0.024036407570368942,
      0.009687448924596548,
      0.00967505383275293,
      0.002106075866524182,
      0.01353243018332874
    ],
    "final_f1_mean": 0.5211726829318498,
    "final_f1_std": 0.01694296483967886,
    "best_f1_mean": 0.5211726829318498,
    "best_f1_std": 0.01694296483967886,
    "n_seeds": 3,
    "seeds": [
      42,
      123,
      456
    ],
    "avg_train_time_per_round": 0.5954343318939209,
    "total_train_time": 17.863029956817627,
    "peak_gpu_memory_mb": 693.0390625,
    "avg_query_time": 1.7837750832239787,
    "total_query_time": 53.51325249671936,
    "n_human_labeled_mean": [
      100.0,
      200.0,
      300.0,
      400.0,
      500.0,
      600.0,
      700.0,
      800.0,
      900.0,
      1000.0
    ],
    "total_pseudo_labeled": 0
  },
  "entropy": {
    "f1_mean": [
      0.1340014371086201,
      0.2150063974813615,
      0.25158893317714154,
      0.27462185194391375,
      0.2916505344289864,
      0.3581682916440914,
      0.3473831779962305,
      0.4631530368207426,
      0.487429116357744,
      0.491142600713289
    ],
    "f1_std": [
      0.013869932181502299,
      0.01616624754313874,
      0.032307933235279404,
      0.024485173898419907,
      0.0166863112856139,
      0.029042937013883063,
      0.0074157280971589795,
      0.018712840455862922,
      0.014789488670405644,
      0.026689037885161346
    ],