{
  "class_aware_entropy": {
    "f1_mean": [
      0.10339743455101177,
      0.255148782900268,
      0.2877768201854819,
      0.28040787813261725,
      0.3521804521762099,
      0.36728126069544415,
      0.3855534804705433,
      0.39463022799291264,
      0.433066612983154,
      0.4013242894456517
    ],
    "f1_std": [
      0.0,
      0.0,
      0.0,
      0.0,
      0.0,
      0.0,
      0.0,
      0.0,
      0.0,
      0.0
    ],
    "acc_mean": [
      0.1952,
      0.289,
      0.3137,
      0.3205,
      0.3706,
      0.3812,
      0.4028,
      0.4106,
      0.4453,
      0.428
    ],
    "acc_std": [
      0.0,
      0.0,
      0.0,
      0.0,
      0.0,
      0.0,
      0.0,
      0.0,
      0.0,
      0.0
    ],
    "final_f1_mean": 0.4013242894456517,
    "final_f1_std": 0.0,
    "best_f1_mean": 0.433066612983154,
    "best_f1_std": 0.0,
    "n_seeds": 1,
    "seeds": [
      456
    ],
    "avg_train_time_per_round": 3.8903061151504517,
    "total_train_time": 38.90306115150452,
    "peak_gpu_memory_mb": 228.80078125,
    "avg_query_time": 0.061923789978027347,
    "total_query_time": 0.6192378997802734,
    "n_human_labeled_mean": [
      100.0,
      200.0,
      300.0,
      400.0,
      500.0,
      600.0,
      700.0,
      800.0,
      900.0,
      1000.0
    ],
    "total_pseudo_labeled": 299
  },
  "full_supervision": {
    "accuracy": 0.8591,
    "f1": 0.8585779203633006,
    "train_time": 1330.4328997135162,
    "gpu_memory_mb": 134.19287109375,
    "epochs": 50
  }
}