{
  "adaptive_gap_entropy": {
    "f1_mean": [
      0.10797605835114081,
      0.13679065231437323,
      0.15155699116594817,
      0.0883754343929046,
      0.13422705394669737,
      0.1948809454159422,
      0.269766736739702,
      0.2810430006138892,
      0.32517159536322104,
      0.32479559975052796
    ],
    "f1_std": [
      0.0,
      0.0,
      0.0,
      0.0,
      0.0,
      0.0,
      0.0,
      0.0,
      0.0,
      0.0
    ],
    "acc_mean": [
      0.1866,
      0.1799,
      0.1965,
      0.1401,
      0.1784,
      0.2358,
      0.3122,
      0.3216,
      0.3698,
      0.3461
    ],
    "acc_std": [
      0.0,
      0.0,
      0.0,
      0.0,
      0.0,
      0.0,
      0.0,
      0.0,
      0.0,
      0.0
    ],
    "final_f1_mean": 0.32479559975052796,
    "final_f1_std": 0.0,
    "best_f1_mean": 0.32517159536322104,
    "best_f1_std": 0.0,
    "n_seeds": 1,
    "seeds": [
      42
    ],
    "avg_train_time_per_round": 0.45597808361053466,
    "total_train_time": 4.559780836105347,
    "peak_gpu_memory_mb": 131.31787109375,
    "avg_query_time": 0.05975041389465332,
    "total_query_time": 0.5975041389465332,
    "n_human_labeled_mean": [
      100.0,
      200.0,
      300.0,
      400.0,
      500.0,
      600.0,
      700.0,
      800.0,
      900.0,
      1000.0
    ],
    "total_pseudo_labeled": 0
  },
  "gap_aware_entropy": {
    "f1_mean": [
      0.10797605835114081,
      0.13111924101208888,
      0.14586177226471425,
      0.07479991844836914,
      0.1335602241657759,
      0.23162728398994542,
      0.27333375991597775,
      0.31864097276173453,
      0.3552677438229139,
      0.35463084852898136
    ],
    "f1_std": [
      0.0,
      0.0,
      0.0,
      0.0,
      0.0,
      0.0,
      0.0,
      0.0,
      0.0,
      0.0
    ],
    "acc_mean": [
      0.1866,
      0.1792,
      0.1987,
      0.1293,
      0.1682,
      0.2622,
      0.3134,
      0.3434,
      0.3769,
      0.3753
    ],
    "acc_std": [
      0.0,
      0.0,
      0.0,
      0.0,
      0.0,
      0.0,
      0.0,
      0.0,
      0.0,
      0.0
    ],
    "final_f1_mean": 0.35463084852898136,
    "final_f1_std": 0.0,
    "best_f1_mean": 0.3552677438229139,
    "best_f1_std": 0.0,
    "n_seeds": 1,
    "seeds": [
      42
    ],
    "avg_train_time_per_round": 0.6267759084701539,
    "total_train_time": 6.267759084701538,
    "peak_gpu_memory_mb": 131.31787109375,
    "avg_query_time": 0.05994009971618652,
    "total_query_time": 0.5994009971618652,
    "n_human_labeled_mean": [
      100.0,
      200.0,
      300.0,
      400.0,
      500.0,
      600.0,
      700.0,
      800.0,
      900.0,
      1000.0
    ],
    "total_pseudo_labeled": 0
  },
  "full_supervision": {
    "accuracy": 0.7641,
    "f1": 0.7575697828088535,
    "train_time": 278.20913791656494,
    "gpu_memory_mb": 133.69287109375,
    "epochs": 50
  }
}