{
  "adaptive_gap_entropy": {
    "f1_mean": [
      0.09475799326885229,
      0.18167125978958681,
      0.20708392312652363,
      0.21748128451924353,
      0.25534066213890816,
      0.26863315479419986,
      0.2747758368805764,
      0.30349342348173297,
      0.3120739474220221,
      0.28205369811798564
    ],
    "f1_std": [
      0.0,
      0.0,
      0.0,
      0.0,
      0.0,
      0.0,
      0.0,
      0.0,
      0.0,
      0.0
    ],
    "acc_mean": [
      0.1716,
      0.2483,
      0.2751,
      0.2663,
      0.3005,
      0.3186,
      0.3213,
      0.3376,
      0.3383,
      0.3129
    ],
    "acc_std": [
      0.0,
      0.0,
      0.0,
      0.0,
      0.0,
      0.0,
      0.0,
      0.0,
      0.0,
      0.0
    ],
    "final_f1_mean": 0.28205369811798564,
    "final_f1_std": 0.0,
    "best_f1_mean": 0.3120739474220221,
    "best_f1_std": 0.0,
    "n_seeds": 1,
    "seeds": [
      456
    ],
    "avg_train_time_per_round": 3.9533579349517822,
    "total_train_time": 39.53357934951782,
    "peak_gpu_memory_mb": 241.4228515625,
    "avg_query_time": 0.0645305871963501,
    "total_query_time": 0.645305871963501,
    "n_human_labeled_mean": [
      100.0,
      200.0,
      300.0,
      400.0,
      500.0,
      600.0,
      700.0,
      800.0,
      900.0,
      1000.0
    ],
    "total_pseudo_labeled": 985
  },
  "class_aware_entropy": {
    "f1_mean": [
      0.09475799326885229,
      0.13726968695915764,
      0.1930814050810151,
      0.2406271361271337,
      0.23678704412704515,
      0.2633506922953679,
      0.27286689150195603,
      0.32232678647996055,
      0.35710792974799765,
      0.352447652450075
    ],
    "f1_std": [
      0.0,
      0.0,
      0.0,
      0.0,
      0.0,
      0.0,
      0.0,
      0.0,
      0.0,
      0.0
    ],
    "acc_mean": [
      0.1716,
      0.22,
      0.2654,
      0.2949,
      0.286,
      0.3161,
      0.3337,
      0.359,
      0.3931,
      0.3833
    ],
    "acc_std": [
      0.0,
      0.0,
      0.0,
      0.0,
      0.0,
      0.0,
      0.0,
      0.0,
      0.0,
      0.0
    ],
    "final_f1_mean": 0.352447652450075,
    "final_f1_std": 0.0,
    "best_f1_mean": 0.35710792974799765,
    "best_f1_std": 0.0,
    "n_seeds": 1,
    "seeds": [
      456
    ],
    "avg_train_time_per_round": 4.1606110572814945,
    "total_train_time": 41.60611057281494,
    "peak_gpu_memory_mb": 241.4228515625,
    "avg_query_time": 0.06465721130371094,
    "total_query_time": 0.6465721130371094,
    "n_human_labeled_mean": [
      100.0,
      200.0,
      300.0,
      400.0,
      500.0,
      600.0,
      700.0,
      800.0,
      900.0,
      1000.0
    ],
    "total_pseudo_labeled": 1027
  },
  "entropy": {
    "f1_mean": [
      0.09475799326885229,
      0.13107081691291617,
      0.2035669343161667,
      0.17361133635167794,
      0.22841879791340727,
      0.2613895621995506,
      0.25250158001152856,
      0.30403147373176154,
      0.3111562884883851,
      0.30128963831923716
    ],
    "f1_std": [
      0.0,
      0.0,
      0.0,
      0.0,
      0.0,
      0.0,
      0.0,
      0.0,
      0.0,
      0.0
    ],
    "acc_mean": [
      0.1716,
      0.2155,
      0.2677,
      0.2549,
      0.2869,
      0.3163,
      0.3122,
      0.3498,
      0.3601,
      0.3535
    ],
    "acc_std": [
      0.0,
      0.0,
      0.0,
      0.0,
      0.0,
      0.0,
      0.0,
      0.0,
      0.0,
      0.0
    ],
    "final_f1_mean": 0.30128963831923716,
    "final_f1_std": 0.0,
    "best_f1_mean": 0.3111562884883851,
    "best_f1_std": 0.0,
    "n_seeds": 1,
    "seeds": [
      456
    ],
    "avg_train_time_per_round": 4.383490085601807,
    "total_train_time": 43.834900856018066,
    "peak_gpu_memory_mb": 236.80224609375,
    "avg_query_time": 0.0002483844757080078,
    "total_query_time": 0.002483844757080078,
    "n_human_labeled_mean": [
      100.0,
      200.0,
      300.0,
      400.0,
      500.0,
      600.0,
      700.0,
      800.0,
      900.0,
      1000.0
    ],
    "total_pseudo_labeled": 1395
  },
  "gap_aware_entropy": {
    "f1_mean": [
      0.09475799326885229,
      0.16910832567905704,
      0.2005210075635405,
      0.24748523356987326,
      0.24822309826049133,
      0.2860778507186301,
      0.3160534649070977,
      0.29108062920910616,
      0.3431113224963508,
      0.3590226166391328
    ],
    "f1_std": [
      0.0,
      0.0,
      0.0,
      0.0,
      0.0,
      0.0,
      0.0,
      0.0,
      0.0,
      0.0
    ],
    "acc_mean": [
      0.1716,
      0.2404,
      0.2662,
      0.289,
      0.2977,
      0.3332,
      0.3568,
      0.3352,
      0.3773,
      0.3847
    ],
    "acc_std": [
      0.0,
      0.0,
      0.0,
      0.0,
      0.0,
      0.0,
      0.0,
      0.0,
      0.0,
      0.0
    ],
    "final_f1_mean": 0.3590226166391328,
    "final_f1_std": 0.0,
    "best_f1_mean": 0.3590226166391328,
    "best_f1_std": 0.0,
    "n_seeds": 1,
    "seeds": [
      456
    ],
    "avg_train_time_per_round": 4.029045104980469,
    "total_train_time": 40.29045104980469,
    "peak_gpu_memory_mb": 241.4228515625,
    "avg_query_time": 0.06494655609130859,
    "total_query_time": 0.6494655609130859,
    "n_human_labeled_mean": [
      100.0,
      200.0,
      300.0,
      400.0,
      500.0,
      600.0,
      700.0,
      800.0,
      900.0,
      1000.0
    ],
    "total_pseudo_labeled": 896
  },
  "full_supervision": {
    "accuracy": 0,
    "f1": 0,
    "train_time": 0,
    "gpu_memory_mb": 0,
    "epochs": 0
  }
}