{
  "adaptive_gap_entropy": {
    "f1_mean": [
      0.14443437559140998,
      0.14937546956721212,
      0.20812829229876476,
      0.23053590340519933,
      0.2341360797095365,
      0.3231138583776057,
      0.34614813609931333,
      0.3869193616394025,
      0.4280061673586646,
      0.480692766997549
    ],
    "f1_std": [
      0.023869897873696855,
      0.025225352913632124,
      0.03415370931239435,
      0.03685118002717737,
      0.021520275773745785,
      0.04030865549875839,
      0.04010180382192156,
      0.02440496229439531,
      0.029108690958742946,
      0.036089743362368865
    ],
    "acc_mean": [
      0.20233333333333334,
      0.22266666666666668,
      0.2708,
      0.29050000000000004,
      0.2917666666666667,
      0.3793,
      0.3953333333333333,
      0.4344666666666667,
      0.46913333333333335,
      0.5108666666666667
    ],
    "acc_std": [
      0.02067741655902777,
      0.026683494690330364,
      0.028623882802070486,
      0.044709357708053316,
      0.026778390956557152,
      0.028495730674377648,
      0.035010887195588494,
      0.015060396925564604,
      0.021261754918684903,
      0.023079187353303613
    ],
    "final_f1_mean": 0.480692766997549,
    "final_f1_std": 0.036089743362368865,
    "best_f1_mean": 0.480692766997549,
    "best_f1_std": 0.036089743362368865,
    "n_seeds": 3,
    "seeds": [
      42,
      123,
      456
    ],
    "avg_train_time_per_round": 0.5299845218658448,
    "total_train_time": 15.899535655975342,
    "peak_gpu_memory_mb": 341.27001953125,
    "avg_query_time": 0.0629187027613322,
    "total_query_time": 1.8875610828399658,
    "n_human_labeled_mean": [
      100.0,
      200.0,
      300.0,
      400.0,
      500.0,
      600.0,
      700.0,
      800.0,
      900.0,
      1000.0
    ],
    "total_pseudo_labeled": 0
  },
  "badge": {
    "f1_mean": [
      0.14443437559140998,
      0.2171215129404842,
      0.25899048948559533,
      0.27896378971035335,
      0.2856849907583428,
      0.358386505852578,
      0.39045318850183114,
      0.44298724036117254,
      0.44178190495389397,
      0.46238289117338754
    ],
    "f1_std": [
      0.023869897873696855,
      0.04410755332744072,
      0.015621550105312717,
      0.03077105584261155,
      0.028788052382772565,
      0.00439053268311738,
      0.020254502032327263,
      0.033482057778515616,
      0.009982771374608915,
      0.0011786840508535633
    ],
    "acc_mean": [
      0.20233333333333334,
      0.2642333333333333,
      0.3158,
      0.33903333333333335,
      0.34026666666666666,
      0.4011,
      0.4275,
      0.47456666666666664,
      0.47973333333333334,
      0.4981
    ],
    "acc_std": [
      0.02067741655902777,
      0.04257513619734202,
      0.018383144453547655,
      0.024398952618686083,
      0.02528824935727175,
      0.005494239407476398,
      0.014602282926538104,
      0.02645327116928179,
      0.0061429272790385165,
      0.005666274496233565
    ],
    "final_f1_mean": 0.46238289117338754,
    "final_f1_std": 0.0011786840508535633,
    "best_f1_mean": 0.47078612804972836,
    "best_f1_std": 0.010758920951259666,
    "n_seeds": 3,
    "seeds": [
      42,
      123,
      456
    ],
    "avg_train_time_per_round": 0.6464489380518595,
    "total_train_time": 19.393468141555786,
    "peak_gpu_memory_mb": 693.0390625,
    "avg_query_time": 3.2384899934132894,
    "total_query_time": 97.15469980239868,
    "n_human_labeled_mean": [
      100.0,
      200.0,
      300.0,
      400.0,
      500.0,
      600.0,
      700.0,
      800.0,
      900.0,
      1000.0
    ],
    "total_pseudo_labeled": 0
  },
  "class_aware_entropy": {
    "f1_mean": [
      0.14443437559140998,
      0.14859833936575814,
      0.18987136646813532,
      0.20831732901854175,
      0.22962854704021743,
      0.3073245580381364,
      0.33663310637269994,
      0.41284902864145917,
      0.4341171805989091,
      0.4438562722157764
    ],
    "f1_std": [
      0.023869897873696855,
      0.041005150577594476,
      0.002589919422443744,
      0.015062236638452743,
      0.03290797352554202,
      0.032749825210654775,
      0.012063980210583481,
      0.012481895515110994,
      0.01568917486877294,
      0.015179921641306104
    ],
    "acc_mean": [
      0.20233333333333334,
      0.20783333333333331,
      0.25603333333333333,
      0.2778333333333333,
      0.2968,
      0.36096666666666666,
      0.3880666666666667,
      0.44756666666666667,
      0.4724,
      0.48023333333333335
    ],
    "acc_std": [
      0.02067741655902777,
      0.03660804404620504,
      0.011966991639041476,
      0.00902194854538394,
      0.024040105379691375,
      0.01872722320283735,
      0.012090032625633773,
      0.014088845075291132,
      0.013585286158193351,
      0.008168775237995545
    ],
    "final_f1_mean": 0.4438562722157764,
    "final_f1_std": 0.015179921641306104,
    "best_f1_mean": 0.45004127496057333,
    "best_f1_std": 0.007999717678438613,
    "n_seeds": 3,
    "seeds": [
      42,
      123,
      456
    ],
    "avg_train_time_per_round": 0.5264137029647827,
    "total_train_time": 15.792411088943481,
    "peak_gpu_memory_mb": 429.2119140625,
    "avg_query_time": 0.06637624104817709,
    "total_query_time": 1.9912872314453125,
    "n_human_labeled_mean": [
      100.0,
      200.0,
      300.0,
      400.0,
      500.0,
      600.0,
      700.0,
      800.0,
      900.0,
      1000.0
    ],
    "total_pseudo_labeled": 0
  },
  "coreset": {
    "f1_mean": [
      0.14443437559140998,
      0.22940594741950418,
      0.24470597865414412,
      0.2728329963131791,
      0.28133084172459805,
      0.3411551586335488,
      0.36096864963382275,
      0.4169931077177154,
      0.4226571809823804,
      0.44824017432618674
    ],
    "f1_std": [
      0.023869897873696855,
      0.05281958668696507,
      0.019118860320522006,
      0.030738164166152562,
      0.009722160394473071,
      0.008359569126748357,
      0.013072940988385613,
      0.012625618104691901,
      0.02621912286594606,
      0.020556651296648774
    ],
    "acc_mean": [
      0.20233333333333334,
      0.2897,
      0.3147,
      0.33286666666666664,
      0.3318,
      0.389,
      0.4137666666666666,
      0.4552,
      0.4705333333333333,
      0.4817666666666667
    ],
    "acc_std": [
      0.02067741655902777,
      0.044743491146757866,
      0.014191781659350112,
      0.020116383593700157,
      0.018606987934644343,
      0.0018672618098881139,
      0.01351550549882945,
      0.007257180352359087,
      0.023962377919471103,
      0.017562523230510513
    ],
    "final_f1_mean": 0.44824017432618674,
    "final_f1_std": 0.020556651296648774,
    "best_f1_mean": 0.4565967271378184,
    "best_f1_std": 0.018160693094354464,
    "n_seeds": 3,
    "seeds": [
      42,
      123,
      456
    ],
    "avg_train_time_per_round": 0.5974995692571005,
    "total_train_time": 17.924987077713013,
    "peak_gpu_memory_mb": 693.0390625,
    "avg_query_time": 1.7607795556386312,
    "total_query_time": 52.823386669158936,
    "n_human_labeled_mean": [
      100.0,
      200.0,
      300.0,
      400.0,
      500.0,
      600.0,
      700.0,
      800.0,
      900.0,
      1000.0
    ],
    "total_pseudo_labeled": 0
  },
  "entropy": {
    "f1_mean": [
      0.14443437559140998,
      0.16551338809418767,
      0.21959823377736687,
      0.244094818055132,
      0.2686441366900598,
      0.30674908034445963,
      0.3280286181452884,
      0.4095959579210697,
      0.43107512481750115,
      0.47368687577150276
    ],
    "f1_std": [
      0.023869897873696855,
      0.021205603394304356,
      0.005189033231674411,
      0.05208027303308629,
      0.04494848342387442,
      0.0609712076652493,
      0.04823774575243988,
      0.040729503842246315,
      0.019081312173008003,
      0.016980642168589168
    ],