{
  "class_aware_entropy_ssl": {
    "f1_mean": [
      0.0020007757119402357,
      0.006226274725176858,
      0.01026886753226658,
      0.009847850757924981,
      0.01824415088929024,
      0.01702867311170282,
      0.023391798271964942,
      0.032667976815012614,
      0.039102887393236245,
      0.04341922116542836
    ],
    "f1_std": [
      0.0,
      0.0,
      0.0,
      0.0,
      0.0,
      0.0,
      0.0,
      0.0,
      0.0,
      0.0
    ],
    "acc_mean": [
      0.02,
      0.0243,
      0.0321,
      0.0315,
      0.0465,
      0.0511,
      0.0554,
      0.0665,
      0.0719,
      0.0799
    ],
    "acc_std": [
      0.0,
      0.0,
      0.0,
      0.0,
      0.0,
      0.0,
      0.0,
      0.0,
      0.0,
      0.0
    ],
    "final_f1_mean": 0.04341922116542836,
    "final_f1_std": 0.0,
    "best_f1_mean": 0.04341922116542836,
    "best_f1_std": 0.0,
    "n_seeds": 1,
    "seeds": [
      456
    ],
    "avg_train_time_per_round": 2.5495654106140138,
    "total_train_time": 25.495654106140137,
    "peak_gpu_memory_mb": 229.50390625,
    "avg_query_time": 0.06570146083831788,
    "total_query_time": 0.6570146083831787,
    "n_human_labeled_mean": [
      100.0,
      200.0,
      300.0,
      400.0,
      500.0,
      600.0,
      700.0,
      800.0,
      900.0,
      1000.0
    ],
    "total_pseudo_labeled": 20
  },
  "gap_aware_entropy_ssl": {
    "f1_mean": [
      0.0020007757119402357,
      0.0067240337759808845,
      0.011867654426889432,
      0.014307475614186285,
      0.01740063830420712,
      0.020373131905910613,
      0.026212417226793572,
      0.03417164939423025,
      0.038559834631632366,
      0.04476175157222559
    ],
    "f1_std": [
      0.0,
      0.0,
      0.0,
      0.0,
      0.0,
      0.0,
      0.0,
      0.0,
      0.0,
      0.0
    ],
    "acc_mean": [
      0.02,
      0.0235,
      0.0339,
      0.0413,
      0.0477,
      0.0532,
      0.0616,
      0.0732,
      0.0769,
      0.0854
    ],
    "acc_std": [
      0.0,
      0.0,
      0.0,
      0.0,
      0.0,
      0.0,
      0.0,
      0.0,
      0.0,
      0.0
    ],
    "final_f1_mean": 0.04476175157222559,
    "final_f1_std": 0.0,
    "best_f1_mean": 0.04476175157222559,
    "best_f1_std": 0.0,
    "n_seeds": 1,
    "seeds": [
      456
    ],
    "avg_train_time_per_round": 2.423105072975159,
    "total_train_time": 24.231050729751587,
    "peak_gpu_memory_mb": 229.376953125,
    "avg_query_time": 0.06667969226837159,
    "total_query_time": 0.6667969226837158,
    "n_human_labeled_mean": [
      100.0,
      200.0,
      300.0,
      400.0,
      500.0,
      600.0,
      700.0,
      800.0,
      900.0,
      1000.0
    ],
    "total_pseudo_labeled": 34
  },
  "full_supervision": {
    "accuracy": 0.3288,
    "f1": 0.27386110014667664,
    "train_time": 201.4888780117035,
    "gpu_memory_mb": 134.67626953125,
    "epochs": 50
  }
}