{
  "rho_1": {
    "badge": {
      "mean_f1": 0.42015974574774473,
      "std_f1": 0.021105905323953494
    },
    "coreset": {
      "mean_f1": 0.4011074026080913,
      "std_f1": 0.010313389534733455
    },
    "entropy": {
      "mean_f1": 0.4246798397301281,
      "std_f1": 0.01328750616916653
    },
    "margin": {
      "mean_f1": 0.448771384564822,
      "std_f1": 0.01251618322531424
    },
    "qbc": {
      "mean_f1": 0.4513732057393963,
      "std_f1": 0.009589359046058241
    },
    "random": {
      "mean_f1": 0.44270289410394836,
      "std_f1": 0.005108017232681336
    }
  },
  "rho_5": {
    "badge": {
      "mean_f1": 0.42151611943052786,
      "std_f1": 0.010849141256808845
    },
    "coreset": {
      "mean_f1": 0.3693577910996394,
      "std_f1": 0.023730553209501872
    },
    "entropy": {
      "mean_f1": 0.3994551713973731,
      "std_f1": 0.015186603778593382
    },
    "margin": {
      "mean_f1": 0.42694553105999616,
      "std_f1": 0.01992833675635814
    },
    "qbc": {
      "mean_f1": 0.4262784416987836,
      "std_f1": 0.024264027315905184
    },
    "random": {
      "mean_f1": 0.41274020407988965,
      "std_f1": 0.00950947221829902
    }
  },
  "rho_10": {
    "badge": {
      "mean_f1": 0.336133418538776,
      "std_f1": 0.016537421857413487
    },
    "coreset": {
      "mean_f1": 0.3299465519747201,
      "std_f1": 0.0166413283655949
    },
    "entropy": {
      "mean_f1": 0.34377276402546203,
      "std_f1": 0.012006435173325532
    },
    "margin": {
      "mean_f1": 0.3444932938924258,
      "std_f1": 0.02339996450574413
    },
    "qbc": {
      "mean_f1": 0.3769286104938736,
      "std_f1": 0.016094091803047442
    },
    "random": {
      "mean_f1": 0.35586080195635406,
      "std_f1": 0.017802177499571175
    },
    "tail_aware_entropy": {
      "mean_f1": 0.3187898985994071,
      "std_f1": 0.031532384242422315,
      "seeds": [
        42,
        123,
        456,
        789,
        1024
      ],
      "all_f1_scores": [
        0.2920413092877519,
        0.3160942416580141,
        0.3618854449675945,
        0.2780651514346861,
        0.3458633456489887
      ]
    }
  },
  "rho_20": {
    "badge": {
      "mean_f1": 0.31946394121494265,
      "std_f1": 0.018040111164963242
    },
    "coreset": {
      "mean_f1": 0.2929984508869366,
      "std_f1": 0.009583880573621629
    },
    "entropy": {
      "mean_f1": 0.312447155970475,
      "std_f1": 0.006647663555595642
    },
    "margin": {
      "mean_f1": 0.30424830731438063,
      "std_f1": 0.020955957357087687
    },
    "qbc": {
      "mean_f1": 0.2979986309211308,
      "std_f1": 0.015380940909283812
    },
    "random": {
      "mean_f1": 0.297635938019747,
      "std_f1": 0.018722701681672768
    }
  },
  "rho_50": {
    "badge": {
      "mean_f1": 0.25387410248023584,
      "std_f1": 0.02252601062141747
    },
    "coreset": {
      "mean_f1": 0.2510444626650852,
      "std_f1": 0.0354325705200897
    },
    "entropy": {
      "mean_f1": 0.25847561895705323,
      "std_f1": 0.010914705616524911
    },
    "margin": {
      "mean_f1": 0.26801616174528886,
      "std_f1": 0.015806056788104348
    },
    "qbc": {
      "mean_f1": 0.2554160102560351,
      "std_f1": 0.014448470282127543
    },
    "random": {
      "mean_f1": 0.2474978067345294,
      "std_f1": 0.021437503804231237
    },
    "tail_aware_entropy": {
      "mean_f1": 0.23637902946752956,
      "std_f1": 0.039260211921945926,
      "seeds": [
        42,
        123,
        456,
        789,
        1024
      ],
      "all_f1_scores": [
        0.28145286607880093,
        0.18659636511747263,
        0.2653370916423922,
        0.1921275174894976,
        0.2563813070094844
      ]
    }
  },
  "rho_100": {
    "badge": {
      "mean_f1": 0.22137639618302485,
      "std_f1": 0.01398357052289877
    },
    "coreset": {
      "mean_f1": 0.21018049966973487,
      "std_f1": 0.015458613653718381
    },
    "entropy": {
      "mean_f1": 0.2578670059362595,
      "std_f1": 0.01796255737686894
    },
    "margin": {
      "mean_f1": 0.2611907997150858,
      "std_f1": 0.018981850813238898
    },
    "qbc": {
      "mean_f1": 0.22893212654879536,
      "std_f1": 0.02640807936650092
    },
    "random": {
      "mean_f1": 0.22058544428158905,
      "std_f1": 0.015330413883933915
    }
  }
}