{
  "adaptive_gap_entropy": {
    "f1_mean": [
      0.05883882797283595,
      0.03258578042669085,
      0.06353999988478101,
      0.04478681758212384,
      0.08189063823229681,
      0.18454151285043283,
      0.19057733289624523,
      0.237207692051879,
      0.2520551935194952,
      0.28599946715325353
    ],
    "f1_std": [
      0.0,
      0.0,
      0.0,
      0.0,
      0.0,
      0.0,
      0.0,
      0.0,
      0.0,
      0.0
    ],
    "acc_mean": [
      0.1586,
      0.108,
      0.1739,
      0.1174,
      0.1475,
      0.2524,
      0.2586,
      0.2924,
      0.3091,
      0.3379
    ],
    "acc_std": [
      0.0,
      0.0,
      0.0,
      0.0,
      0.0,
      0.0,
      0.0,
      0.0,
      0.0,
      0.0
    ],
    "final_f1_mean": 0.28599946715325353,
    "final_f1_std": 0.0,
    "best_f1_mean": 0.28599946715325353,
    "best_f1_std": 0.0,
    "n_seeds": 1,
    "seeds": [
      456
    ],
    "avg_train_time_per_round": 1.1865509510040284,
    "total_train_time": 11.865509510040283,
    "peak_gpu_memory_mb": 143.1884765625,
    "avg_query_time": 0.15521414279937745,
    "total_query_time": 1.5521414279937744,
    "n_human_labeled_mean": [
      100.0,
      200.0,
      300.0,
      400.0,
      500.0,
      600.0,
      700.0,
      800.0,
      900.0,
      1000.0
    ],
    "total_pseudo_labeled": 0
  },
  "class_aware_entropy": {
    "f1_mean": [
      0.05883882797283595,
      0.06523192472580638,
      0.1336133118432085,
      0.09153113360973086,
      0.16438146190142172,
      0.2312712191379926,
      0.2235935968227872,
      0.24996152246395864,
      0.28217922972252507,
      0.2894302675030064
    ],
    "f1_std": [
      0.0,
      0.0,
      0.0,
      0.0,
      0.0,
      0.0,
      0.0,
      0.0,
      0.0,
      0.0
    ],
    "acc_mean": [
      0.1586,
      0.1761,
      0.1911,
      0.1624,
      0.2403,
      0.2832,
      0.267,
      0.3066,
      0.3427,
      0.3548
    ],
    "acc_std": [
      0.0,
      0.0,
      0.0,
      0.0,
      0.0,
      0.0,
      0.0,
      0.0,
      0.0,
      0.0
    ],
    "final_f1_mean": 0.2894302675030064,
    "final_f1_std": 0.0,
    "best_f1_mean": 0.2894302675030064,
    "best_f1_std": 0.0,
    "n_seeds": 1,
    "seeds": [
      456
    ],
    "avg_train_time_per_round": 1.1263080358505249,
    "total_train_time": 11.263080358505249,
    "peak_gpu_memory_mb": 143.1884765625,
    "avg_query_time": 0.15521023273468018,
    "total_query_time": 1.5521023273468018,
    "n_human_labeled_mean": [
      100.0,
      200.0,
      300.0,
      400.0,
      500.0,
      600.0,
      700.0,
      800.0,
      900.0,
      1000.0
    ],
    "total_pseudo_labeled": 0
  },
  "entropy": {
    "f1_mean": [
      0.05883882797283595,
      0.044713676598483555,
      0.07755825632472182,
      0.050862278429677096,
      0.09713292838226709,
      0.1586369501071418,
      0.18829514247878296,
      0.22307600236289798,
      0.24141233752546903,
      0.26240940059630785
    ],
    "f1_std": [
      0.0,
      0.0,
      0.0,
      0.0,
      0.0,
      0.0,
      0.0,
      0.0,
      0.0,
      0.0
    ],
    "acc_mean": [
      0.1586,
      0.1167,
      0.1721,
      0.1198,
      0.1753,
      0.2354,
      0.2639,
      0.2882,
      0.3104,
      0.3215
    ],
    "acc_std": [
      0.0,
      0.0,
      0.0,
      0.0,
      0.0,
      0.0,
      0.0,
      0.0,
      0.0,
      0.0
    ],
    "final_f1_mean": 0.26240940059630785,
    "final_f1_std": 0.0,
    "best_f1_mean": 0.26240940059630785,
    "best_f1_std": 0.0,
    "n_seeds": 1,
    "seeds": [
      456
    ],
    "avg_train_time_per_round": 1.366062331199646,
    "total_train_time": 13.66062331199646,
    "peak_gpu_memory_mb": 139.31787109375,
    "avg_query_time": 0.0005330085754394531,
    "total_query_time": 0.005330085754394531,
    "n_human_labeled_mean": [
      100.0,
      200.0,
      300.0,
      400.0,
      500.0,
      600.0,
      700.0,
      800.0,
      900.0,
      1000.0
    ],
    "total_pseudo_labeled": 0
  },
  "gap_aware_entropy": {
    "f1_mean": [
      0.05883882797283595,
      0.033811326972484936,
      0.061032668154949475,
      0.05123912049729251,
      0.08827226969469719,
      0.16576736726647587,
      0.17081804065481157,
      0.21849324128705802,
      0.2428695298008745,
      0.24850825383613911
    ],
    "f1_std": [
      0.0,
      0.0,
      0.0,
      0.0,
      0.0,
      0.0,
      0.0,
      0.0,
      0.0,
      0.0
    ],
    "acc_mean": [
      0.1586,
      0.1088,
      0.1723,
      0.1257,
      0.1538,
      0.233,
      0.2452,
      0.285,
      0.3084,
      0.3065
    ],
    "acc_std": [
      0.0,
      0.0,
      0.0,
      0.0,
      0.0,
      0.0,
      0.0,
      0.0,
      0.0,
      0.0
    ],
    "final_f1_mean": 0.24850825383613911,
    "final_f1_std": 0.0,
    "best_f1_mean": 0.24850825383613911,
    "best_f1_std": 0.0,
    "n_seeds": 1,
    "seeds": [
      456
    ],
    "avg_train_time_per_round": 1.1459944725036622,
    "total_train_time": 11.459944725036621,
    "peak_gpu_memory_mb": 143.1884765625,
    "avg_query_time": 0.1558292865753174,
    "total_query_time": 1.5582928657531738,
    "n_human_labeled_mean": [
      100.0,
      200.0,
      300.0,
      400.0,
      500.0,
      600.0,
      700.0,
      800.0,
      900.0,
      1000.0
    ],
    "total_pseudo_labeled": 0
  },
  "full_supervision": {
    "accuracy": 0.6506,
    "f1": 0.6239700319415206,
    "train_time": 226.19472122192383,
    "gpu_memory_mb": 145.5634765625,
    "epochs": 50
  }
}