{
  "entropy": {
    "final_f1_mean": 0.42665502362987356,
    "final_f1_std": 0.010678826856673759,
    "n_seeds": 3
  }
}