{
  "gap_aware_entropy": {
    "f1_mean": [
      0.10339743455101177,
      0.19275308037065328,
      0.21229072223452441,
      0.24311744225572474,
      0.2844064655480524,
      0.35597632932604323,
      0.3676906681373096,
      0.3925253628632869,
      0.3947653307214202,
      0.42467482089503034
    ],
    "f1_std": [
      0.0,
      0.0,
      0.0,
      0.0,
      0.0,
      0.0,
      0.0,
      0.0,
      0.0,
      0.0
    ],
    "acc_mean": [
      0.1952,
      0.2465,
      0.2607,
      0.2849,
      0.3177,
      0.368,
      0.3831,
      0.3998,
      0.407,
      0.4251
    ],
    "acc_std": [
      0.0,
      0.0,
      0.0,
      0.0,
      0.0,
      0.0,
      0.0,
      0.0,
      0.0,
      0.0
    ],
    "final_f1_mean": 0.42467482089503034,
    "final_f1_std": 0.0,
    "best_f1_mean": 0.42467482089503034,
    "best_f1_std": 0.0,
    "n_seeds": 1,
    "seeds": [
      456
    ],
    "avg_train_time_per_round": 4.218910360336304,
    "total_train_time": 42.18910360336304,
    "peak_gpu_memory_mb": 228.80078125,
    "avg_query_time": 0.06412403583526612,
    "total_query_time": 0.6412403583526611,
    "n_human_labeled_mean": [
      100.0,
      200.0,
      300.0,
      400.0,
      500.0,
      600.0,
      700.0,
      800.0,
      900.0,
      1000.0
    ],
    "total_pseudo_labeled": 313
  },
  "full_supervision": {
    "accuracy": 0.8591,
    "f1": 0.8585779203633006,
    "train_time": 632.8276240825653,
    "gpu_memory_mb": 134.19287109375,
    "epochs": 50
  }
}