{
  "class_aware_entropy": {
    "f1_mean": [
      0.10797605835114081,
      0.16123167427957338,
      0.06763598740044612,
      0.14276856244563563,
      0.19205729974609081,
      0.24442810717332802,
      0.2928482978103075,
      0.31919303831555074,
      0.3463072809446618,
      0.354425512880299
    ],
    "f1_std": [
      0.0,
      0.0,
      0.0,
      0.0,
      0.0,
      0.0,
      0.0,
      0.0,
      0.0,
      0.0
    ],
    "acc_mean": [
      0.1866,
      0.2362,
      0.1266,
      0.2138,
      0.2327,
      0.29,
      0.326,
      0.3546,
      0.3702,
      0.3916
    ],
    "acc_std": [
      0.0,
      0.0,
      0.0,
      0.0,
      0.0,
      0.0,
      0.0,
      0.0,
      0.0,
      0.0
    ],
    "final_f1_mean": 0.354425512880299,
    "final_f1_std": 0.0,
    "best_f1_mean": 0.354425512880299,
    "best_f1_std": 0.0,
    "n_seeds": 1,
    "seeds": [
      42
    ],
    "avg_train_time_per_round": 0.4690543651580811,
    "total_train_time": 4.6905436515808105,
    "peak_gpu_memory_mb": 143.1884765625,
    "avg_query_time": 0.06003248691558838,
    "total_query_time": 0.6003248691558838,
    "n_human_labeled_mean": [
      100.0,
      200.0,
      300.0,
      400.0,
      500.0,
      600.0,
      700.0,
      800.0,
      900.0,
      1000.0
    ],
    "total_pseudo_labeled": 0
  },
  "entropy": {
    "f1_mean": [
      0.10797605835114081,
      0.13256445510738268,
      0.10938040826514159,
      0.10099580442537903,
      0.1849623439294435,
      0.23231569843340102,
      0.2433569290166128,
      0.2965089980692223,
      0.29977769338218774,
      0.3343780094617434
    ],
    "f1_std": [
      0.0,
      0.0,
      0.0,
      0.0,
      0.0,
      0.0,
      0.0,
      0.0,
      0.0,
      0.0
    ],
    "acc_mean": [
      0.1866,
      0.1741,
      0.1634,
      0.1457,
      0.2299,
      0.2751,
      0.2917,
      0.346,
      0.3385,
      0.374
    ],
    "acc_std": [
      0.0,
      0.0,
      0.0,
      0.0,
      0.0,
      0.0,
      0.0,
      0.0,
      0.0,
      0.0
    ],
    "final_f1_mean": 0.3343780094617434,
    "final_f1_std": 0.0,
    "best_f1_mean": 0.3343780094617434,
    "best_f1_std": 0.0,
    "n_seeds": 1,
    "seeds": [
      42
    ],
    "avg_train_time_per_round": 0.5959911584854126,
    "total_train_time": 5.959911584854126,
    "peak_gpu_memory_mb": 139.31787109375,
    "avg_query_time": 0.00023925304412841797,
    "total_query_time": 0.0023925304412841797,
    "n_human_labeled_mean": [
      100.0,
      200.0,
      300.0,
      400.0,
      500.0,
      600.0,
      700.0,
      800.0,
      900.0,
      1000.0
    ],
    "total_pseudo_labeled": 0
  },
  "full_supervision": {
    "accuracy": 0.7641,
    "f1": 0.7575697828088535,
    "train_time": 271.359010219574,
    "gpu_memory_mb": 145.5634765625,
    "epochs": 50
  }
}