{
  "adaptive_gap_entropy": {
    "f1_mean": [
      0.08077974316995014,
      0.19001192220062751,
      0.223529365718003,
      0.23728525239686604,
      0.22559171802756617,
      0.2911164179197119,
      0.3110378905823512,
      0.3358842791813502,
      0.3700504898329228,
      0.4027314253348509
    ],
    "f1_std": [
      0.0,
      0.0,
      0.0,
      0.0,
      0.0,
      0.0,
      0.0,
      0.0,
      0.0,
      0.0
    ],
    "acc_mean": [
      0.1476,
      0.2625,
      0.2765,
      0.2851,
      0.2923,
      0.3362,
      0.3518,
      0.3625,
      0.3973,
      0.424
    ],
    "acc_std": [
      0.0,
      0.0,
      0.0,
      0.0,
      0.0,
      0.0,
      0.0,
      0.0,
      0.0,
      0.0
    ],
    "final_f1_mean": 0.4027314253348509,
    "final_f1_std": 0.0,
    "best_f1_mean": 0.4027314253348509,
    "best_f1_std": 0.0,
    "n_seeds": 1,
    "seeds": [
      456
    ],
    "avg_train_time_per_round": 3.1396931171417237,
    "total_train_time": 31.396931171417236,
    "peak_gpu_memory_mb": 241.42138671875,
    "avg_query_time": 0.06328511238098145,
    "total_query_time": 0.6328511238098145,
    "n_human_labeled_mean": [
      100.0,
      200.0,
      300.0,
      400.0,
      500.0,
      600.0,
      700.0,
      800.0,
      900.0,
      1000.0
    ],
    "total_pseudo_labeled": 481
  },
  "class_aware_entropy": {
    "f1_mean": [
      0.08077974316995014,
      0.143318188089354,
      0.20717345037732476,
      0.23643035741479101,
      0.23783798542694762,
      0.2804297874424337,
      0.31138199181656584,
      0.3142305751816499,
      0.38722183438430574,
      0.3965919562228328
    ],
    "f1_std": [
      0.0,
      0.0,
      0.0,
      0.0,
      0.0,
      0.0,
      0.0,
      0.0,
      0.0,
      0.0
    ],
    "acc_mean": [
      0.1476,
      0.2158,
      0.2741,
      0.2772,
      0.2846,
      0.3298,
      0.348,
      0.3546,
      0.4073,
      0.4185
    ],
    "acc_std": [
      0.0,
      0.0,
      0.0,
      0.0,
      0.0,
      0.0,
      0.0,
      0.0,
      0.0,
      0.0
    ],
    "final_f1_mean": 0.3965919562228328,
    "final_f1_std": 0.0,
    "best_f1_mean": 0.3965919562228328,
    "best_f1_std": 0.0,
    "n_seeds": 1,
    "seeds": [
      456
    ],
    "avg_train_time_per_round": 3.133802056312561,
    "total_train_time": 31.33802056312561,
    "peak_gpu_memory_mb": 241.42138671875,
    "avg_query_time": 0.06382458209991455,
    "total_query_time": 0.6382458209991455,
    "n_human_labeled_mean": [
      100.0,
      200.0,
      300.0,
      400.0,
      500.0,
      600.0,
      700.0,
      800.0,
      900.0,
      1000.0
    ],
    "total_pseudo_labeled": 324
  },
  "entropy": {
    "f1_mean": [
      0.08077974316995014,
      0.11485659133766987,
      0.16752603377750602,
      0.19375997654303886,
      0.17748395603763562,
      0.21782193783439913,
      0.29631549095530485,
      0.3226227852172983,
      0.36857840724527746,
      0.3564616853629684
    ],
    "f1_std": [
      0.0,
      0.0,
      0.0,
      0.0,
      0.0,
      0.0,
      0.0,
      0.0,
      0.0,
      0.0
    ],
    "acc_mean": [
      0.1476,
      0.2024,
      0.2463,
      0.2618,
      0.2558,
      0.2818,
      0.3339,
      0.3573,
      0.3866,
      0.3796
    ],
    "acc_std": [
      0.0,
      0.0,
      0.0,
      0.0,
      0.0,
      0.0,
      0.0,
      0.0,
      0.0,
      0.0
    ],
    "final_f1_mean": 0.3564616853629684,
    "final_f1_std": 0.0,
    "best_f1_mean": 0.36857840724527746,
    "best_f1_std": 0.0,
    "n_seeds": 1,
    "seeds": [
      456
    ],
    "avg_train_time_per_round": 3.3999817609786986,
    "total_train_time": 33.99981760978699,
    "peak_gpu_memory_mb": 236.80078125,
    "avg_query_time": 0.00025141239166259766,
    "total_query_time": 0.0025141239166259766,
    "n_human_labeled_mean": [
      100.0,
      200.0,
      300.0,
      400.0,
      500.0,
      600.0,
      700.0,
      800.0,
      900.0,
      1000.0
    ],
    "total_pseudo_labeled": 499
  },
  "gap_aware_entropy": {
    "f1_mean": [
      0.08077974316995014,
      0.19360348207220637,
      0.222302351809266,
      0.2213027731469835,
      0.24215334039615563,
      0.2731253494608673,
      0.30039131892865933,
      0.32338233666955196,
      0.3528455474821141,
      0.3803847565983342
    ],
    "f1_std": [
      0.0,
      0.0,
      0.0,
      0.0,
      0.0,
      0.0,
      0.0,
      0.0,
      0.0,
      0.0
    ],
    "acc_mean": [
      0.1476,
      0.265,
      0.2709,
      0.2691,
      0.2986,
      0.322,
      0.3452,
      0.3521,
      0.3773,
      0.402
    ],
    "acc_std": [
      0.0,
      0.0,
      0.0,
      0.0,
      0.0,
      0.0,
      0.0,
      0.0,
      0.0,
      0.0
    ],
    "final_f1_mean": 0.3803847565983342,
    "final_f1_std": 0.0,
    "best_f1_mean": 0.3803847565983342,
    "best_f1_std": 0.0,
    "n_seeds": 1,
    "seeds": [
      456
    ],
    "avg_train_time_per_round": 3.042618489265442,
    "total_train_time": 30.42618489265442,
    "peak_gpu_memory_mb": 241.42138671875,
    "avg_query_time": 0.06464495658874511,
    "total_query_time": 0.6464495658874512,
    "n_human_labeled_mean": [
      100.0,
      200.0,
      300.0,
      400.0,
      500.0,
      600.0,
      700.0,
      800.0,
      900.0,
      1000.0
    ],
    "total_pseudo_labeled": 444
  },
  "full_supervision": {
    "accuracy": 0,
    "f1": 0,
    "train_time": 0,
    "gpu_memory_mb": 0,
    "epochs": 0
  }
}