{
  "adaptive_gap_entropy": {
    "f1_mean": [
      0.1594937694379675,
      0.13131267792818394,
      0.17138621593599893,
      0.1765275339733773,
      0.24456876466710376,
      0.3268117648174193,
      0.33976005713629454,
      0.41217424750373677,
      0.4348505540306384,
      0.42059164926036957
    ],
    "f1_std": [
      0.0,
      0.0,
      0.0,
      0.0,
      0.0,
      0.0,
      0.0,
      0.0,
      0.0,
      0.0
    ],
    "acc_mean": [
      0.2272,
      0.1988,
      0.23,
      0.2325,
      0.2776,
      0.3364,
      0.3474,
      0.4123,
      0.4378,
      0.4195
    ],
    "acc_std": [
      0.0,
      0.0,
      0.0,
      0.0,
      0.0,
      0.0,
      0.0,
      0.0,
      0.0,
      0.0
    ],
    "final_f1_mean": 0.42059164926036957,
    "final_f1_std": 0.0,
    "best_f1_mean": 0.4348505540306384,
    "best_f1_std": 0.0,
    "n_seeds": 1,
    "seeds": [
      456
    ],
    "avg_train_time_per_round": 0.6113991737365723,
    "total_train_time": 6.113991737365723,
    "peak_gpu_memory_mb": 131.31787109375,
    "avg_query_time": 0.06625266075134277,
    "total_query_time": 0.6625266075134277,
    "n_human_labeled_mean": [
      100.0,
      200.0,
      300.0,
      400.0,
      500.0,
      600.0,
      700.0,
      800.0,
      900.0,
      1000.0
    ],
    "total_pseudo_labeled": 0
  },
  "class_aware_entropy": {
    "f1_mean": [
      0.1594937694379675,
      0.17774639191402944,
      0.144683209774535,
      0.18712568674909183,
      0.18495891936750652,
      0.2855003288701456,
      0.32697400500085194,
      0.377808509956134,
      0.3949505650641566,
      0.40885731030740075
    ],
    "f1_std": [
      0.0,
      0.0,
      0.0,
      0.0,
      0.0,
      0.0,
      0.0,
      0.0,
      0.0,
      0.0
    ],
    "acc_mean": [
      0.2272,
      0.2368,
      0.2053,
      0.2406,
      0.24,
      0.2952,
      0.3469,
      0.3843,
      0.4006,
      0.4205
    ],
    "acc_std": [
      0.0,
      0.0,
      0.0,
      0.0,
      0.0,
      0.0,
      0.0,
      0.0,
      0.0,
      0.0
    ],
    "final_f1_mean": 0.40885731030740075,
    "final_f1_std": 0.0,
    "best_f1_mean": 0.40885731030740075,
    "best_f1_std": 0.0,
    "n_seeds": 1,
    "seeds": [
      456
    ],
    "avg_train_time_per_round": 0.814247465133667,
    "total_train_time": 8.14247465133667,
    "peak_gpu_memory_mb": 131.31787109375,
    "avg_query_time": 0.07718150615692139,
    "total_query_time": 0.7718150615692139,
    "n_human_labeled_mean": [
      100.0,
      200.0,
      300.0,
      400.0,
      500.0,
      600.0,
      700.0,
      800.0,
      900.0,
      1000.0
    ],
    "total_pseudo_labeled": 0
  },
  "gap_aware_entropy": {
    "f1_mean": [
      0.1594937694379675,
      0.1268568305375053,
      0.14907129534503688,
      0.20682161394741821,
      0.21822325117884706,
      0.32506110836290486,
      0.3204082543357287,
      0.34527267638172254,
      0.3848955519226979,
      0.42172926207339084
    ],
    "f1_std": [
      0.0,
      0.0,
      0.0,
      0.0,
      0.0,
      0.0,
      0.0,
      0.0,
      0.0,
      0.0
    ],
    "acc_mean": [
      0.2272,
      0.1941,
      0.2196,
      0.2479,
      0.2592,
      0.3355,
      0.3393,
      0.365,
      0.3999,
      0.4285
    ],
    "acc_std": [
      0.0,
      0.0,
      0.0,
      0.0,
      0.0,
      0.0,
      0.0,
      0.0,
      0.0,
      0.0
    ],
    "final_f1_mean": 0.42172926207339084,
    "final_f1_std": 0.0,
    "best_f1_mean": 0.42172926207339084,
    "best_f1_std": 0.0,
    "n_seeds": 1,
    "seeds": [
      456
    ],
    "avg_train_time_per_round": 0.6613798618316651,
    "total_train_time": 6.61379861831665,
    "peak_gpu_memory_mb": 131.31787109375,
    "avg_query_time": 0.0747603416442871,
    "total_query_time": 0.7476034164428711,
    "n_human_labeled_mean": [
      100.0,
      200.0,
      300.0,
      400.0,
      500.0,
      600.0,
      700.0,
      800.0,
      900.0,
      1000.0
    ],
    "total_pseudo_labeled": 0
  },
  "full_supervision": {
    "accuracy": 0.8253,
    "f1": 0.8265456922879592,
    "train_time": 469.10605335235596,
    "gpu_memory_mb": 133.69287109375,
    "epochs": 50
  }
}