{
  "adaptive_gap_entropy": {
    "f1_mean": [
      0.10464035790381332,
      0.11581453442034348,
      0.15519443115795412,
      0.19665665436480648,
      0.22213781432539234,
      0.2533794483017671,
      0.2790160393898599,
      0.2983268504662842,
      0.3280702737204922,
      0.3504291635960517
    ],
    "f1_std": [
      0.0,
      0.0,
      0.0,
      0.0,
      0.0,
      0.0,
      0.0,
      0.0,
      0.0,
      0.0
    ],
    "acc_mean": [
      0.1712,
      0.2102,
      0.2502,
      0.2785,
      0.2886,
      0.3162,
      0.3342,
      0.3395,
      0.3643,
      0.3852
    ],
    "acc_std": [
      0.0,
      0.0,
      0.0,
      0.0,
      0.0,
      0.0,
      0.0,
      0.0,
      0.0,
      0.0
    ],
    "final_f1_mean": 0.3504291635960517,
    "final_f1_std": 0.0,
    "best_f1_mean": 0.3504291635960517,
    "best_f1_std": 0.0,
    "n_seeds": 1,
    "seeds": [
      456
    ],
    "avg_train_time_per_round": 5.916774344444275,
    "total_train_time": 59.16774344444275,
    "peak_gpu_memory_mb": 241.4228515625,
    "avg_query_time": 0.14929749965667724,
    "total_query_time": 1.4929749965667725,
    "n_human_labeled_mean": [
      100.0,
      200.0,
      300.0,
      400.0,
      500.0,
      600.0,
      700.0,
      800.0,
      900.0,
      1000.0
    ],
    "total_pseudo_labeled": 1083
  },
  "class_aware_entropy": {
    "f1_mean": [
      0.10464035790381332,
      0.13078421149748748,
      0.17154019320892386,
      0.1861083156950088,
      0.22459883622114324,
      0.2622200658663024,
      0.27924313803358786,
      0.2891206662238289,
      0.3008920316345278,
      0.3185309008974575
    ],
    "f1_std": [
      0.0,
      0.0,
      0.0,
      0.0,
      0.0,
      0.0,
      0.0,
      0.0,
      0.0,
      0.0
    ],
    "acc_mean": [
      0.1712,
      0.2121,
      0.2553,
      0.2611,
      0.286,
      0.3194,
      0.3295,
      0.3409,
      0.3555,
      0.3658
    ],
    "acc_std": [
      0.0,
      0.0,
      0.0,
      0.0,
      0.0,
      0.0,
      0.0,
      0.0,
      0.0,
      0.0
    ],
    "final_f1_mean": 0.3185309008974575,
    "final_f1_std": 0.0,
    "best_f1_mean": 0.3185309008974575,
    "best_f1_std": 0.0,
    "n_seeds": 1,
    "seeds": [
      456
    ],
    "avg_train_time_per_round": 6.225875830650329,
    "total_train_time": 62.258758306503296,
    "peak_gpu_memory_mb": 241.4228515625,
    "avg_query_time": 0.15467092990875245,
    "total_query_time": 1.5467092990875244,
    "n_human_labeled_mean": [
      100.0,
      200.0,
      300.0,
      400.0,
      500.0,
      600.0,
      700.0,
      800.0,
      900.0,
      1000.0
    ],
    "total_pseudo_labeled": 1115
  },
  "entropy": {
    "f1_mean": [
      0.10464035790381332,
      0.13567730957221807,
      0.1276274428766497,
      0.172152833313539,
      0.18897034627817688,
      0.2533655150184585,
      0.27772771112236205,
      0.29756932973223443,
      0.34758178913446436,
      0.2964807387145063
    ],
    "f1_std": [
      0.0,
      0.0,
      0.0,
      0.0,
      0.0,
      0.0,
      0.0,
      0.0,
      0.0,
      0.0
    ],
    "acc_mean": [
      0.1712,
      0.2321,
      0.2171,
      0.247,
      0.2662,
      0.3118,
      0.3269,
      0.3373,
      0.3734,
      0.3357
    ],
    "acc_std": [
      0.0,
      0.0,
      0.0,
      0.0,
      0.0,
      0.0,
      0.0,
      0.0,
      0.0,
      0.0
    ],
    "final_f1_mean": 0.2964807387145063,
    "final_f1_std": 0.0,
    "best_f1_mean": 0.34758178913446436,
    "best_f1_std": 0.0,
    "n_seeds": 1,
    "seeds": [
      456
    ],
    "avg_train_time_per_round": 6.258097171783447,
    "total_train_time": 62.58097171783447,
    "peak_gpu_memory_mb": 236.80224609375,
    "avg_query_time": 0.0005144596099853516,
    "total_query_time": 0.005144596099853516,
    "n_human_labeled_mean": [
      100.0,
      200.0,
      300.0,
      400.0,
      500.0,
      600.0,
      700.0,
      800.0,
      900.0,
      1000.0
    ],
    "total_pseudo_labeled": 949
  },
  "gap_aware_entropy": {
    "f1_mean": [
      0.10464035790381332,
      0.12734524479723683,
      0.15142879329357511,
      0.2316231288354757,
      0.21226570209152368,
      0.2411243520674497,
      0.28931662676368397,
      0.2993239994690372,
      0.2956457319251683,
      0.3387975766153036
    ],
    "f1_std": [
      0.0,
      0.0,
      0.0,
      0.0,
      0.0,
      0.0,
      0.0,
      0.0,
      0.0,
      0.0
    ],
    "acc_mean": [
      0.1712,
      0.2213,
      0.2442,
      0.2996,
      0.287,
      0.31,
      0.3416,
      0.3477,
      0.3439,
      0.3723
    ],
    "acc_std": [
      0.0,
      0.0,
      0.0,
      0.0,
      0.0,
      0.0,
      0.0,
      0.0,
      0.0,
      0.0
    ],
    "final_f1_mean": 0.3387975766153036,
    "final_f1_std": 0.0,
    "best_f1_mean": 0.3387975766153036,
    "best_f1_std": 0.0,
    "n_seeds": 1,
    "seeds": [
      456
    ],
    "avg_train_time_per_round": 6.676811408996582,
    "total_train_time": 66.76811408996582,
    "peak_gpu_memory_mb": 241.4228515625,
    "avg_query_time": 0.16683580875396728,
    "total_query_time": 1.6683580875396729,
    "n_human_labeled_mean": [
      100.0,
      200.0,
      300.0,
      400.0,
      500.0,
      600.0,
      700.0,
      800.0,
      900.0,
      1000.0
    ],
    "total_pseudo_labeled": 882
  },
  "full_supervision": {
    "accuracy": 0,
    "f1": 0,
    "train_time": 0,
    "gpu_memory_mb": 0,
    "epochs": 0
  }
}