{
  "gap_aware_entropy_ssl": {
    "f1_mean": [
      0.10339743455101177,
      0.2151655575765127,
      0.24855445298495518,
      0.2877291121528952,
      0.32352509365616366,
      0.31872493042061195,
      0.3778308145625132,
      0.3644017215215479,
      0.4162955780598671,
      0.4384126118371888
    ],
    "f1_std": [
      0.0,
      0.0,
      0.0,
      0.0,
      0.0,
      0.0,
      0.0,
      0.0,
      0.0,
      0.0
    ],
    "acc_mean": [
      0.1952,
      0.2624,
      0.3025,
      0.3242,
      0.3528,
      0.3447,
      0.386,
      0.3687,
      0.4265,
      0.4457
    ],
    "acc_std": [
      0.0,
      0.0,
      0.0,
      0.0,
      0.0,
      0.0,
      0.0,
      0.0,
      0.0,
      0.0
    ],
    "final_f1_mean": 0.4384126118371888,
    "final_f1_std": 0.0,
    "best_f1_mean": 0.4384126118371888,
    "best_f1_std": 0.0,
    "n_seeds": 1,
    "seeds": [
      456
    ],
    "avg_train_time_per_round": 3.9100207090377808,
    "total_train_time": 39.10020709037781,
    "peak_gpu_memory_mb": 228.80078125,
    "avg_query_time": 0.06156167984008789,
    "total_query_time": 0.6156167984008789,
    "n_human_labeled_mean": [
      100.0,
      200.0,
      300.0,
      400.0,
      500.0,
      600.0,
      700.0,
      800.0,
      900.0,
      1000.0
    ],
    "total_pseudo_labeled": 277
  },
  "full_supervision": {
    "accuracy": 0.8591,
    "f1": 0.8585779203633006,
    "train_time": 602.6640644073486,
    "gpu_memory_mb": 134.19287109375,
    "epochs": 50
  }
}