{
  "adaptive_gap_entropy": {
    "f1_mean": [
      0.08816755465991738,
      0.09815102578913507,
      0.11848610188592683,
      0.1625167265793521,
      0.15510240259499755,
      0.17213145619226275,
      0.23053404345024647,
      0.24952682615559046,
      0.24981232551632812,
      0.280173865326364
    ],
    "f1_std": [
      0.0,
      0.0,
      0.0,
      0.0,
      0.0,
      0.0,
      0.0,
      0.0,
      0.0,
      0.0
    ],
    "acc_mean": [
      0.1856,
      0.2003,
      0.214,
      0.2376,
      0.24,
      0.2584,
      0.3006,
      0.3204,
      0.3235,
      0.3473
    ],
    "acc_std": [
      0.0,
      0.0,
      0.0,
      0.0,
      0.0,
      0.0,
      0.0,
      0.0,
      0.0,
      0.0
    ],
    "final_f1_mean": 0.280173865326364,
    "final_f1_std": 0.0,
    "best_f1_mean": 0.280173865326364,
    "best_f1_std": 0.0,
    "n_seeds": 1,
    "seeds": [
      456
    ],
    "avg_train_time_per_round": 5.622537302970886,
    "total_train_time": 56.22537302970886,
    "peak_gpu_memory_mb": 241.4228515625,
    "avg_query_time": 0.15474309921264648,
    "total_query_time": 1.5474309921264648,
    "n_human_labeled_mean": [
      100.0,
      200.0,
      300.0,
      400.0,
      500.0,
      600.0,
      700.0,
      800.0,
      900.0,
      1000.0
    ],
    "total_pseudo_labeled": 1112
  },
  "class_aware_entropy": {
    "f1_mean": [
      0.08816755465991738,
      0.10756498491433557,
      0.10120320019295966,
      0.12997804093845283,
      0.15005734161415382,
      0.19091604359122444,
      0.22252745589552117,
      0.2467109271102435,
      0.24398143224836533,
      0.27224926172191816
    ],
    "f1_std": [
      0.0,
      0.0,
      0.0,
      0.0,
      0.0,
      0.0,
      0.0,
      0.0,
      0.0,
      0.0
    ],
    "acc_mean": [
      0.1856,
      0.2105,
      0.2034,
      0.2169,
      0.2327,
      0.2713,
      0.2988,
      0.3191,
      0.3313,
      0.3462
    ],
    "acc_std": [
      0.0,
      0.0,
      0.0,
      0.0,
      0.0,
      0.0,
      0.0,
      0.0,
      0.0,
      0.0
    ],
    "final_f1_mean": 0.27224926172191816,
    "final_f1_std": 0.0,
    "best_f1_mean": 0.27224926172191816,
    "best_f1_std": 0.0,
    "n_seeds": 1,
    "seeds": [
      456
    ],
    "avg_train_time_per_round": 5.610515189170838,
    "total_train_time": 56.105151891708374,
    "peak_gpu_memory_mb": 241.4228515625,
    "avg_query_time": 0.15324716567993163,
    "total_query_time": 1.5324716567993164,
    "n_human_labeled_mean": [
      100.0,
      200.0,
      300.0,
      400.0,
      500.0,
      600.0,
      700.0,
      800.0,
      900.0,
      1000.0
    ],
    "total_pseudo_labeled": 936
  },
  "entropy": {
    "f1_mean": [
      0.08816755465991738,
      0.09829029798871614,
      0.10032899162750752,
      0.14005490128578946,
      0.16067593308026126,
      0.16292812125001813,
      0.1843595200114229,
      0.2380224744738953,
      0.2567845574541294,
      0.26273741299048636
    ],
    "f1_std": [
      0.0,
      0.0,
      0.0,
      0.0,
      0.0,
      0.0,
      0.0,
      0.0,
      0.0,
      0.0
    ],
    "acc_mean": [
      0.1856,
      0.2026,
      0.2081,
      0.2325,
      0.2427,
      0.2515,
      0.2699,
      0.3093,
      0.3246,
      0.3292
    ],
    "acc_std": [
      0.0,
      0.0,
      0.0,
      0.0,
      0.0,
      0.0,
      0.0,
      0.0,
      0.0,
      0.0
    ],
    "final_f1_mean": 0.26273741299048636,
    "final_f1_std": 0.0,
    "best_f1_mean": 0.26273741299048636,
    "best_f1_std": 0.0,
    "n_seeds": 1,
    "seeds": [
      456
    ],
    "avg_train_time_per_round": 5.870604348182678,
    "total_train_time": 58.70604348182678,
    "peak_gpu_memory_mb": 236.80224609375,
    "avg_query_time": 0.0005966901779174804,
    "total_query_time": 0.005966901779174805,
    "n_human_labeled_mean": [
      100.0,
      200.0,
      300.0,
      400.0,
      500.0,
      600.0,
      700.0,
      800.0,
      900.0,
      1000.0
    ],
    "total_pseudo_labeled": 1226
  },
  "gap_aware_entropy": {
    "f1_mean": [
      0.08816755465991738,
      0.09856129676945358,
      0.12003642588803336,
      0.1366191713914356,
      0.17989697090862497,
      0.1821807642513939,
      0.20547274359657072,
      0.23319892595971936,
      0.2572714998757588,
      0.2556597643616799
    ],
    "f1_std": [
      0.0,
      0.0,
      0.0,
      0.0,
      0.0,
      0.0,
      0.0,
      0.0,
      0.0,
      0.0
    ],
    "acc_mean": [
      0.1856,
      0.2002,
      0.2137,
      0.2206,
      0.2483,
      0.2553,
      0.2762,
      0.3013,
      0.3285,
      0.3174
    ],
    "acc_std": [
      0.0,
      0.0,
      0.0,
      0.0,
      0.0,
      0.0,
      0.0,
      0.0,
      0.0,
      0.0
    ],
    "final_f1_mean": 0.2556597643616799,
    "final_f1_std": 0.0,
    "best_f1_mean": 0.2572714998757588,
    "best_f1_std": 0.0,
    "n_seeds": 1,
    "seeds": [
      456
    ],
    "avg_train_time_per_round": 5.674222493171692,
    "total_train_time": 56.74222493171692,
    "peak_gpu_memory_mb": 241.4228515625,
    "avg_query_time": 0.15547103881835939,
    "total_query_time": 1.5547103881835938,
    "n_human_labeled_mean": [
      100.0,
      200.0,
      300.0,
      400.0,
      500.0,
      600.0,
      700.0,
      800.0,
      900.0,
      1000.0
    ],
    "total_pseudo_labeled": 945
  },
  "full_supervision": {
    "accuracy": 0.6192,
    "f1": 0.5814762394932611,
    "train_time": 404.3370659351349,
    "gpu_memory_mb": 145.5634765625,
    "epochs": 50
  }
}