{
  "adaptive_gap_entropy": {
    "f1_mean": [
      0.10441222562603816,
      0.21525332015587884,
      0.24056970618657564,
      0.2737956066895163,
      0.277089285339245,
      0.314035643560716,
      0.35242683394928964,
      0.38886541897436644,
      0.3962131697844341,
      0.4009740301696333
    ],
    "f1_std": [
      0.020285237703679782,
      0.040478378189825595,
      0.0278482905301476,
      0.025862862180946168,
      0.061161174720035114,
      0.04296367760919308,
      0.01870293671378884,
      0.016049671108576302,
      0.016716678552797556,
      0.01655440866478202
    ],
    "acc_mean": [
      0.17166,
      0.24881999999999999,
      0.2685,
      0.30029999999999996,
      0.30864,
      0.34224,
      0.37558,
      0.40914,
      0.42114,
      0.42362
    ],
    "acc_std": [
      0.021863357473178722,
      0.0346423093918405,
      0.023571932462146575,
      0.027855340601040935,
      0.049093241897434324,
      0.027387632245230706,
      0.013984191074209484,
      0.011981418947687287,
      0.01233298017512393,
      0.01050588406560819
    ],
    "final_f1_mean": 0.4009740301696333,
    "final_f1_std": 0.01655440866478202,
    "best_f1_mean": 0.40705505080459703,
    "best_f1_std": 0.013808050462612012,
    "n_seeds": 5,
    "seeds": [
      42,
      123,
      456,
      789,
      1024
    ],
    "avg_train_time_per_round": 9.065677423477172,
    "total_train_time": 453.28387117385864,
    "peak_gpu_memory_mb": 228.80224609375,
    "avg_query_time": 0.22355332851409912,
    "total_query_time": 11.177666425704956,
    "n_human_labeled_mean": [
      100.0,
      200.0,
      300.0,
      400.0,
      500.0,
      600.0,
      700.0,
      800.0,
      900.0,
      1000.0
    ],
    "total_pseudo_labeled": 5415
  },
  "class_aware_entropy": {
    "f1_mean": [
      0.10441222562603816,
      0.2051325529988266,
      0.25191099044024173,
      0.2712246735118059,
      0.2974724309411168,
      0.31383902360027666,
      0.33642521762053124,
      0.3736048007662064,
      0.38367242217249675,
      0.38256648400041
    ],
    "f1_std": [
      0.020285237703679782,
      0.03644235438496449,
      0.027661617310982784,
      0.04452509647733535,
      0.021385240768695347,
      0.02720298733974499,
      0.02246307719353621,
      0.009234598146455057,
      0.0281791681931844,
      0.02648784245341668
    ],
    "acc_mean": [
      0.17166,
      0.25202,
      0.28237999999999996,
      0.30419999999999997,
      0.3251,
      0.35022,
      0.37107999999999997,
      0.39869999999999994,
      0.41147999999999996,
      0.41125999999999996
    ],
    "acc_std": [
      0.021863357473178722,
      0.03343150609828997,
      0.026547120371143845,
      0.027791797351017073,
      0.015532675236416953,
      0.016266948084997394,
      0.01405751044815545,
      0.006737655378542304,
      0.019257663409666295,
      0.015899383635852055
    ],
    "final_f1_mean": 0.38256648400041,
    "final_f1_std": 0.02648784245341668,
    "best_f1_mean": 0.39970015111505386,
    "best_f1_std": 0.018068086900026356,
    "n_seeds": 5,
    "seeds": [
      42,
      123,
      456,
      789,
      1024
    ],
    "avg_train_time_per_round": 11.137381134033204,
    "total_train_time": 556.8690567016602,
    "peak_gpu_memory_mb": 228.67529296875,
    "avg_query_time": 0.27739165782928465,
    "total_query_time": 13.869582891464233,
    "n_human_labeled_mean": [
      100.0,
      200.0,
      300.0,
      400.0,
      500.0,
      600.0,
      700.0,
      800.0,
      900.0,
      1000.0
    ],
    "total_pseudo_labeled": 5760
  },
  "gap_aware_entropy": {
    "f1_mean": [
      0.10441222562603816,
      0.21270328551690695,
      0.22578032133994128,
      0.2599284432742688,
      0.30997412342842917,
      0.33427689415848943,
      0.37015164809064516,
      0.3815546026533192,
      0.40237459384128255,
      0.4129425534378507
    ],
    "f1_std": [
      0.020285237703679782,
      0.03462856028656933,
      0.02573028030546256,
      0.03969388689554653,
      0.02007428466510865,
      0.013282348007638809,
      0.016683199948321722,
      0.02517679927774174,
      0.01531559822113184,
      0.024512161459451582
    ],
    "acc_mean": [
      0.17166,
      0.24570000000000003,
      0.2604,
      0.28868,
      0.32876,
      0.35838000000000003,
      0.3910600000000001,
      0.39952000000000004,
      0.41806,
      0.4266399999999999
    ],
    "acc_std": [
      0.021863357473178722,
      0.029213216187198552,
      0.02419148610565295,
      0.03270470302571175,
      0.015102794443413456,
      0.012986516084000359,
      0.009041150369283775,
      0.02747459917814999,
      0.015389424940523281,
      0.018500118918536708
    ],
    "final_f1_mean": 0.4129425534378507,
    "final_f1_std": 0.024512161459451582,
    "best_f1_mean": 0.41734720124736685,
    "best_f1_std": 0.02134428319850491,
    "n_seeds": 5,
    "seeds": [
      42,
      123,
      456,
      789,
      1024
    ],
    "avg_train_time_per_round": 10.69947205066681,
    "total_train_time": 534.9736025333405,
    "peak_gpu_memory_mb": 228.67529296875,
    "avg_query_time": 0.2552437114715576,
    "total_query_time": 12.76218557357788,
    "n_human_labeled_mean": [
      100.0,
      200.0,
      300.0,
      400.0,
      500.0,
      600.0,
      700.0,
      800.0,
      900.0,
      1000.0
    ],
    "total_pseudo_labeled": 5332
  },
  "full_supervision": {
    "accuracy": 0.8553,
    "f1": 0.8549341843295227,
    "train_time": 2312.530115842819,
    "gpu_memory_mb": 134.19287109375,
    "epochs": 50
  }
}