{
  "badge": {
    "f1_mean": [
      0.001589539199340092,
      0.006740489339044675,
      0.020547348473888855,
      0.015554015386013928,
      0.0246425546702061,
      0.039766563855966136,
      0.04585702737968855,
      0.05450072462732629,
      0.06429954344252328,
      0.0698544104211525
    ],
    "f1_std": [
      0.0,
      0.0,
      0.0,
      0.0,
      0.0,
      0.0,
      0.0,
      0.0,
      0.0,
      0.0
    ],
    "acc_mean": [
      0.0148,
      0.0266,
      0.0427,
      0.0424,
      0.0569,
      0.0711,
      0.0805,
      0.0928,
      0.1047,
      0.1096
    ],
    "acc_std": [
      0.0,
      0.0,
      0.0,
      0.0,
      0.0,
      0.0,
      0.0,
      0.0,
      0.0,
      0.0
    ],
    "final_f1_mean": 0.0698544104211525,
    "final_f1_std": 0.0,
    "best_f1_mean": 0.0698544104211525,
    "best_f1_std": 0.0,
    "n_seeds": 1,
    "seeds": [
      1024
    ],
    "avg_train_time_per_round": 0.7016785621643067,
    "total_train_time": 7.016785621643066,
    "peak_gpu_memory_mb": 131.71337890625,
    "avg_query_time": 156.46883177757263,
    "total_query_time": 1564.6883177757263,
    "n_human_labeled_mean": [
      100.0,
      200.0,
      300.0,
      400.0,
      500.0,
      600.0,
      700.0,
      800.0,
      900.0,
      1000.0
    ],
    "total_pseudo_labeled": 0
  },
  "coreset": {
    "f1_mean": [
      0.001589539199340092,
      0.007237832732412133,
      0.01245781015578772,
      0.013209151036000698,
      0.015093968196915917,
      0.023019795580626178,
      0.03272037558709374,
      0.04065755159199341,
      0.04467505786563035,
      0.056085496599456365
    ],
    "f1_std": [
      0.0,
      0.0,
      0.0,
      0.0,
      0.0,
      0.0,
      0.0,
      0.0,
      0.0,
      0.0
    ],
    "acc_mean": [
      0.0148,
      0.0258,
      0.0315,
      0.0398,
      0.0369,
      0.0504,
      0.0596,
      0.0658,
      0.0719,
      0.0856
    ],
    "acc_std": [
      0.0,
      0.0,
      0.0,
      0.0,
      0.0,
      0.0,
      0.0,
      0.0,
      0.0,
      0.0
    ],
    "final_f1_mean": 0.056085496599456365,
    "final_f1_std": 0.0,
    "best_f1_mean": 0.056085496599456365,
    "best_f1_std": 0.0,
    "n_seeds": 1,
    "seeds": [
      1024
    ],
    "avg_train_time_per_round": 0.7124990463256836,
    "total_train_time": 7.124990463256836,
    "peak_gpu_memory_mb": 158.43115234375,
    "avg_query_time": 7.43446626663208,
    "total_query_time": 74.3446626663208,
    "n_human_labeled_mean": [
      100.0,
      200.0,
      300.0,
      400.0,
      500.0,
      600.0,
      700.0,
      800.0,
      900.0,
      1000.0
    ],
    "total_pseudo_labeled": 0
  },
  "entropy": {
    "f1_mean": [
      0.001589539199340092,
      0.00986149679687978,
      0.012874318283907147,
      0.01602700117154288,
      0.01799229646932349,
      0.027407813372944987,
      0.03215855346999137,
      0.04501786714460637,
      0.048712034228958936,
      0.06015168670357793
    ],
    "f1_std": [
      0.0,
      0.0,
      0.0,
      0.0,
      0.0,
      0.0,
      0.0,
      0.0,
      0.0,
      0.0
    ],
    "acc_mean": [
      0.0148,
      0.0245,
      0.0291,
      0.0357,
      0.0407,
      0.0544,
      0.0621,
      0.071,
      0.0822,
      0.0967
    ],
    "acc_std": [
      0.0,
      0.0,
      0.0,
      0.0,
      0.0,
      0.0,
      0.0,
      0.0,
      0.0,
      0.0
    ],
    "final_f1_mean": 0.06015168670357793,
    "final_f1_std": 0.0,
    "best_f1_mean": 0.06015168670357793,
    "best_f1_std": 0.0,
    "n_seeds": 1,
    "seeds": [
      1024
    ],
    "avg_train_time_per_round": 0.5555156230926513,
    "total_train_time": 5.555156230926514,
    "peak_gpu_memory_mb": 139.71337890625,
    "avg_query_time": 0.0017974376678466797,
    "total_query_time": 0.017974376678466797,
    "n_human_labeled_mean": [
      100.0,
      200.0,
      300.0,
      400.0,
      500.0,
      600.0,
      700.0,
      800.0,
      900.0,
      1000.0
    ],
    "total_pseudo_labeled": 0
  },
  "margin": {
    "f1_mean": [
      0.001589539199340092,
      0.010574535988561208,
      0.020758287901258898,
      0.021161184492742225,
      0.025287479340135186,
      0.03491979743593853,
      0.043901359696447144,
      0.058648759909465706,
      0.06994391813098176,
      0.07271231868010702
    ],
    "f1_std": [
      0.0,
      0.0,
      0.0,
      0.0,
      0.0,
      0.0,
      0.0,
      0.0,
      0.0,
      0.0
    ],
    "acc_mean": [
      0.0148,
      0.0342,
      0.0412,
      0.0424,
      0.0519,
      0.0666,
      0.0757,
      0.0946,
      0.1067,
      0.1112
    ],
    "acc_std": [
      0.0,
      0.0,
      0.0,
      0.0,
      0.0,
      0.0,
      0.0,
      0.0,
      0.0,
      0.0
    ],
    "final_f1_mean": 0.07271231868010702,
    "final_f1_std": 0.0,
    "best_f1_mean": 0.07271231868010702,
    "best_f1_std": 0.0,
    "n_seeds": 1,
    "seeds": [
      1024
    ],
    "avg_train_time_per_round": 0.5348277568817139,
    "total_train_time": 5.348277568817139,
    "peak_gpu_memory_mb": 151.884765625,
    "avg_query_time": 0.005882620811462402,
    "total_query_time": 0.05882620811462402,
    "n_human_labeled_mean": [
      100.0,
      200.0,
      300.0,
      400.0,
      500.0,
      600.0,
      700.0,
      800.0,
      900.0,
      1000.0
    ],
    "total_pseudo_labeled": 0
  },
  "qbc": {
    "f1_mean": [
      0.001589539199340092,
      0.010407053100628647,
      0.01710510103007419,
      0.01807372583270556,
      0.025376653127052375,
      0.03351366992601299,
      0.04971131624487794,
      0.06402040311388356,
      0.07338206461636103,
      0.07706240193795134
    ],
    "f1_std": [
      0.0,
      0.0,
      0.0,
      0.0,
      0.0,
      0.0,
      0.0,
      0.0,
      0.0,
      0.0
    ],
    "acc_mean": [
      0.0148,
      0.0316,
      0.0424,
      0.047,
      0.051,
      0.0668,
      0.0821,
      0.0995,
      0.1104,
      0.1176
    ],
    "acc_std": [
      0.0,
      0.0,
      0.0,
      0.0,
      0.0,
      0.0,
      0.0,
      0.0,
      0.0,
      0.0
    ],
    "final_f1_mean": 0.07706240193795134,
    "final_f1_std": 0.0,
    "best_f1_mean": 0.07706240193795134,
    "best_f1_std": 0.0,
    "n_seeds": 1,
    "seeds": [
      1024
    ],
    "avg_train_time_per_round": 0.5561150312423706,
    "total_train_time": 5.561150312423706,
    "peak_gpu_memory_mb": 145.78076171875,
    "avg_query_time": 1.5803988695144653,
    "total_query_time": 15.803988695144653,
    "n_human_labeled_mean": [
      100.0,
      200.0,
      300.0,
      400.0,
      500.0,
      600.0,
      700.0,
      800.0,
      900.0,
      1000.0
    ],
    "total_pseudo_labeled": 0
  },
  "random": {
    "f1_mean": [
      0.001589539199340092,
      0.010280823725497728,
      0.021401867461982062,
      0.021892382577709948,
      0.02742436591434492,
      0.04185322448636706,
      0.0487388568427812,
      0.062262577846306344,
      0.07788019531127421,
      0.08272798918771374
    ],
    "f1_std": [
      0.0,
      0.0,
      0.0,
      0.0,
      0.0,
      0.0,
      0.0,
      0.0,
      0.0,
      0.0
    ],
    "acc_mean": [
      0.0148,
      0.0322,
      0.0486,
      0.0519,
      0.0574,
      0.0747,
      0.0815,
      0.0993,
      0.1131,
      0.1161
    ],
    "acc_std": [
      0.0,
      0.0,
      0.0,
      0.0,
      0.0,
      0.0,
      0.0,
      0.0,
      0.0,
      0.0
    ],
    "final_f1_mean": 0.08272798918771374,
    "final_f1_std": 0.0,
    "best_f1_mean": 0.08272798918771374,
    "best_f1_std": 0.0,
    "n_seeds": 1,
    "seeds": [
      1024
    ],
    "avg_train_time_per_round": 0.6243961572647094,
    "total_train_time": 6.243961572647095,
    "peak_gpu_memory_mb": 131.71337890625,
    "avg_query_time": 0.00011799335479736328,
    "total_query_time": 0.0011799335479736328,