{
  "adaptive_gap_entropy": {
    "f1_mean": [
      0.004205968792541115,
      0.007166163702845346,
      0.01133982255508642,
      0.01722936512057476,
      0.021116110455670842,
      0.02918109940429381,
      0.03054714071027096,
      0.04301007661268977,
      0.04832347835297683,
      0.05619569277147689
    ],
    "f1_std": [
      0.0,
      0.0,
      0.0,
      0.0,
      0.0,
      0.0,
      0.0,
      0.0,
      0.0,
      0.0
    ],
    "acc_mean": [
      0.0205,
      0.0267,
      0.0339,
      0.0401,
      0.0444,
      0.0548,
      0.0574,
      0.0781,
      0.0864,
      0.0897
    ],
    "acc_std": [
      0.0,
      0.0,
      0.0,
      0.0,
      0.0,
      0.0,
      0.0,
      0.0,
      0.0,
      0.0
    ],
    "final_f1_mean": 0.05619569277147689,
    "final_f1_std": 0.0,
    "best_f1_mean": 0.05619569277147689,
    "best_f1_std": 0.0,
    "n_seeds": 1,
    "seeds": [
      1024
    ],
    "avg_train_time_per_round": 4.922695159912109,
    "total_train_time": 49.226951599121094,
    "peak_gpu_memory_mb": 229.37841796875,
    "avg_query_time": 0.1584087133407593,
    "total_query_time": 1.5840871334075928,
    "n_human_labeled_mean": [
      100.0,
      200.0,
      300.0,
      400.0,
      500.0,
      600.0,
      700.0,
      800.0,
      900.0,
      1000.0
    ],
    "total_pseudo_labeled": 83
  },
  "class_aware_entropy": {
    "f1_mean": [
      0.004205968792541115,
      0.005920965042964596,
      0.011828265452484076,
      0.017032331680718472,
      0.020567362594556046,
      0.03127854291181739,
      0.03969577083229919,
      0.05247180476854773,
      0.05871044022069505,
      0.06874692840456369
    ],
    "f1_std": [
      0.0,
      0.0,
      0.0,
      0.0,
      0.0,
      0.0,
      0.0,
      0.0,
      0.0,
      0.0
    ],
    "acc_mean": [
      0.0205,
      0.0257,
      0.0361,
      0.0436,
      0.0475,
      0.0591,
      0.0659,
      0.0849,
      0.0929,
      0.1047
    ],
    "acc_std": [
      0.0,
      0.0,
      0.0,
      0.0,
      0.0,
      0.0,
      0.0,
      0.0,
      0.0,
      0.0
    ],
    "final_f1_mean": 0.06874692840456369,
    "final_f1_std": 0.0,
    "best_f1_mean": 0.06874692840456369,
    "best_f1_std": 0.0,
    "n_seeds": 1,
    "seeds": [
      1024
    ],
    "avg_train_time_per_round": 5.155309104919434,
    "total_train_time": 51.553091049194336,
    "peak_gpu_memory_mb": 229.50537109375,
    "avg_query_time": 0.15682392120361327,
    "total_query_time": 1.5682392120361328,
    "n_human_labeled_mean": [
      100.0,
      200.0,
      300.0,
      400.0,
      500.0,
      600.0,
      700.0,
      800.0,
      900.0,
      1000.0
    ],
    "total_pseudo_labeled": 60
  },
  "gap_aware_entropy": {
    "f1_mean": [
      0.004205968792541115,
      0.007043783758059933,
      0.013258000856497058,
      0.01771371905204135,
      0.02255356150050917,
      0.028791768098487477,
      0.03638201765562942,
      0.042493082540021695,
      0.051835476049168355,
      0.0651020925537747
    ],
    "f1_std": [
      0.0,
      0.0,
      0.0,
      0.0,
      0.0,
      0.0,
      0.0,
      0.0,
      0.0,
      0.0
    ],
    "acc_mean": [
      0.0205,
      0.0271,
      0.0372,
      0.0449,
      0.0456,
      0.0539,
      0.0708,
      0.0746,
      0.086,
      0.0966
    ],
    "acc_std": [
      0.0,
      0.0,
      0.0,
      0.0,
      0.0,
      0.0,
      0.0,
      0.0,
      0.0,
      0.0
    ],
    "final_f1_mean": 0.0651020925537747,
    "final_f1_std": 0.0,
    "best_f1_mean": 0.0651020925537747,
    "best_f1_std": 0.0,
    "n_seeds": 1,
    "seeds": [
      1024
    ],
    "avg_train_time_per_round": 4.923677754402161,
    "total_train_time": 49.236777544021606,
    "peak_gpu_memory_mb": 229.37841796875,
    "avg_query_time": 0.1587981939315796,
    "total_query_time": 1.587981939315796,
    "n_human_labeled_mean": [
      100.0,
      200.0,
      300.0,
      400.0,
      500.0,
      600.0,
      700.0,
      800.0,
      900.0,
      1000.0
    ],
    "total_pseudo_labeled": 90
  },
  "full_supervision": {
    "accuracy": 0.4315,
    "f1": 0.40808859105346473,
    "train_time": 586.4009997844696,
    "gpu_memory_mb": 134.67626953125,
    "epochs": 50
  }
}