{
  "entropy": {
    "f1_mean": [
      0.10339743455101177,
      0.28208294691748836,
      0.25116028119245115,
      0.29384369301620644,
      0.300699051808541,
      0.35151961254682107,
      0.3601974616909262,
      0.41820115739700403,
      0.42934110643533396,
      0.40849087942321766
    ],
    "f1_std": [
      0.0,
      0.0,
      0.0,
      0.0,
      0.0,
      0.0,
      0.0,
      0.0,
      0.0,
      0.0
    ],
    "acc_mean": [
      0.1952,
      0.3077,
      0.2832,
      0.3287,
      0.3365,
      0.3656,
      0.3796,
      0.4295,
      0.4356,
      0.4159
    ],
    "acc_std": [
      0.0,
      0.0,
      0.0,
      0.0,
      0.0,
      0.0,
      0.0,
      0.0,
      0.0,
      0.0
    ],
    "final_f1_mean": 0.40849087942321766,
    "final_f1_std": 0.0,
    "best_f1_mean": 0.42934110643533396,
    "best_f1_std": 0.0,
    "n_seeds": 1,
    "seeds": [
      456
    ],
    "avg_train_time_per_round": 3.5648548126220705,
    "total_train_time": 35.6485481262207,
    "peak_gpu_memory_mb": 236.80078125,
    "avg_query_time": 0.00035440921783447266,
    "total_query_time": 0.0035440921783447266,
    "n_human_labeled_mean": [
      100.0,
      200.0,
      300.0,
      400.0,
      500.0,
      600.0,
      700.0,
      800.0,
      900.0,
      1000.0
    ],
    "total_pseudo_labeled": 291
  },
  "full_supervision": {
    "accuracy": 0.8463,
    "f1": 0.8457802225751381,
    "train_time": 476.46447944641113,
    "gpu_memory_mb": 146.5634765625,
    "epochs": 50
  }
}