{
  "entropy": {
    "f1_mean": [
      0.15787105604319984,
      0.21297197643232688,
      0.23212648318725312,
      0.2946016173703199,
      0.29307692273932945,
      0.3334339073816419,
      0.3553443724284751,
      0.36194398719284465,
      0.3832069571443654,
      0.40098519660421234
    ],
    "f1_std": [
      0.02283328814904189,
      0.007384149721412025,
      0.016266750760664517,
      0.02722847878116306,
      0.014658907868967732,
      0.013181509628210436,
      0.0059279706498742615,
      0.01197263066777449,
      0.01113197279466502,
      0.0121607189499378
    ],
    "acc_mean": [
      0.2027,
      0.23929999999999998,
      0.2556333333333333,
      0.3087666666666667,
      0.3069,
      0.3375333333333333,
      0.36566666666666664,
      0.37156666666666666,
      0.3909666666666667,
      0.40830000000000005
    ],
    "acc_std": [
      0.01942026433050453,
      0.01077156751205074,
      0.003540558650206997,
      0.0195319112110299,
      0.009342733361638152,
      0.009336071027055344,
      0.008394574967732969,
      0.00470200902688297,
      0.007824037036949382,
      0.016251358917538768
    ],
    "final_f1_mean": 0.40098519660421234,
    "final_f1_std": 0.0121607189499378,
    "best_f1_mean": 0.40098519660421234,
    "best_f1_std": 0.0121607189499378,
    "n_seeds": 3,
    "seeds": [
      42,
      123,
      456
    ],
    "avg_train_time_per_round": 3.952567942937215,
    "total_train_time": 118.57703828811646,
    "peak_gpu_memory_mb": 249.544921875,
    "avg_query_time": 0.0005701621373494466,
    "total_query_time": 0.0171048641204834,
    "n_human_labeled_mean": [
      100.0,
      200.0,
      300.0,
      400.0,
      500.0,
      600.0,
      700.0,
      800.0,
      900.0,
      1000.0
    ],
    "total_pseudo_labeled": 791
  },
  "full_supervision": {
    "accuracy": 0.8463,
    "f1": 0.8457802225751381,
    "train_time": 1007.4373893737793,
    "gpu_memory_mb": 146.81396484375,
    "epochs": 50
  }
}