{
  "adaptive_gap_entropy": {
    "f1_mean": [
      0.10339743455101177,
      0.23669605277589892,
      0.23306614099919992,
      0.26760690845077956,
      0.33221798691462945,
      0.3574537038975423,
      0.40990044906517065,
      0.3891342226615418,
      0.42221541951551467,
      0.4208363090578858
    ],
    "f1_std": [
      0.0,
      0.0,
      0.0,
      0.0,
      0.0,
      0.0,
      0.0,
      0.0,
      0.0,
      0.0
    ],
    "acc_mean": [
      0.1952,
      0.2604,
      0.2744,
      0.3002,
      0.3497,
      0.3713,
      0.4136,
      0.3964,
      0.4369,
      0.4378
    ],
    "acc_std": [
      0.0,
      0.0,
      0.0,
      0.0,
      0.0,
      0.0,
      0.0,
      0.0,
      0.0,
      0.0
    ],
    "final_f1_mean": 0.4208363090578858,
    "final_f1_std": 0.0,
    "best_f1_mean": 0.42221541951551467,
    "best_f1_std": 0.0,
    "n_seeds": 1,
    "seeds": [
      456
    ],
    "avg_train_time_per_round": 7.077123665809632,
    "total_train_time": 70.77123665809631,
    "peak_gpu_memory_mb": 241.4228515625,
    "avg_query_time": 0.13387706279754638,
    "total_query_time": 1.3387706279754639,
    "n_human_labeled_mean": [
      100.0,
      200.0,
      300.0,
      400.0,
      500.0,
      600.0,
      700.0,
      800.0,
      900.0,
      1000.0
    ],
    "total_pseudo_labeled": 997
  },
  "class_aware_entropy": {
    "f1_mean": [
      0.10339743455101177,
      0.24723099008271107,
      0.28544986656546667,
      0.29502026385148855,
      0.33148616164587563,
      0.372307754381065,
      0.3039959070881905,
      0.35693851930998377,
      0.38962218665503257,
      0.39610715563159216
    ],
    "f1_std": [
      0.0,
      0.0,
      0.0,
      0.0,
      0.0,
      0.0,
      0.0,
      0.0,
      0.0,
      0.0
    ],
    "acc_mean": [
      0.1952,
      0.2861,
      0.3099,
      0.3118,
      0.3502,
      0.3914,
      0.3424,
      0.3867,
      0.4133,
      0.4236
    ],
    "acc_std": [
      0.0,
      0.0,
      0.0,
      0.0,
      0.0,
      0.0,
      0.0,
      0.0,
      0.0,
      0.0
    ],
    "final_f1_mean": 0.39610715563159216,
    "final_f1_std": 0.0,
    "best_f1_mean": 0.39610715563159216,
    "best_f1_std": 0.0,
    "n_seeds": 1,
    "seeds": [
      456
    ],
    "avg_train_time_per_round": 7.042054438591004,
    "total_train_time": 70.42054438591003,
    "peak_gpu_memory_mb": 241.4228515625,
    "avg_query_time": 0.1388176918029785,
    "total_query_time": 1.3881769180297852,
    "n_human_labeled_mean": [
      100.0,
      200.0,
      300.0,
      400.0,
      500.0,
      600.0,
      700.0,
      800.0,
      900.0,
      1000.0
    ],
    "total_pseudo_labeled": 1035
  },
  "entropy": {
    "f1_mean": [
      0.10339743455101177,
      0.28208294691748836,
      0.25116028119245115,
      0.29384369301620644,
      0.300699051808541,
      0.3508899487281497,
      0.28171397395904474,
      0.33094449582411595,
      0.37585763136344574,
      0.3661111471387305
    ],
    "f1_std": [
      0.0,
      0.0,
      0.0,
      0.0,
      0.0,
      0.0,
      0.0,
      0.0,
      0.0,
      0.0
    ],
    "acc_mean": [
      0.1952,
      0.3077,
      0.2832,
      0.3287,
      0.3365,
      0.3783,
      0.3145,
      0.3642,
      0.4052,
      0.3908
    ],
    "acc_std": [
      0.0,
      0.0,
      0.0,
      0.0,
      0.0,
      0.0,
      0.0,
      0.0,
      0.0,
      0.0
    ],
    "final_f1_mean": 0.3661111471387305,
    "final_f1_std": 0.0,
    "best_f1_mean": 0.37585763136344574,
    "best_f1_std": 0.0,
    "n_seeds": 1,
    "seeds": [
      456
    ],
    "avg_train_time_per_round": 7.793517637252807,
    "total_train_time": 77.93517637252808,
    "peak_gpu_memory_mb": 236.80224609375,
    "avg_query_time": 0.0005110740661621094,
    "total_query_time": 0.005110740661621094,
    "n_human_labeled_mean": [
      100.0,
      200.0,
      300.0,
      400.0,
      500.0,
      600.0,
      700.0,
      800.0,
      900.0,
      1000.0
    ],
    "total_pseudo_labeled": 1076
  },
  "gap_aware_entropy": {
    "f1_mean": [
      0.10339743455101177,
      0.19275308037065328,
      0.21229072223452441,
      0.24311744225572474,
      0.2844064655480524,
      0.32748985492644056,
      0.3613149617185841,
      0.34981044606947453,
      0.39153386600023204,
      0.4010180571532116
    ],
    "f1_std": [
      0.0,
      0.0,
      0.0,
      0.0,
      0.0,
      0.0,
      0.0,
      0.0,
      0.0,
      0.0
    ],
    "acc_mean": [
      0.1952,
      0.2465,
      0.2607,
      0.2849,
      0.3177,
      0.3492,
      0.3783,
      0.3515,
      0.3953,
      0.4097
    ],
    "acc_std": [
      0.0,
      0.0,
      0.0,
      0.0,
      0.0,
      0.0,
      0.0,
      0.0,
      0.0,
      0.0
    ],
    "final_f1_mean": 0.4010180571532116,
    "final_f1_std": 0.0,
    "best_f1_mean": 0.4010180571532116,
    "best_f1_std": 0.0,
    "n_seeds": 1,
    "seeds": [
      456
    ],
    "avg_train_time_per_round": 7.113641333580017,
    "total_train_time": 71.13641333580017,
    "peak_gpu_memory_mb": 241.4228515625,
    "avg_query_time": 0.14107868671417237,
    "total_query_time": 1.4107868671417236,
    "n_human_labeled_mean": [
      100.0,
      200.0,
      300.0,
      400.0,
      500.0,
      600.0,
      700.0,
      800.0,
      900.0,
      1000.0
    ],
    "total_pseudo_labeled": 1054
  },
  "full_supervision": {
    "accuracy": 0.8572,
    "f1": 0.8567632021276651,
    "train_time": 1243.9718503952026,
    "gpu_memory_mb": 146.5634765625,
    "epochs": 50
  }
}