{
  "class_aware_entropy": {
    "f1_mean": [
      0.07986348699187304,
      0.15950487135807467,
      0.18951564240547453,
      0.24201736698396545,
      0.2607449272100168,
      0.2879734297141511,
      0.29325983015585166,
      0.34002445620422656,
      0.39992274913038645,
      0.3644896793263236
    ],
    "f1_std": [
      0.0,
      0.0,
      0.0,
      0.0,
      0.0,
      0.0,
      0.0,
      0.0,
      0.0,
      0.0
    ],
    "acc_mean": [
      0.1441,
      0.2267,
      0.2401,
      0.2883,
      0.3025,
      0.3343,
      0.3343,
      0.3852,
      0.4245,
      0.4067
    ],
    "acc_std": [
      0.0,
      0.0,
      0.0,
      0.0,
      0.0,
      0.0,
      0.0,
      0.0,
      0.0,
      0.0
    ],
    "final_f1_mean": 0.3644896793263236,
    "final_f1_std": 0.0,
    "best_f1_mean": 0.39992274913038645,
    "best_f1_std": 0.0,
    "n_seeds": 1,
    "seeds": [
      42
    ],
    "avg_train_time_per_round": 4.457985424995423,
    "total_train_time": 44.579854249954224,
    "peak_gpu_memory_mb": 241.4228515625,
    "avg_query_time": 0.0743407964706421,
    "total_query_time": 0.7434079647064209,
    "n_human_labeled_mean": [
      100.0,
      200.0,
      300.0,
      400.0,
      500.0,
      600.0,
      700.0,
      800.0,
      900.0,
      1000.0
    ],
    "total_pseudo_labeled": 805
  },
  "entropy": {
    "f1_mean": [
      0.07986348699187304,
      0.16722558187941688,
      0.2044158085320608,
      0.23678765209416547,
      0.23291202066085245,
      0.24804251996629012,
      0.29604207309793684,
      0.35593266847593996,
      0.35852794098328694,
      0.3826628185923453
    ],
    "f1_std": [
      0.0,
      0.0,
      0.0,
      0.0,
      0.0,
      0.0,
      0.0,
      0.0,
      0.0,
      0.0
    ],
    "acc_mean": [
      0.1441,
      0.2282,
      0.2573,
      0.2763,
      0.2738,
      0.3075,
      0.3392,
      0.3814,
      0.3897,
      0.4066
    ],
    "acc_std": [
      0.0,
      0.0,
      0.0,
      0.0,
      0.0,
      0.0,
      0.0,
      0.0,
      0.0,
      0.0
    ],
    "final_f1_mean": 0.3826628185923453,
    "final_f1_std": 0.0,
    "best_f1_mean": 0.3826628185923453,
    "best_f1_std": 0.0,
    "n_seeds": 1,
    "seeds": [
      42
    ],
    "avg_train_time_per_round": 4.042971920967102,
    "total_train_time": 40.42971920967102,
    "peak_gpu_memory_mb": 236.80224609375,
    "avg_query_time": 0.0002296924591064453,
    "total_query_time": 0.002296924591064453,
    "n_human_labeled_mean": [
      100.0,
      200.0,
      300.0,
      400.0,
      500.0,
      600.0,
      700.0,
      800.0,
      900.0,
      1000.0
    ],
    "total_pseudo_labeled": 1093
  },
  "full_supervision": {
    "accuracy": 0.759,
    "f1": 0.7523448758609257,
    "train_time": 193.5347707271576,
    "gpu_memory_mb": 146.5634765625,
    "epochs": 50
  }
}