{
  "adaptive_gap_entropy": {
    "f1_mean": [
      0.07592686086542819,
      0.14729362877511745,
      0.1776844523976942,
      0.19391268770926742,
      0.2351601582345225,
      0.2715835605347395,
      0.3010643125298151,
      0.34490093763961327,
      0.3466723374603212,
      0.35555379173752694
    ],
    "f1_std": [
      0.014211911165830569,
      0.025030278585481368,
      0.035394352408665446,
      0.033608023034843865,
      0.019238694553608195,
      0.017932547108765004,
      0.02889288336287422,
      0.028219152317908,
      0.02129560539082536,
      0.04258799010022442
    ],
    "acc_mean": [
      0.14298,
      0.22222,
      0.24684,
      0.25344,
      0.28800000000000003,
      0.32089999999999996,
      0.33941999999999994,
      0.37465999999999994,
      0.37506,
      0.38774000000000003
    ],
    "acc_std": [
      0.018735143447542645,
      0.014016333329369704,
      0.023105549117041137,
      0.014481381149600328,
      0.00748892515652279,
      0.007867655305108363,
      0.01985813687131802,
      0.020394960161765452,
      0.020246145312132886,
      0.03942256206793262
    ],
    "final_f1_mean": 0.35555379173752694,
    "final_f1_std": 0.04258799010022442,
    "best_f1_mean": 0.3615578415983342,
    "best_f1_std": 0.0327922994919477,
    "n_seeds": 5,
    "seeds": [
      42,
      123,
      456,
      789,
      1024
    ],
    "avg_train_time_per_round": 10.30435417175293,
    "total_train_time": 515.2177085876465,
    "peak_gpu_memory_mb": 228.80224609375,
    "avg_query_time": 0.2419043493270874,
    "total_query_time": 12.09521746635437,
    "n_human_labeled_mean": [
      100.0,
      200.0,
      300.0,
      400.0,
      500.0,
      600.0,
      700.0,
      800.0,
      900.0,
      1000.0
    ],
    "total_pseudo_labeled": 5524
  },
  "class_aware_entropy": {
    "f1_mean": [
      0.07592686086542819,
      0.13662815912040144,
      0.1691173072565733,
      0.21087535868413831,
      0.22334287760533184,
      0.2590277063353498,
      0.2886482637292863,
      0.32255447161488504,
      0.347519029746846,
      0.3728654504027326
    ],
    "f1_std": [
      0.014211911165830569,
      0.01686442392982769,
      0.027512802546083893,
      0.017912651782945196,
      0.015390488014211464,
      0.020587714975319575,
      0.02423448967867981,
      0.01830852798403123,
      0.026559062695138396,
      0.017734094599417716
    ],
    "acc_mean": [
      0.14298,
      0.21318,
      0.23824,
      0.27328,
      0.2813,
      0.32084,
      0.33784000000000003,
      0.36429999999999996,
      0.3844,
      0.40194
    ],
    "acc_std": [
      0.018735143447542645,
      0.008622853356053315,
      0.02061354894238254,
      0.01152013888805165,
      0.008101111034913665,
      0.009921209603672316,
      0.012799624994506674,
      0.010381714694596459,
      0.019082557480589436,
      0.013523106152064326
    ],
    "final_f1_mean": 0.3728654504027326,
    "final_f1_std": 0.017734094599417716,
    "best_f1_mean": 0.3760482220379854,
    "best_f1_std": 0.01767929398597101,
    "n_seeds": 5,
    "seeds": [
      42,
      123,
      456,
      789,
      1024
    ],
    "avg_train_time_per_round": 10.411650381088258,
    "total_train_time": 520.5825190544128,
    "peak_gpu_memory_mb": 228.67529296875,
    "avg_query_time": 0.2566047525405884,
    "total_query_time": 12.830237627029419,
    "n_human_labeled_mean": [
      100.0,
      200.0,
      300.0,
      400.0,
      500.0,
      600.0,
      700.0,
      800.0,
      900.0,
      1000.0
    ],
    "total_pseudo_labeled": 5013
  },
  "gap_aware_entropy": {
    "f1_mean": [
      0.07592686086542819,
      0.1494659432365455,
      0.17530486142909385,
      0.21245968673923957,
      0.22695158817533923,
      0.2788654677392674,
      0.3068053225852647,
      0.32927374934154396,
      0.34313058544175723,
      0.3618227100800875
    ],
    "f1_std": [
      0.014211911165830569,
      0.021486531484605383,
      0.04063619747820855,
      0.025617243726239743,
      0.01973017511070255,
      0.0314553902564925,
      0.022677013821668385,
      0.022500647257663802,
      0.034409216117861005,
      0.011343441917458051
    ],
    "acc_mean": [
      0.14298,
      0.22205999999999998,
      0.24262,
      0.26524000000000003,
      0.27798,
      0.32411999999999996,
      0.34696,
      0.36242,
      0.37626000000000004,
      0.38902000000000003
    ],
    "acc_std": [
      0.018735143447542645,
      0.010393959784413256,
      0.025571108697121446,
      0.012532932617707632,
      0.012825817712723047,
      0.020024325207107476,
      0.009823767098216436,
      0.014047690201595417,
      0.02560926394881352,
      0.011451532648514789
    ],
    "final_f1_mean": 0.3618227100800875,
    "final_f1_std": 0.011343441917458051,
    "best_f1_mean": 0.3689669285284957,
    "best_f1_std": 0.021554243609418464,
    "n_seeds": 5,
    "seeds": [
      42,
      123,
      456,
      789,
      1024
    ],
    "avg_train_time_per_round": 10.426663470268249,
    "total_train_time": 521.3331735134125,
    "peak_gpu_memory_mb": 228.67529296875,
    "avg_query_time": 0.2582531404495239,
    "total_query_time": 12.912657022476196,
    "n_human_labeled_mean": [
      100.0,
      200.0,
      300.0,
      400.0,
      500.0,
      600.0,
      700.0,
      800.0,
      900.0,
      1000.0
    ],
    "total_pseudo_labeled": 4612
  },
  "full_supervision": {
    "accuracy": 0.6958,
    "f1": 0.6897506127501789,
    "train_time": 328.7965016365051,
    "gpu_memory_mb": 134.19287109375,
    "epochs": 50
  }
}