{
  "entropy": {
    "f1_mean": [
      0.08517555205497096,
      0.13775875551732453,
      0.17007203876572233,
      0.2004864127444428,
      0.22217130473208613,
      0.2806784323491612,
      0.3092819175429899,
      0.3536723208434012,
      0.36063891296099343,
      0.39999400490856196
    ],
    "f1_std": [
      0.002340101225634405,
      0.037568641768608364,
      0.023503591718917617,
      0.03835817580589216,
      0.03462161521920878,
      0.0325779203389364,
      0.04048108154877286,
      0.027979630152052987,
      0.014981884843355811,
      0.02214016488109591
    ],
    "acc_mean": [
      0.1495,
      0.21319999999999997,
      0.24126666666666666,
      0.25576666666666664,
      0.27699999999999997,
      0.3196666666666666,
      0.34789999999999993,
      0.3836333333333333,
      0.38486666666666663,
      0.4229
    ],
    "acc_std": [
      0.0015748015748023685,
      0.014568459081179446,
      0.00767868623022339,
      0.025493310669445993,
      0.02241978293085522,
      0.019242718680639242,
      0.029057643859519408,
      0.02076894048546744,
      0.013484394272227756,
      0.016728618193582703
    ],
    "final_f1_mean": 0.39999400490856196,
    "final_f1_std": 0.02214016488109591,
    "best_f1_mean": 0.39999400490856196,
    "best_f1_std": 0.02214016488109591,
    "n_seeds": 3,
    "seeds": [
      42,
      123,
      456
    ],
    "avg_train_time_per_round": 2.9029501914978026,
    "total_train_time": 87.08850574493408,
    "peak_gpu_memory_mb": 249.54833984375,
    "avg_query_time": 0.00027979214986165364,
    "total_query_time": 0.00839376449584961,
    "n_human_labeled_mean": [
      100.0,
      200.0,
      300.0,
      400.0,
      500.0,
      600.0,
      700.0,
      800.0,
      900.0,
      1000.0
    ],
    "total_pseudo_labeled": 450
  },
  "full_supervision": {
    "accuracy": 0.7599,
    "f1": 0.7546061352673948,
    "train_time": 251.35187292099,
    "gpu_memory_mb": 146.8134765625,
    "epochs": 50
  }
}