{
  "curriculum_penalty_entropy": {
    "f1_mean": [
      0.049727543904181847,
      0.06837134528009808,
      0.10441042006290979,
      0.12889980560556782,
      0.14994070258640851,
      0.18925111338072192,
      0.22458663429415662,
      0.26651855366010885,
      0.26135774448857574,
      0.2920626733052808
    ],
    "f1_std": [
      0.0,
      0.0,
      0.0,
      0.0,
      0.0,
      0.0,
      0.0,
      0.0,
      0.0,
      0.0
    ],
    "acc_mean": [
      0.1299,
      0.1795,
      0.1988,
      0.2179,
      0.2314,
      0.2658,
      0.2945,
      0.3347,
      0.3299,
      0.3606
    ],
    "acc_std": [
      0.0,
      0.0,
      0.0,
      0.0,
      0.0,
      0.0,
      0.0,
      0.0,
      0.0,
      0.0
    ],
    "final_f1_mean": 0.2920626733052808,
    "final_f1_std": 0.0,
    "best_f1_mean": 0.2920626733052808,
    "best_f1_std": 0.0,
    "n_seeds": 1,
    "seeds": [
      456
    ],
    "avg_train_time_per_round": 3.15276780128479,
    "total_train_time": 31.5276780128479,
    "peak_gpu_memory_mb": 228.673828125,
    "avg_query_time": 0.07414939403533935,
    "total_query_time": 0.7414939403533936,
    "n_human_labeled_mean": [
      100.0,
      200.0,
      300.0,
      400.0,
      500.0,
      600.0,
      700.0,
      800.0,
      900.0,
      1000.0
    ],
    "total_pseudo_labeled": 554
  },
  "two_stage_entropy_balance": {
    "f1_mean": [
      0.049727543904181847,
      0.06727750913372207,
      0.1301468833970622,
      0.17911847694297345,
      0.1994825082912095,
      0.2372127373936852,
      0.23440837513556537,
      0.28000529567744115,
      0.3002686746789439,
      0.3032020176020578
    ],
    "f1_std": [
      0.0,
      0.0,
      0.0,
      0.0,
      0.0,
      0.0,
      0.0,
      0.0,
      0.0,
      0.0
    ],
    "acc_mean": [
      0.1299,
      0.1706,
      0.2059,
      0.2429,
      0.2701,
      0.305,
      0.3039,
      0.3365,
      0.3538,
      0.3656
    ],
    "acc_std": [
      0.0,
      0.0,
      0.0,
      0.0,
      0.0,
      0.0,
      0.0,
      0.0,
      0.0,
      0.0
    ],
    "final_f1_mean": 0.3032020176020578,
    "final_f1_std": 0.0,
    "best_f1_mean": 0.3032020176020578,
    "best_f1_std": 0.0,
    "n_seeds": 1,
    "seeds": [
      456
    ],
    "avg_train_time_per_round": 3.3534332036972048,
    "total_train_time": 33.534332036972046,
    "peak_gpu_memory_mb": 228.80078125,
    "avg_query_time": 0.13160481452941894,
    "total_query_time": 1.3160481452941895,
    "n_human_labeled_mean": [
      100.0,
      200.0,
      300.0,
      400.0,
      500.0,
      600.0,
      700.0,
      800.0,
      900.0,
      1000.0
    ],
    "total_pseudo_labeled": 589
  },
  "full_supervision": {
    "accuracy": 0.6487,
    "f1": 0.6224297254711115,
    "train_time": 207.41164350509644,
    "gpu_memory_mb": 134.19287109375,
    "epochs": 50
  }
}