{
  "random": {
    "rho_1": {
      "mean_f1": 0.44270289410394836,
      "std_f1": 0.005108017232681336,
      "source": "std_al"
    },
    "rho_5": {
      "mean_f1": 0.41274020407988965,
      "std_f1": 0.00950947221829902,
      "source": "std_al"
    },
    "rho_10": {
      "mean_f1": 0.35586080195635406,
      "std_f1": 0.017802177499571175,
      "source": "std_al"
    },
    "rho_20": {
      "mean_f1": 0.297635938019747,
      "std_f1": 0.018722701681672768,
      "source": "std_al"
    },
    "rho_50": {
      "mean_f1": 0.2474978067345294,
      "std_f1": 0.021437503804231237,
      "source": "std_al"
    },
    "rho_100": {
      "mean_f1": 0.22058544428158905,
      "std_f1": 0.015330413883933915,
      "source": "std_al"
    }
  },
  "entropy": {
    "rho_1": {
      "mean_f1": 0.4246798397301281,
      "std_f1": 0.01328750616916653,
      "source": "std_al"
    },
    "rho_5": {
      "mean_f1": 0.3994551713973731,
      "std_f1": 0.015186603778593382,
      "source": "std_al"
    },
    "rho_10": {
      "mean_f1": 0.34377276402546203,
      "std_f1": 0.012006435173325532,
      "source": "std_al"
    },
    "rho_20": {
      "mean_f1": 0.312447155970475,
      "std_f1": 0.006647663555595642,
      "source": "std_al"
    },
    "rho_50": {
      "mean_f1": 0.25847561895705323,
      "std_f1": 0.010914705616524911,
      "source": "std_al"
    },
    "rho_100": {
      "mean_f1": 0.2578670059362595,
      "std_f1": 0.01796255737686894,
      "source": "std_al"
    }
  },
  "margin": {
    "rho_1": {
      "mean_f1": 0.448771384564822,
      "std_f1": 0.01251618322531424,
      "source": "std_al"
    },
    "rho_5": {
      "mean_f1": 0.42694553105999616,
      "std_f1": 0.01992833675635814,
      "source": "std_al"
    },
    "rho_10": {
      "mean_f1": 0.3444932938924258,
      "std_f1": 0.02339996450574413,
      "source": "std_al"
    },
    "rho_20": {
      "mean_f1": 0.30424830731438063,
      "std_f1": 0.020955957357087687,
      "source": "std_al"
    },
    "rho_50": {
      "mean_f1": 0.26801616174528886,
      "std_f1": 0.015806056788104348,
      "source": "std_al"
    },
    "rho_100": {
      "mean_f1": 0.2611907997150858,
      "std_f1": 0.018981850813238898,
      "source": "std_al"
    }
  },
  "coreset": {
    "rho_1": {
      "mean_f1": 0.4011074026080913,
      "std_f1": 0.010313389534733455,
      "source": "std_al"
    },
    "rho_5": {
      "mean_f1": 0.3693577910996394,
      "std_f1": 0.023730553209501872,
      "source": "std_al"
    },
    "rho_10": {
      "mean_f1": 0.3299465519747201,
      "std_f1": 0.0166413283655949,
      "source": "std_al"
    },
    "rho_20": {
      "mean_f1": 0.2929984508869366,
      "std_f1": 0.009583880573621629,
      "source": "std_al"
    },
    "rho_50": {
      "mean_f1": 0.2510444626650852,
      "std_f1": 0.0354325705200897,
      "source": "std_al"
    },
    "rho_100": {
      "mean_f1": 0.21018049966973487,
      "std_f1": 0.015458613653718381,
      "source": "std_al"
    }
  },
  "badge": {
    "rho_1": {
      "mean_f1": 0.42015974574774473,
      "std_f1": 0.021105905323953494,
      "source": "std_al"
    },
    "rho_5": {
      "mean_f1": 0.42151611943052786,
      "std_f1": 0.010849141256808845,
      "source": "std_al"
    },
    "rho_10": {
      "mean_f1": 0.336133418538776,
      "std_f1": 0.016537421857413487,
      "source": "std_al"
    },
    "rho_20": {
      "mean_f1": 0.31946394121494265,
      "std_f1": 0.018040111164963242,
      "source": "std_al"
    },
    "rho_50": {
      "mean_f1": 0.25387410248023584,
      "std_f1": 0.02252601062141747,
      "source": "std_al"
    },
    "rho_100": {
      "mean_f1": 0.22137639618302485,
      "std_f1": 0.01398357052289877,
      "source": "std_al"
    }
  },
  "qbc": {
    "rho_1": {
      "mean_f1": 0.4513732057393963,
      "std_f1": 0.009589359046058241,
      "source": "std_al"
    },
    "rho_5": {
      "mean_f1": 0.4262784416987836,
      "std_f1": 0.024264027315905184,
      "source": "std_al"
    },
    "rho_10": {
      "mean_f1": 0.3769286104938736,
      "std_f1": 0.016094091803047442,
      "source": "std_al"
    },
    "rho_20": {
      "mean_f1": 0.2979986309211308,
      "std_f1": 0.015380940909283812,
      "source": "std_al"
    },
    "rho_50": {
      "mean_f1": 0.2554160102560351,
      "std_f1": 0.014448470282127543,
      "source": "std_al"
    },
    "rho_100": {
      "mean_f1": 0.22893212654879536,
      "std_f1": 0.02640807936650092,
      "source": "std_al"
    }
  },
  "class_aware_entropy": {
    "rho_1": {
      "mean_f1": 0.38256648400041,
      "std_f1": 0.02648784245341668,
      "source": "innovative_al_ssl"
    },
    "rho_5": {
      "mean_f1": 0.39363874861553555,
      "std_f1": 0.020885594607361096,
      "source": "innovative_al_ssl"
    },
    "rho_10": {
      "mean_f1": 0.3728654504027326,
      "std_f1": 0.017734094599417716,
      "source": "innovative_al_ssl"
    },
    "rho_20": {
      "mean_f1": 0.33219395676917857,
      "std_f1": 0.014454602149230823,
      "source": "innovative_al_ssl"
    },
    "rho_50": {
      "mean_f1": 0.3128611683784147,
      "std_f1": 0.011255401262259842,
      "source": "innovative_al_ssl"
    },
    "rho_100": {
      "mean_f1": 0.27668427237943394,
      "std_f1": 0.017204011345810545,
      "source": "innovative_al_ssl"
    }
  },
  "gap_aware_entropy": {
    "rho_1": {
      "mean_f1": 0.4129425534378507,
      "std_f1": 0.024512161459451582,
      "source": "innovative_al_ssl"
    },
    "rho_5": {
      "mean_f1": 0.4119477107423675,
      "std_f1": 0.01663496648045627,
      "source": "innovative_al_ssl"
    },
    "rho_10": {
      "mean_f1": 0.3618227100800875,
      "std_f1": 0.011343441917458051,
      "source": "innovative_al_ssl"
    },
    "rho_20": {
      "mean_f1": 0.3355026419588118,
      "std_f1": 0.016589468123200415,
      "source": "innovative_al_ssl"
    },
    "rho_50": {
      "mean_f1": 0.29685032881177975,
      "std_f1": 0.021809998045696746,
      "source": "innovative_al_ssl"
    },
    "rho_100": {
      "mean_f1": 0.27076839488006066,
      "std_f1": 0.0049347154587412925,
      "source": "innovative_al_ssl"
    }
  },
  "adaptive_gap_entropy": {
    "rho_1": {
      "mean_f1": 0.4009740301696333,
      "std_f1": 0.01655440866478202,
      "source": "innovative_al_ssl"
    },
    "rho_5": {
      "mean_f1": 0.4027617942667514,
      "std_f1": 0.017399105544405945,
      "source": "innovative_al_ssl"
    },
    "rho_10": {
      "mean_f1": 0.35555379173752694,
      "std_f1": 0.04258799010022442,
      "source": "innovative_al_ssl"
    },
    "rho_20": {
      "mean_f1": 0.3281055760999709,
      "std_f1": 0.02246475256573723,
      "source": "innovative_al_ssl"
    },
    "rho_50": {
      "mean_f1": 0.2990707684478838,
      "std_f1": 0.010856135526564944,
      "source": "innovative_al_ssl"
    },
    "rho_100": {
      "mean_f1": 0.2617156132203265,
      "std_f1": 0.013312615828446787,
      "source": "innovative_al_ssl"
    }
  }
}