{
  "rho_1": {
    "best_strategy": "qbc",
    "mean_f1": 0.4513732057393963,
    "std_f1": 0.009589359046058241
  },
  "rho_5": {
    "best_strategy": "margin",
    "mean_f1": 0.42694553105999616,
    "std_f1": 0.01992833675635814
  },
  "rho_10": {
    "best_strategy": "qbc",
    "mean_f1": 0.3769286104938736,
    "std_f1": 0.016094091803047442
  },
  "rho_20": {
    "best_strategy": "badge",
    "mean_f1": 0.31946394121494265,
    "std_f1": 0.018040111164963242
  },
  "rho_50": {
    "best_strategy": "margin",
    "mean_f1": 0.26801616174528886,
    "std_f1": 0.015806056788104348
  },
  "rho_100": {
    "best_strategy": "margin",
    "mean_f1": 0.2611907997150858,
    "std_f1": 0.018981850813238898
  }
}