{
  "class_aware_entropy": {
    "rho_1": {
      "mean_f1": 0.38256648400041,
      "std_f1": 0.02648784245341668
    },
    "rho_5": {
      "mean_f1": 0.39363874861553555,
      "std_f1": 0.020885594607361096
    },
    "rho_10": {
      "mean_f1": 0.3728654504027326,
      "std_f1": 0.017734094599417716
    },
    "rho_20": {
      "mean_f1": 0.33219395676917857,
      "std_f1": 0.014454602149230823
    },
    "rho_50": {
      "mean_f1": 0.3128611683784147,
      "std_f1": 0.011255401262259842
    },
    "rho_100": {
      "mean_f1": 0.27668427237943394,
      "std_f1": 0.017204011345810545
    }
  },
  "gap_aware_entropy": {
    "rho_1": {
      "mean_f1": 0.4129425534378507,
      "std_f1": 0.024512161459451582
    },
    "rho_5": {
      "mean_f1": 0.4119477107423675,
      "std_f1": 0.01663496648045627
    },
    "rho_10": {
      "mean_f1": 0.3618227100800875,
      "std_f1": 0.011343441917458051
    },
    "rho_20": {
      "mean_f1": 0.3355026419588118,
      "std_f1": 0.016589468123200415
    },
    "rho_50": {
      "mean_f1": 0.29685032881177975,
      "std_f1": 0.021809998045696746
    },
    "rho_100": {
      "mean_f1": 0.27076839488006066,
      "std_f1": 0.0049347154587412925
    }
  },
  "adaptive_gap_entropy": {
    "rho_1": {
      "mean_f1": 0.4009740301696333,
      "std_f1": 0.01655440866478202
    },
    "rho_5": {
      "mean_f1": 0.4027617942667514,
      "std_f1": 0.017399105544405945
    },
    "rho_10": {
      "mean_f1": 0.35555379173752694,
      "std_f1": 0.04258799010022442
    },
    "rho_20": {
      "mean_f1": 0.3281055760999709,
      "std_f1": 0.02246475256573723
    },
    "rho_50": {
      "mean_f1": 0.2990707684478838,
      "std_f1": 0.010856135526564944
    },
    "rho_100": {
      "mean_f1": 0.2617156132203265,
      "std_f1": 0.013312615828446787
    }
  }
}