{
  "badge": {
    "f1_mean": [
      0.10183720410854206,
      0.13180055977595495,
      0.11543460192098928,
      0.14734679078670535,
      0.1938063945432583,
      0.24110799384692969,
      0.27750069092257956,
      0.3087533553609043,
      0.33427690700282164,
      0.336133418538776
    ],
    "f1_std": [
      0.011495990859966316,
      0.03521343373089306,
      0.03509433194773189,
      0.022280886147962656,
      0.025819689549628204,
      0.01272569302714825,
      0.0226585874921563,
      0.027293762832690027,
      0.01477652414417419,
      0.016537421857413487
    ],
    "acc_mean": [
      0.18091999999999997,
      0.19752,
      0.17298,
      0.20312000000000002,
      0.23692000000000002,
      0.28982,
      0.31917999999999996,
      0.34766,
      0.37272,
      0.37618
    ],
    "acc_std": [
      0.013498651784530179,
      0.031180660672923525,
      0.03298693074537248,
      0.019781951369872486,
      0.02171906075317255,
      0.007265645188144005,
      0.021090983855666854,
      0.017432911403434604,
      0.01248108969601614,
      0.01722444774150974
    ],
    "final_f1_mean": 0.336133418538776,
    "final_f1_std": 0.016537421857413487,
    "best_f1_mean": 0.3398841044670838,
    "best_f1_std": 0.01660640292321253,
    "n_seeds": 5,
    "seeds": [
      42,
      123,
      456,
      789,
      1024
    ],
    "avg_train_time_per_round": 1.0599124240875244,
    "total_train_time": 52.99562120437622,
    "peak_gpu_memory_mb": 196.5458984375,
    "avg_query_time": 24.424246253967286,
    "total_query_time": 1221.2123126983643,
    "n_human_labeled_mean": [
      100.0,
      200.0,
      300.0,
      400.0,
      500.0,
      600.0,
      700.0,
      800.0,
      900.0,
      1000.0
    ],
    "total_pseudo_labeled": 0
  },
  "coreset": {
    "f1_mean": [
      0.10183720410854206,
      0.10953625902234683,
      0.11641400070146594,
      0.1603411006428106,
      0.14059017177232402,
      0.21352385941403984,
      0.2489409434053477,
      0.29051459766827376,
      0.3241132358792459,
      0.3299465519747201
    ],
    "f1_std": [
      0.011495990859966316,
      0.018571747108040312,
      0.0181993328149794,
      0.047895392164251344,
      0.030131142181769238,
      0.02675904253692229,
      0.02897427009815277,
      0.02467058323669167,
      0.0074682440652060885,
      0.0166413283655949
    ],
    "acc_mean": [
      0.18091999999999997,
      0.17618,
      0.17526,
      0.21294,
      0.19624000000000003,
      0.26698,
      0.29196000000000005,
      0.3328,
      0.36064,
      0.36011999999999994
    ],
    "acc_std": [
      0.013498651784530179,
      0.022019118965117556,
      0.018109621751985876,
      0.043235013588525675,
      0.02992073528508282,
      0.01808783016284707,
      0.02012168978987599,
      0.014396666280774866,
      0.0063468417342801295,
      0.0118707034332427
    ],
    "final_f1_mean": 0.3299465519747201,
    "final_f1_std": 0.0166413283655949,
    "best_f1_mean": 0.3317926920309727,
    "best_f1_std": 0.013533150990473801,
    "n_seeds": 5,
    "seeds": [
      42,
      123,
      456,
      789,
      1024
    ],
    "avg_train_time_per_round": 0.9537050867080689,
    "total_train_time": 47.68525433540344,
    "peak_gpu_memory_mb": 196.5458984375,
    "avg_query_time": 11.699032740592957,
    "total_query_time": 584.9516370296478,
    "n_human_labeled_mean": [
      100.0,
      200.0,
      300.0,
      400.0,
      500.0,
      600.0,
      700.0,
      800.0,
      900.0,
      1000.0
    ],
    "total_pseudo_labeled": 0
  },
  "entropy": {
    "f1_mean": [
      0.10183720410854206,
      0.12379742733403595,
      0.11444513299864363,
      0.15738485212144754,
      0.1723446892067944,
      0.2151264504602577,
      0.25818325454128377,
      0.29533036888432485,
      0.3198334984832031,
      0.34377276402546203
    ],
    "f1_std": [
      0.011495990859966316,
      0.02166839768518173,
      0.0332100374304972,
      0.03826713983628338,
      0.015023104231882738,
      0.02771882433023305,
      0.018940121735295454,
      0.006614440257812018,
      0.023366435691152834,
      0.012006435173325532
    ],
    "acc_mean": [
      0.18091999999999997,
      0.18764,
      0.17672,
      0.21071999999999996,
      0.22356000000000004,
      0.26698,
      0.30717999999999995,
      0.33998,
      0.35852,
      0.38392
    ],
    "acc_std": [
      0.013498651784530179,
      0.0290793810112939,
      0.037793300993694635,
      0.04279833641626739,
      0.013047083965392425,
      0.026754095013660995,
      0.013222616987570953,
      0.007920202017625562,
      0.020976119755569657,
      0.010987884236740023
    ],
    "final_f1_mean": 0.34377276402546203,
    "final_f1_std": 0.012006435173325532,
    "best_f1_mean": 0.34755457396526446,
    "best_f1_std": 0.01332493622565875,
    "n_seeds": 5,
    "seeds": [
      42,
      123,
      456,
      789,
      1024
    ],
    "avg_train_time_per_round": 0.9726286411285401,
    "total_train_time": 48.631432056427,
    "peak_gpu_memory_mb": 178.4296875,
    "avg_query_time": 0.0005408573150634766,
    "total_query_time": 0.027042865753173828,
    "n_human_labeled_mean": [
      100.0,
      200.0,
      300.0,
      400.0,
      500.0,
      600.0,
      700.0,
      800.0,
      900.0,
      1000.0
    ],
    "total_pseudo_labeled": 0
  },
  "margin": {
    "f1_mean": [
      0.10183720410854206,
      0.14041505966168266,
      0.12399005631151679,
      0.15978938960624195,
      0.1815403006306729,
      0.2461857896958156,
      0.2758453525443496,
      0.313236372376238,
      0.3302663455503307,
      0.3444932938924258
    ],
    "f1_std": [
      0.011495990859966316,
      0.022268665962831623,
      0.018713818817028834,
      0.030556050451722005,
      0.031877655206120986,
      0.013172391832388147,
      0.020907261775984703,
      0.02038994578250285,
      0.023730372431067178,
      0.02339996450574413
    ],
    "acc_mean": [
      0.18091999999999997,
      0.20328,
      0.17880000000000001,
      0.20911999999999997,
      0.22969999999999996,
      0.28837999999999997,
      0.32306,
      0.36313999999999996,
      0.38052,
      0.39648
    ],
    "acc_std": [
      0.013498651784530179,
      0.024612793421308354,
      0.011867097370460898,
      0.03296182033808206,
      0.03053529105805281,
      0.0219646443176301,
      0.015847599187258626,
      0.014765446149710468,
      0.020405430649706957,
      0.01804942104334652
    ],
    "final_f1_mean": 0.3444932938924258,
    "final_f1_std": 0.02339996450574413,
    "best_f1_mean": 0.34526085898144177,
    "best_f1_std": 0.02283843227172808,
    "n_seeds": 5,
    "seeds": [
      42,
      123,
      456,
      789,
      1024
    ],
    "avg_train_time_per_round": 1.0684614944458009,
    "total_train_time": 53.42307472229004,
    "peak_gpu_memory_mb": 205.0458984375,
    "avg_query_time": 0.0006705713272094726,
    "total_query_time": 0.03352856636047363,
    "n_human_labeled_mean": [
      100.0,
      200.0,
      300.0,
      400.0,
      500.0,
      600.0,
      700.0,
      800.0,
      900.0,
      1000.0
    ],
    "total_pseudo_labeled": 0
  },
  "qbc": {
    "f1_mean": [
      0.10183720410854206,
      0.13329902254420806,
      0.11552008350898671,
      0.11373387869925197,
      0.18149802980083574,
      0.2673183095486718,
      0.2935052188197719,
      0.3356079597867062,
      0.3447292160341507,
      0.3769286104938736
    ],
    "f1_std": [
      0.011495990859966316,
      0.037235698285779925,
      0.015721382448550984,
      0.015312188806667657,
      0.040755948619711865,
      0.01710216435385506,
      0.025502946355903236,
      0.013561656090050006,
      0.012833252170385273,
      0.016094091803047442
    ],