{
  "class_aware_entropy_ssl": {
    "f1_mean": [
      0.10339743455101177,
      0.22779551507781665,
      0.29777639370706244,
      0.2903594275074094,
      0.34188061564425276,
      0.3809393949678467,
      0.3891709124789501,
      0.4088287604926131,
      0.4233017864616536,
      0.4503964418686075
    ],
    "f1_std": [
      0.0,
      0.0,
      0.0,
      0.0,
      0.0,
      0.0,
      0.0,
      0.0,
      0.0,
      0.0
    ],
    "acc_mean": [
      0.1952,
      0.2701,
      0.3198,
      0.3188,
      0.3563,
      0.3928,
      0.393,
      0.4227,
      0.4398,
      0.4593
    ],
    "acc_std": [
      0.0,
      0.0,
      0.0,
      0.0,
      0.0,
      0.0,
      0.0,
      0.0,
      0.0,
      0.0
    ],
    "final_f1_mean": 0.4503964418686075,
    "final_f1_std": 0.0,
    "best_f1_mean": 0.4503964418686075,
    "best_f1_std": 0.0,
    "n_seeds": 1,
    "seeds": [
      456
    ],
    "avg_train_time_per_round": 3.879944682121277,
    "total_train_time": 38.79944682121277,
    "peak_gpu_memory_mb": 228.80078125,
    "avg_query_time": 0.06211011409759522,
    "total_query_time": 0.6211011409759521,
    "n_human_labeled_mean": [
      100.0,
      200.0,
      300.0,
      400.0,
      500.0,
      600.0,
      700.0,
      800.0,
      900.0,
      1000.0
    ],
    "total_pseudo_labeled": 284
  },
  "full_supervision": {
    "accuracy": 0.8591,
    "f1": 0.8585779203633006,
    "train_time": 616.8104932308197,
    "gpu_memory_mb": 134.19287109375,
    "epochs": 50
  }
}