{
  "entropy": {
    "f1_mean": [
      0.06060241975449467,
      0.10380313319382937,
      0.10993858982320787,
      0.12387892617416124,
      0.14881377142911312,
      0.1936410133699192,
      0.21909896660201422,
      0.25473323521905594,
      0.2768977936138363,
      0.2977014278816124
    ],
    "f1_std": [
      0.012746801939849714,
      0.022080229460492595,
      0.024168088148698,
      0.0066209563765190415,
      0.005793943690484239,
      0.005236526608678891,
      0.024256847427667167,
      0.013082798114694988,
      0.006366000719090771,
      0.009865674416355967
    ],
    "acc_mean": [
      0.14070000000000002,
      0.20186666666666664,
      0.20463333333333333,
      0.21519999999999997,
      0.2323333333333333,
      0.2723666666666667,
      0.29246666666666665,
      0.3243666666666667,
      0.34156666666666663,
      0.3608
    ],
    "acc_std": [
      0.01853267384917784,
      0.019164086782892158,
      0.015295823685641204,
      0.008458132181516203,
      0.0014079141387961852,
      0.009763992808045043,
      0.02054204360708924,
      0.007523001764957624,
      0.005555377774933242,
      0.006745368781616027
    ],
    "final_f1_mean": 0.2977014278816124,
    "final_f1_std": 0.009865674416355967,
    "best_f1_mean": 0.2977014278816124,
    "best_f1_std": 0.009865674416355967,
    "n_seeds": 3,
    "seeds": [
      42,
      123,
      456
    ],
    "avg_train_time_per_round": 3.0988089164098103,
    "total_train_time": 92.96426749229431,
    "peak_gpu_memory_mb": 249.54833984375,
    "avg_query_time": 0.00026211738586425783,
    "total_query_time": 0.007863521575927734,
    "n_human_labeled_mean": [
      100.0,
      200.0,
      300.0,
      400.0,
      500.0,
      600.0,
      700.0,
      800.0,
      900.0,
      1000.0
    ],
    "total_pseudo_labeled": 724
  },
  "full_supervision": {
    "accuracy": 0.644,
    "f1": 0.6218037356311774,
    "train_time": 129.62840247154236,
    "gpu_memory_mb": 146.8134765625,
    "epochs": 50
  }
}