{
  "class_aware_entropy_ssl": {
    "f1_mean": [
      0.08816755465991738,
      0.10040439957968132,
      0.11430379565190182,
      0.17061692410463375,
      0.18542867005152847,
      0.20034723898218781,
      0.22736414076044867,
      0.22578664972959045,
      0.240981251300797,
      0.23950657315207993
    ],
    "f1_std": [
      0.0,
      0.0,
      0.0,
      0.0,
      0.0,
      0.0,
      0.0,
      0.0,
      0.0,
      0.0
    ],
    "acc_mean": [
      0.1856,
      0.2021,
      0.2117,
      0.2491,
      0.2506,
      0.2756,
      0.3014,
      0.3107,
      0.3112,
      0.321
    ],
    "acc_std": [
      0.0,
      0.0,
      0.0,
      0.0,
      0.0,
      0.0,
      0.0,
      0.0,
      0.0,
      0.0
    ],
    "final_f1_mean": 0.23950657315207993,
    "final_f1_std": 0.0,
    "best_f1_mean": 0.240981251300797,
    "best_f1_std": 0.0,
    "n_seeds": 1,
    "seeds": [
      456
    ],
    "avg_train_time_per_round": 3.285222125053406,
    "total_train_time": 32.85222125053406,
    "peak_gpu_memory_mb": 228.80078125,
    "avg_query_time": 0.08102362155914307,
    "total_query_time": 0.8102362155914307,
    "n_human_labeled_mean": [
      100.0,
      200.0,
      300.0,
      400.0,
      500.0,
      600.0,
      700.0,
      800.0,
      900.0,
      1000.0
    ],
    "total_pseudo_labeled": 688
  },
  "gap_aware_entropy_ssl": {
    "f1_mean": [
      0.08816755465991738,
      0.09856129676945358,
      0.12003642588803336,
      0.1428275066259455,
      0.1705132671829248,
      0.1534137215400087,
      0.1967981138168733,
      0.20846640562999616,
      0.20439965766220683,
      0.2513772478285057
    ],
    "f1_std": [
      0.0,
      0.0,
      0.0,
      0.0,
      0.0,
      0.0,
      0.0,
      0.0,
      0.0,
      0.0
    ],
    "acc_mean": [
      0.1856,
      0.2002,
      0.2137,
      0.227,
      0.2401,
      0.2399,
      0.2721,
      0.2938,
      0.2844,
      0.3274
    ],
    "acc_std": [
      0.0,
      0.0,
      0.0,
      0.0,
      0.0,
      0.0,
      0.0,
      0.0,
      0.0,
      0.0
    ],
    "final_f1_mean": 0.2513772478285057,
    "final_f1_std": 0.0,
    "best_f1_mean": 0.2513772478285057,
    "best_f1_std": 0.0,
    "n_seeds": 1,
    "seeds": [
      456
    ],
    "avg_train_time_per_round": 3.239690899848938,
    "total_train_time": 32.39690899848938,
    "peak_gpu_memory_mb": 228.673828125,
    "avg_query_time": 0.0932844877243042,
    "total_query_time": 0.932844877243042,
    "n_human_labeled_mean": [
      100.0,
      200.0,
      300.0,
      400.0,
      500.0,
      600.0,
      700.0,
      800.0,
      900.0,
      1000.0
    ],
    "total_pseudo_labeled": 881
  },
  "full_supervision": {
    "accuracy": 0.6166,
    "f1": 0.5797065173417167,
    "train_time": 212.873929977417,
    "gpu_memory_mb": 134.19287109375,
    "epochs": 50
  }
}