{
  "adaptive_gap_entropy": {
    "f1_mean": [
      0.08621597627391578,
      0.10094641009733143,
      0.090915143195756,
      0.139400665337664,
      0.15295460676171188,
      0.18043608769012448,
      0.22655833603197784,
      0.24912240888481593,
      0.26819175252061916,
      0.2690641294244989
    ],
    "f1_std": [
      0.0,
      0.0,
      0.0,
      0.0,
      0.0,
      0.0,
      0.0,
      0.0,
      0.0,
      0.0
    ],
    "acc_mean": [
      0.181,
      0.196,
      0.194,
      0.2276,
      0.2378,
      0.2572,
      0.3025,
      0.3239,
      0.3419,
      0.3415
    ],
    "acc_std": [
      0.0,
      0.0,
      0.0,
      0.0,
      0.0,
      0.0,
      0.0,
      0.0,
      0.0,
      0.0
    ],
    "final_f1_mean": 0.2690641294244989,
    "final_f1_std": 0.0,
    "best_f1_mean": 0.2690641294244989,
    "best_f1_std": 0.0,
    "n_seeds": 1,
    "seeds": [
      456
    ],
    "avg_train_time_per_round": 6.444252514839173,
    "total_train_time": 64.44252514839172,
    "peak_gpu_memory_mb": 241.4228515625,
    "avg_query_time": 0.15503237247467042,
    "total_query_time": 1.550323724746704,
    "n_human_labeled_mean": [
      100.0,
      200.0,
      300.0,
      400.0,
      500.0,
      600.0,
      700.0,
      800.0,
      900.0,
      1000.0
    ],
    "total_pseudo_labeled": 1551
  },
  "class_aware_entropy": {
    "f1_mean": [
      0.08621597627391578,
      0.09588024340687437,
      0.08704973983994446,
      0.149418381933686,
      0.159002081648925,
      0.18187314144330496,
      0.21289655519202424,
      0.23375966202544998,
      0.22982290459582413,
      0.28555689378452287
    ],
    "f1_std": [
      0.0,
      0.0,
      0.0,
      0.0,
      0.0,
      0.0,
      0.0,
      0.0,
      0.0,
      0.0
    ],
    "acc_mean": [
      0.181,
      0.2,
      0.1918,
      0.2316,
      0.2492,
      0.2613,
      0.297,
      0.3118,
      0.308,
      0.3578
    ],
    "acc_std": [
      0.0,
      0.0,
      0.0,
      0.0,
      0.0,
      0.0,
      0.0,
      0.0,
      0.0,
      0.0
    ],
    "final_f1_mean": 0.28555689378452287,
    "final_f1_std": 0.0,
    "best_f1_mean": 0.28555689378452287,
    "best_f1_std": 0.0,
    "n_seeds": 1,
    "seeds": [
      456
    ],
    "avg_train_time_per_round": 6.438187003135681,
    "total_train_time": 64.38187003135681,
    "peak_gpu_memory_mb": 241.4228515625,
    "avg_query_time": 0.1525468111038208,
    "total_query_time": 1.525468111038208,
    "n_human_labeled_mean": [
      100.0,
      200.0,
      300.0,
      400.0,
      500.0,
      600.0,
      700.0,
      800.0,
      900.0,
      1000.0
    ],
    "total_pseudo_labeled": 1555
  },
  "entropy": {
    "f1_mean": [
      0.08621597627391578,
      0.10624053794088531,
      0.11379800068754482,
      0.1421606124678081,
      0.14209414261610565,
      0.1786675326683282,
      0.18417524321884252,
      0.2378445503883983,
      0.21470865002576311,
      0.2629028455767623
    ],
    "f1_std": [
      0.0,
      0.0,
      0.0,
      0.0,
      0.0,
      0.0,
      0.0,
      0.0,
      0.0,
      0.0
    ],
    "acc_mean": [
      0.181,
      0.1978,
      0.21,
      0.236,
      0.2311,
      0.2629,
      0.2671,
      0.3047,
      0.2938,
      0.3338
    ],
    "acc_std": [
      0.0,
      0.0,
      0.0,
      0.0,
      0.0,
      0.0,
      0.0,
      0.0,
      0.0,
      0.0
    ],
    "final_f1_mean": 0.2629028455767623,
    "final_f1_std": 0.0,
    "best_f1_mean": 0.2629028455767623,
    "best_f1_std": 0.0,
    "n_seeds": 1,
    "seeds": [
      456
    ],
    "avg_train_time_per_round": 6.686192727088928,
    "total_train_time": 66.86192727088928,
    "peak_gpu_memory_mb": 236.80224609375,
    "avg_query_time": 0.0005481481552124023,
    "total_query_time": 0.0054814815521240234,
    "n_human_labeled_mean": [
      100.0,
      200.0,
      300.0,
      400.0,
      500.0,
      600.0,
      700.0,
      800.0,
      900.0,
      1000.0
    ],
    "total_pseudo_labeled": 1444
  },
  "gap_aware_entropy": {
    "f1_mean": [
      0.08621597627391578,
      0.10073471203205808,
      0.08433451184732114,
      0.12796733218722195,
      0.10229821530777206,
      0.1509916909258929,
      0.21406098084023992,
      0.2373267203746076,
      0.2571983217986975,
      0.27559785472026377
    ],
    "f1_std": [
      0.0,
      0.0,
      0.0,
      0.0,
      0.0,
      0.0,
      0.0,
      0.0,
      0.0,
      0.0
    ],
    "acc_mean": [
      0.181,
      0.1965,
      0.1887,
      0.2182,
      0.2071,
      0.2403,
      0.2826,
      0.303,
      0.3323,
      0.3446
    ],
    "acc_std": [
      0.0,
      0.0,
      0.0,
      0.0,
      0.0,
      0.0,
      0.0,
      0.0,
      0.0,
      0.0
    ],
    "final_f1_mean": 0.27559785472026377,
    "final_f1_std": 0.0,
    "best_f1_mean": 0.27559785472026377,
    "best_f1_std": 0.0,
    "n_seeds": 1,
    "seeds": [
      456
    ],
    "avg_train_time_per_round": 6.405829071998596,
    "total_train_time": 64.05829071998596,
    "peak_gpu_memory_mb": 241.4228515625,
    "avg_query_time": 0.15539021492004396,
    "total_query_time": 1.5539021492004395,
    "n_human_labeled_mean": [
      100.0,
      200.0,
      300.0,
      400.0,
      500.0,
      600.0,
      700.0,
      800.0,
      900.0,
      1000.0
    ],
    "total_pseudo_labeled": 1450
  },
  "full_supervision": {
    "accuracy": 0.6192,
    "f1": 0.5814762394932611,
    "train_time": 404.3370659351349,
    "gpu_memory_mb": 145.5634765625,
    "epochs": 50
  }
}