{
  "adaptive_gap_entropy": {
    "f1_mean": [
      0.10471795773449077,
      0.20935473163058183,
      0.23405377503077882,
      0.29489014325389146,
      0.3134282219105552,
      0.353814761259253,
      0.39151244711251,
      0.4071359057966523,
      0.4233317628087974,
      0.4418657547781369
    ],
    "f1_std": [
      0.01872779841521763,
      0.02349413877949832,
      0.004930260457170851,
      0.028672040006839823,
      0.02835676493833602,
      0.009711377111419848,
      0.013522061962028872,
      0.013335783009871396,
      0.020180137255948475,
      0.0057564218268155
    ],
    "acc_mean": [
      0.1701,
      0.24230000000000004,
      0.2675666666666667,
      0.31056666666666666,
      0.33203333333333335,
      0.3682,
      0.40323333333333333,
      0.4139,
      0.4298666666666667,
      0.44966666666666666
    ],
    "acc_std": [
      0.023492268231626062,
      0.01303866046289522,
      0.0050161959912090855,
      0.01660649136800293,
      0.023170287486827226,
      0.012777323663428118,
      0.007944110327084381,
      0.014220407870381218,
      0.021878655250164615,
      0.009165636305728527
    ],
    "final_f1_mean": 0.4418657547781369,
    "final_f1_std": 0.0057564218268155,
    "best_f1_mean": 0.4431068637239721,
    "best_f1_std": 0.007060858588609378,
    "n_seeds": 3,
    "seeds": [
      42,
      123,
      456
    ],
    "avg_train_time_per_round": 6.459827462832133,
    "total_train_time": 193.794823884964,
    "peak_gpu_memory_mb": 228.673828125,
    "avg_query_time": 0.19458390871683756,
    "total_query_time": 5.837517261505127,
    "n_human_labeled_mean": [
      100.0,
      200.0,
      300.0,
      400.0,
      500.0,
      600.0,
      700.0,
      800.0,
      900.0,
      1000.0
    ],
    "total_pseudo_labeled": 654
  },
  "class_aware_entropy": {
    "f1_mean": [
      0.10471795773449077,
      0.21222103695204633,
      0.27147901762323084,
      0.2862987699264601,
      0.3200540073089934,
      0.35944652810503447,
      0.3788340804117971,
      0.4036141984419637,
      0.42155524259764793,
      0.424628864608243
    ],
    "f1_std": [
      0.01872779841521763,
      0.031217490858412144,
      0.011134152655379145,
      0.007216310335088344,
      0.010956772518155165,
      0.016635443259854634,
      0.01377049781618052,
      0.009053375041044845,
      0.01708540460834212,
      0.01771717669011331
    ],
    "acc_mean": [
      0.1701,
      0.25220000000000004,
      0.2914666666666667,
      0.30596666666666666,
      0.3336333333333334,
      0.3751,
      0.3953,
      0.41406666666666664,
      0.43463333333333337,
      0.43673333333333336
    ],
    "acc_std": [
      0.023492268231626062,
      0.02751738844197732,
      0.013881962717457829,
      0.004141121694527828,
      0.012810499166265496,
      0.005875939641169467,
      0.011516075720487422,
      0.01043114993128221,
      0.006045567706087565,
      0.013725240333860184
    ],
    "final_f1_mean": 0.424628864608243,
    "final_f1_std": 0.01771717669011331,
    "best_f1_mean": 0.4269282118234902,
    "best_f1_std": 0.014956620814389431,
    "n_seeds": 3,
    "seeds": [
      42,
      123,
      456
    ],
    "avg_train_time_per_round": 6.0305973847707115,
    "total_train_time": 180.91792154312134,
    "peak_gpu_memory_mb": 228.80078125,
    "avg_query_time": 0.20152952671051025,
    "total_query_time": 6.045885801315308,
    "n_human_labeled_mean": [
      100.0,
      200.0,
      300.0,
      400.0,
      500.0,
      600.0,
      700.0,
      800.0,
      900.0,
      1000.0
    ],
    "total_pseudo_labeled": 770
  },
  "gap_aware_entropy": {
    "f1_mean": [
      0.10471795773449077,
      0.18890369536233764,
      0.22781052290908377,
      0.27623275833276056,
      0.31494271144132036,
      0.3560780080504829,
      0.38163206875563066,
      0.3829082535797741,
      0.4211799297575641,
      0.43481213047452144
    ],
    "f1_std": [
      0.01872779841521763,
      0.011957583451346947,
      0.011000905429977533,
      0.025107818869568033,
      0.03142864751343516,
      0.02680459747420429,
      0.011097386406513018,
      0.01982584019161888,
      0.01868201957456842,
      0.013011255252700138
    ],
    "acc_mean": [
      0.1701,
      0.23406666666666665,
      0.25993333333333335,
      0.30173333333333335,
      0.3321,
      0.36556666666666665,
      0.38903333333333334,
      0.39230000000000004,
      0.4240333333333333,
      0.4361333333333333
    ],
    "acc_std": [
      0.023492268231626062,
      0.008791789098673577,
      0.0008806563209082005,
      0.01265130647623224,
      0.02347097498329942,
      0.017516912462595163,
      0.009398345007972887,
      0.01767502946720787,
      0.012056072697561551,
      0.012176571310877663
    ],
    "final_f1_mean": 0.43481213047452144,
    "final_f1_std": 0.013011255252700138,
    "best_f1_mean": 0.4372546303059512,
    "best_f1_std": 0.011875132866640438,
    "n_seeds": 3,
    "seeds": [
      42,
      123,
      456
    ],
    "avg_train_time_per_round": 6.055220166842143,
    "total_train_time": 181.65660500526428,
    "peak_gpu_memory_mb": 228.673828125,
    "avg_query_time": 0.20142111778259278,
    "total_query_time": 6.042633533477783,
    "n_human_labeled_mean": [
      100.0,
      200.0,
      300.0,
      400.0,
      500.0,
      600.0,
      700.0,
      800.0,
      900.0,
      1000.0
    ],
    "total_pseudo_labeled": 683
  },
  "full_supervision": {
    "accuracy": 0.8591,
    "f1": 0.8585779203633006,
    "train_time": 2785.3357484340668,
    "gpu_memory_mb": 134.19287109375,
    "epochs": 50
  }
}