{
  "class_aware_entropy_ssl": {
    "f1_mean": [
      0.08077974316995014,
      0.14193895050355515,
      0.21163316657405162,
      0.2526019701012455,
      0.2757631462226515,
      0.30664888431886456,
      0.3100754942059655,
      0.3432271524909948,
      0.3542745161290179,
      0.3948815149029339
    ],
    "f1_std": [
      0.0,
      0.0,
      0.0,
      0.0,
      0.0,
      0.0,
      0.0,
      0.0,
      0.0,
      0.0
    ],
    "acc_mean": [
      0.1476,
      0.2153,
      0.2548,
      0.3016,
      0.317,
      0.3411,
      0.3506,
      0.3754,
      0.3824,
      0.4176
    ],
    "acc_std": [
      0.0,
      0.0,
      0.0,
      0.0,
      0.0,
      0.0,
      0.0,
      0.0,
      0.0,
      0.0
    ],
    "final_f1_mean": 0.3948815149029339,
    "final_f1_std": 0.0,
    "best_f1_mean": 0.3948815149029339,
    "best_f1_std": 0.0,
    "n_seeds": 1,
    "seeds": [
      456
    ],
    "avg_train_time_per_round": 4.792245483398437,
    "total_train_time": 47.922454833984375,
    "peak_gpu_memory_mb": 228.80078125,
    "avg_query_time": 0.15516624450683594,
    "total_query_time": 1.5516624450683594,
    "n_human_labeled_mean": [
      100.0,
      200.0,
      300.0,
      400.0,
      500.0,
      600.0,
      700.0,
      800.0,
      900.0,
      1000.0
    ],
    "total_pseudo_labeled": 377
  },
  "gap_aware_entropy_ssl": {
    "f1_mean": [
      0.08077974316995014,
      0.19360348207220637,
      0.222302351809266,
      0.2213027731469835,
      0.24215334039615563,
      0.2731253494608673,
      0.30039131892865933,
      0.32338233666955196,
      0.36872262979622733,
      0.3739810753828287
    ],
    "f1_std": [
      0.0,
      0.0,
      0.0,
      0.0,
      0.0,
      0.0,
      0.0,
      0.0,
      0.0,
      0.0
    ],
    "acc_mean": [
      0.1476,
      0.265,
      0.2709,
      0.2691,
      0.2986,
      0.322,
      0.3452,
      0.3521,
      0.3882,
      0.3974
    ],
    "acc_std": [
      0.0,
      0.0,
      0.0,
      0.0,
      0.0,
      0.0,
      0.0,
      0.0,
      0.0,
      0.0
    ],
    "final_f1_mean": 0.3739810753828287,
    "final_f1_std": 0.0,
    "best_f1_mean": 0.3739810753828287,
    "best_f1_std": 0.0,
    "n_seeds": 1,
    "seeds": [
      456
    ],
    "avg_train_time_per_round": 5.504668164253235,
    "total_train_time": 55.04668164253235,
    "peak_gpu_memory_mb": 228.673828125,
    "avg_query_time": 0.17000811100006102,
    "total_query_time": 1.7000811100006104,
    "n_human_labeled_mean": [
      100.0,
      200.0,
      300.0,
      400.0,
      500.0,
      600.0,
      700.0,
      800.0,
      900.0,
      1000.0
    ],
    "total_pseudo_labeled": 482
  },
  "full_supervision": {
    "accuracy": 0.7734,
    "f1": 0.767463908597943,
    "train_time": 596.996422290802,
    "gpu_memory_mb": 134.19287109375,
    "epochs": 50
  }
}