{
  "adaptive_gap_entropy": {
    "f1_mean": [
      0.001388295489797015,
      0.00891418200082646,
      0.010380831641307174,
      0.012284736223008417,
      0.017741319898106293,
      0.031937410801658406,
      0.04583346379828788,
      0.056877468419551276,
      0.06156578129618225,
      0.07479473528995327
    ],
    "f1_std": [
      0.0,
      0.0,
      0.0,
      0.0,
      0.0,
      0.0,
      0.0,
      0.0,
      0.0,
      0.0
    ],
    "acc_mean": [
      0.0149,
      0.0218,
      0.0309,
      0.0319,
      0.0388,
      0.0555,
      0.074,
      0.0848,
      0.0876,
      0.1016
    ],
    "acc_std": [
      0.0,
      0.0,
      0.0,
      0.0,
      0.0,
      0.0,
      0.0,
      0.0,
      0.0,
      0.0
    ],
    "final_f1_mean": 0.07479473528995327,
    "final_f1_std": 0.0,
    "best_f1_mean": 0.07479473528995327,
    "best_f1_std": 0.0,
    "n_seeds": 1,
    "seeds": [
      42
    ],
    "avg_train_time_per_round": 0.6006752729415894,
    "total_train_time": 6.0067527294158936,
    "peak_gpu_memory_mb": 131.71337890625,
    "avg_query_time": 0.06832399368286132,
    "total_query_time": 0.6832399368286133,
    "n_human_labeled_mean": [
      100.0,
      200.0,
      300.0,
      400.0,
      500.0,
      600.0,
      700.0,
      800.0,
      900.0,
      1000.0
    ],
    "total_pseudo_labeled": 0
  },
  "class_aware_entropy": {
    "f1_mean": [
      0.001388295489797015,
      0.007139892391670144,
      0.012540349044865335,
      0.016296464193385415,
      0.017095646759056015,
      0.0341534940839602,
      0.03719635234605975,
      0.05456594989721835,
      0.06020575873790646,
      0.06408695962868896
    ],
    "f1_std": [
      0.0,
      0.0,
      0.0,
      0.0,
      0.0,
      0.0,
      0.0,
      0.0,
      0.0,
      0.0
    ],
    "acc_mean": [
      0.0149,
      0.0284,
      0.0294,
      0.0429,
      0.0417,
      0.0624,
      0.065,
      0.0849,
      0.0929,
      0.0956
    ],
    "acc_std": [
      0.0,
      0.0,
      0.0,
      0.0,
      0.0,
      0.0,
      0.0,
      0.0,
      0.0,
      0.0
    ],
    "final_f1_mean": 0.06408695962868896,
    "final_f1_std": 0.0,
    "best_f1_mean": 0.06408695962868896,
    "best_f1_std": 0.0,
    "n_seeds": 1,
    "seeds": [
      42
    ],
    "avg_train_time_per_round": 0.461476469039917,
    "total_train_time": 4.61476469039917,
    "peak_gpu_memory_mb": 131.71337890625,
    "avg_query_time": 0.0669940710067749,
    "total_query_time": 0.669940710067749,
    "n_human_labeled_mean": [
      100.0,
      200.0,
      300.0,
      400.0,
      500.0,
      600.0,
      700.0,
      800.0,
      900.0,
      1000.0
    ],
    "total_pseudo_labeled": 0
  },
  "gap_aware_entropy": {
    "f1_mean": [
      0.001388295489797015,
      0.009101084350497357,
      0.012042136746279821,
      0.015214503498114389,
      0.015438742887863786,
      0.02151487003084185,
      0.035269221734926415,
      0.05093910705559559,
      0.05657933012666471,
      0.0691492480564131
    ],
    "f1_std": [
      0.0,
      0.0,
      0.0,
      0.0,
      0.0,
      0.0,
      0.0,
      0.0,
      0.0,
      0.0
    ],
    "acc_mean": [
      0.0149,
      0.0232,
      0.0305,
      0.0376,
      0.0364,
      0.0467,
      0.062,
      0.0802,
      0.0873,
      0.0979
    ],
    "acc_std": [
      0.0,
      0.0,
      0.0,
      0.0,
      0.0,
      0.0,
      0.0,
      0.0,
      0.0,
      0.0
    ],
    "final_f1_mean": 0.0691492480564131,
    "final_f1_std": 0.0,
    "best_f1_mean": 0.0691492480564131,
    "best_f1_std": 0.0,
    "n_seeds": 1,
    "seeds": [
      42
    ],
    "avg_train_time_per_round": 0.4561383008956909,
    "total_train_time": 4.561383008956909,
    "peak_gpu_memory_mb": 131.71337890625,
    "avg_query_time": 0.06881654262542725,
    "total_query_time": 0.6881654262542725,
    "n_human_labeled_mean": [
      100.0,
      200.0,
      300.0,
      400.0,
      500.0,
      600.0,
      700.0,
      800.0,
      900.0,
      1000.0
    ],
    "total_pseudo_labeled": 0
  },
  "full_supervision": {
    "accuracy": 0.438,
    "f1": 0.4145735826066085,
    "train_time": 486.6471073627472,
    "gpu_memory_mb": 134.17626953125,
    "epochs": 50
  }
}