{
  "entropy": {
    "f1_mean": [
      0.001472184564633057,
      0.006037074566817543,
      0.015113347984811374,
      0.01987567145728104,
      0.019631646337181324,
      0.026855121238038043,
      0.03400983467962666,
      0.046260670044374945,
      0.052247194688821254,
      0.05968409310173928
    ],
    "f1_std": [
      0.0,
      0.0,
      0.0,
      0.0,
      0.0,
      0.0,
      0.0,
      0.0,
      0.0,
      0.0
    ],
    "acc_mean": [
      0.0152,
      0.0278,
      0.036,
      0.0474,
      0.0439,
      0.0531,
      0.0596,
      0.0695,
      0.0754,
      0.0831
    ],
    "acc_std": [
      0.0,
      0.0,
      0.0,
      0.0,
      0.0,
      0.0,
      0.0,
      0.0,
      0.0,
      0.0
    ],
    "final_f1_mean": 0.05968409310173928,
    "final_f1_std": 0.0,
    "best_f1_mean": 0.05968409310173928,
    "best_f1_std": 0.0,
    "n_seeds": 1,
    "seeds": [
      42
    ],
    "avg_train_time_per_round": 2.3439088582992555,
    "total_train_time": 23.439088582992554,
    "peak_gpu_memory_mb": 237.5078125,
    "avg_query_time": 0.0021309852600097656,
    "total_query_time": 0.021309852600097656,
    "n_human_labeled_mean": [
      100.0,
      200.0,
      300.0,
      400.0,
      500.0,
      600.0,
      700.0,
      800.0,
      900.0,
      1000.0
    ],
    "total_pseudo_labeled": 10
  },
  "full_supervision": {
    "accuracy": 0.4385,
    "f1": 0.41889367699440894,
    "train_time": 282.3078579902649,
    "gpu_memory_mb": 147.22265625,
    "epochs": 50
  }
}