{
  "badge": {
    "f1_mean": [
      0.08736543157135224,
      0.09275011563422567,
      0.10849240458512824,
      0.14477728143031562,
      0.14341391271751197,
      0.20256451510884416,
      0.22985788267571725,
      0.2704092729771389,
      0.2938099821465203,
      0.31946394121494265
    ],
    "f1_std": [
      0.01569828428995513,
      0.010957456709832992,
      0.012852481303097974,
      0.022427465769460798,
      0.020032799164275503,
      0.01814071502494671,
      0.012507651948214108,
      0.021005262292104084,
      0.01948506849585153,
      0.018040111164963242
    ],
    "acc_mean": [
      0.18086000000000002,
      0.17708,
      0.18222,
      0.20778,
      0.2102,
      0.26286,
      0.29146,
      0.32001999999999997,
      0.34248,
      0.36497999999999997
    ],
    "acc_std": [
      0.011300725640417958,
      0.012858678003589644,
      0.01144699087096692,
      0.026236417438362268,
      0.022070976417005207,
      0.021780596869691145,
      0.010491062863218393,
      0.015853882805167956,
      0.01253002793292976,
      0.011134343267566337
    ],
    "final_f1_mean": 0.31946394121494265,
    "final_f1_std": 0.018040111164963242,
    "best_f1_mean": 0.32142053017532213,
    "best_f1_std": 0.016680115336350443,
    "n_seeds": 5,
    "seeds": [
      42,
      123,
      456,
      789,
      1024
    ],
    "avg_train_time_per_round": 0.9451451587677002,
    "total_train_time": 47.25725793838501,
    "peak_gpu_memory_mb": 196.5458984375,
    "avg_query_time": 21.72870451450348,
    "total_query_time": 1086.435225725174,
    "n_human_labeled_mean": [
      100.0,
      200.0,
      300.0,
      400.0,
      500.0,
      600.0,
      700.0,
      800.0,
      900.0,
      1000.0
    ],
    "total_pseudo_labeled": 0
  },
  "coreset": {
    "f1_mean": [
      0.08736543157135224,
      0.10702146087567439,
      0.09780646926980688,
      0.13928833822748238,
      0.14324189575702756,
      0.1878657904764462,
      0.22655660725419446,
      0.25349367759532654,
      0.26318158210922254,
      0.2929984508869366
    ],
    "f1_std": [
      0.01569828428995513,
      0.010069980215856726,
      0.01975750696452148,
      0.027238913243696504,
      0.014688587204161482,
      0.028313896859700538,
      0.0183583771099584,
      0.01962385386624345,
      0.027305673070051707,
      0.009583880573621629
    ],
    "acc_mean": [
      0.18086000000000002,
      0.18663999999999997,
      0.16782000000000002,
      0.20568,
      0.20050000000000004,
      0.25994,
      0.29156,
      0.31214,
      0.32384,
      0.34571999999999997
    ],
    "acc_std": [
      0.011300725640417958,
      0.008942617066608635,
      0.017137024245766824,
      0.029024499995693297,
      0.009490205477227561,
      0.017723159989121575,
      0.0179642533938931,
      0.015480904366347597,
      0.01991829309956051,
      0.01490441545314676
    ],
    "final_f1_mean": 0.2929984508869366,
    "final_f1_std": 0.009583880573621629,
    "best_f1_mean": 0.29437069320981835,
    "best_f1_std": 0.010893094638452748,
    "n_seeds": 5,
    "seeds": [
      42,
      123,
      456,
      789,
      1024
    ],
    "avg_train_time_per_round": 0.7395655488967896,
    "total_train_time": 36.97827744483948,
    "peak_gpu_memory_mb": 196.5458984375,
    "avg_query_time": 10.398585391044616,
    "total_query_time": 519.9292695522308,
    "n_human_labeled_mean": [
      100.0,
      200.0,
      300.0,
      400.0,
      500.0,
      600.0,
      700.0,
      800.0,
      900.0,
      1000.0
    ],
    "total_pseudo_labeled": 0
  },
  "entropy": {
    "f1_mean": [
      0.08736543157135224,
      0.11752472317809251,
      0.11977128482006405,
      0.13812004554916538,
      0.13864373430759797,
      0.20247544068413345,
      0.22161163486831792,
      0.24913578504598669,
      0.2796780531585624,
      0.312447155970475
    ],
    "f1_std": [
      0.01569828428995513,
      0.024036272653990977,
      0.018540542041489142,
      0.023799801805124785,
      0.012292842188891262,
      0.018869377882005964,
      0.011296325913980576,
      0.021909022540114294,
      0.014142325293574141,
      0.006647663555595642
    ],
    "acc_mean": [
      0.18086000000000002,
      0.1967,
      0.18983999999999998,
      0.20957999999999996,
      0.19448,
      0.26715999999999995,
      0.29034000000000004,
      0.31428,
      0.33812000000000003,
      0.36344
    ],
    "acc_std": [
      0.011300725640417958,
      0.023682482977931178,
      0.01747130218386712,
      0.02004778291981435,
      0.013620631409740153,
      0.01981076475050874,
      0.011745739653167867,
      0.01644924314368294,
      0.015029757150400001,
      0.011367427149535645
    ],
    "final_f1_mean": 0.312447155970475,
    "final_f1_std": 0.006647663555595642,
    "best_f1_mean": 0.312447155970475,
    "best_f1_std": 0.006647663555595642,
    "n_seeds": 5,
    "seeds": [
      42,
      123,
      456,
      789,
      1024
    ],
    "avg_train_time_per_round": 0.5243497133255005,
    "total_train_time": 26.217485666275024,
    "peak_gpu_memory_mb": 178.4296875,
    "avg_query_time": 0.00037790775299072264,
    "total_query_time": 0.018895387649536133,
    "n_human_labeled_mean": [
      100.0,
      200.0,
      300.0,
      400.0,
      500.0,
      600.0,
      700.0,
      800.0,
      900.0,
      1000.0
    ],
    "total_pseudo_labeled": 0
  },
  "margin": {
    "f1_mean": [
      0.08736543157135224,
      0.11815834272787547,
      0.11482523248833745,
      0.13704695525777116,
      0.17919168368178406,
      0.2224533642778445,
      0.24318202625059246,
      0.2719724429782637,
      0.28646374711468703,
      0.30424830731438063
    ],
    "f1_std": [
      0.01569828428995513,
      0.01865540661008216,
      0.01153304766996891,
      0.02370881423276749,
      0.026721954017167218,
      0.025635136602004317,
      0.018555632225495947,
      0.012673589446967686,
      0.03351266810800941,
      0.020955957357087687
    ],
    "acc_mean": [
      0.18086000000000002,
      0.19758,
      0.18264000000000002,
      0.21318,
      0.2451,
      0.29366,
      0.31111999999999995,
      0.33842,
      0.3522,
      0.36466000000000004
    ],
    "acc_std": [
      0.011300725640417958,
      0.014594711370904186,
      0.013292343660919994,
      0.01863903430974899,
      0.022173587891904187,
      0.017681131185532228,
      0.01229461670813693,
      0.0041062878613170725,
      0.022967716473345796,
      0.01989659267311868
    ],
    "final_f1_mean": 0.30424830731438063,
    "final_f1_std": 0.020955957357087687,
    "best_f1_mean": 0.3080253962182465,
    "best_f1_std": 0.025473315132070566,
    "n_seeds": 5,
    "seeds": [
      42,
      123,
      456,
      789,
      1024
    ],
    "avg_train_time_per_round": 0.49648404598236084,
    "total_train_time": 24.824202299118042,
    "peak_gpu_memory_mb": 205.0458984375,
    "avg_query_time": 0.000600423812866211,
    "total_query_time": 0.030021190643310547,
    "n_human_labeled_mean": [
      100.0,
      200.0,
      300.0,
      400.0,
      500.0,
      600.0,
      700.0,
      800.0,
      900.0,
      1000.0
    ],
    "total_pseudo_labeled": 0
  },
  "qbc": {
    "f1_mean": [
      0.08736543157135224,
      0.10634373007919251,
      0.10955452605163303,
      0.13313506716361365,
      0.1610369339222521,
      0.184100185160715,
      0.22357529713918267,
      0.25387331068508,
      0.28395860311859256,
      0.2979986309211308
    ],
    "f1_std": [
      0.01569828428995513,
      0.014789737052635352,
      0.027542737536915857,
      0.022893257104141276,
      0.018268115100066335,
      0.022297454181992544,
      0.008683158060125885,
      0.015792666789553378,
      0.0262990532750798,
      0.015380940909283812
    ],