{
  "badge": {
    "f1_mean": [
      0.0605291612183337,
      0.08223293805384461,
      0.10168667823814477,
      0.10802150720197985,
      0.13990831099439738,
      0.14694278039365424,
      0.14899722820510802,
      0.183384911340616,
      0.17955123666711187,
      0.2203502559442418
    ],
    "f1_std": [
      0.015222515032695394,
      0.016166260227125265,
      0.013345278835506747,
      0.02662449934652442,
      0.03210620921168172,
      0.01733088272587975,
      0.02305652203442767,
      0.022551801456082828,
      0.028206543396608694,
      0.015889649770387187
    ],
    "acc_mean": [
      0.14942,
      0.18356,
      0.1949,
      0.20656000000000002,
      0.2314,
      0.24478,
      0.24209999999999998,
      0.2685,
      0.26958000000000004,
      0.30346
    ],
    "acc_std": [
      0.021737561960808754,
      0.013801246320532071,
      0.01224924487468513,
      0.020088862586020148,
      0.02513507509437757,
      0.016595951313498114,
      0.01991662622032156,
      0.01733978085213305,
      0.024296452415939244,
      0.01292154789489247
    ],
    "final_f1_mean": 0.2203502559442418,
    "final_f1_std": 0.015889649770387187,
    "best_f1_mean": 0.2203502559442418,
    "best_f1_std": 0.015889649770387187,
    "n_seeds": 5,
    "seeds": [
      42,
      123,
      456,
      789,
      1024
    ],
    "avg_train_time_per_round": 4.730753784179687,
    "total_train_time": 236.53768920898438,
    "peak_gpu_memory_mb": 294.77880859375,
    "avg_query_time": 19.02274983406067,
    "total_query_time": 951.1374917030334,
    "n_human_labeled_mean": [
      100.0,
      200.0,
      300.0,
      400.0,
      500.0,
      600.0,
      700.0,
      800.0,
      900.0,
      1000.0
    ],
    "total_pseudo_labeled": 3951
  },
  "coreset": {
    "f1_mean": [
      0.0605291612183337,
      0.07758952281464596,
      0.08408861777535467,
      0.11475937768906466,
      0.12106145631778727,
      0.1364262302881984,
      0.1498344331425061,
      0.17562297132764895,
      0.1934897281467873,
      0.20658070871530554
    ],
    "f1_std": [
      0.015222515032695394,
      0.018601956154799,
      0.010807555377763263,
      0.013376096655134007,
      0.01698848222211153,
      0.021077670825365744,
      0.018592649260970977,
      0.020181657877566952,
      0.012115854426778285,
      0.016581380311038695
    ],
    "acc_mean": [
      0.14942,
      0.18309999999999998,
      0.18777999999999997,
      0.21022000000000002,
      0.21824000000000005,
      0.23222,
      0.24142000000000002,
      0.2652,
      0.28103999999999996,
      0.29076
    ],
    "acc_std": [
      0.021737561960808754,
      0.013703868067082379,
      0.009363418179276203,
      0.009399446792231972,
      0.010355018107178763,
      0.017571499651424186,
      0.01770089263285894,
      0.013755435289368347,
      0.010202666318173886,
      0.015983191170726826
    ],
    "final_f1_mean": 0.20658070871530554,
    "final_f1_std": 0.016581380311038695,
    "best_f1_mean": 0.20658070871530554,
    "best_f1_std": 0.016581380311038695,
    "n_seeds": 5,
    "seeds": [
      42,
      123,
      456,
      789,
      1024
    ],
    "avg_train_time_per_round": 4.5573597240448,
    "total_train_time": 227.86798620224,
    "peak_gpu_memory_mb": 294.77880859375,
    "avg_query_time": 11.948492650985719,
    "total_query_time": 597.4246325492859,
    "n_human_labeled_mean": [
      100.0,
      200.0,
      300.0,
      400.0,
      500.0,
      600.0,
      700.0,
      800.0,
      900.0,
      1000.0
    ],
    "total_pseudo_labeled": 4273
  },
  "entropy": {
    "f1_mean": [
      0.0605291612183337,
      0.08427096486925725,
      0.10762809189790609,
      0.13703207865591366,
      0.14831957750531835,
      0.15631825200034616,
      0.18407140489005958,
      0.21614561629610943,
      0.21395465235851555,
      0.2479706883148415
    ],
    "f1_std": [
      0.015222515032695394,
      0.010709128263509225,
      0.02244682332736923,
      0.02595710525948013,
      0.03632491758457784,
      0.026824288022864337,
      0.014868408480548314,
      0.010745850425375375,
      0.033277720340170326,
      0.026163922284988633
    ],
    "acc_mean": [
      0.14942,
      0.18384,
      0.20578000000000002,
      0.2251,
      0.23992,
      0.24420000000000003,
      0.26974,
      0.2942,
      0.29481999999999997,
      0.32486
    ],
    "acc_std": [
      0.021737561960808754,
      0.011782461542479144,
      0.01722317043984643,
      0.023761481435297764,
      0.027069939046846774,
      0.019874908804822223,
      0.0149437077059209,
      0.008131912444191711,
      0.030005692793201755,
      0.02193468486210823
    ],
    "final_f1_mean": 0.2479706883148415,
    "final_f1_std": 0.026163922284988633,
    "best_f1_mean": 0.24832218091637098,
    "best_f1_std": 0.025564843697512475,
    "n_seeds": 5,
    "seeds": [
      42,
      123,
      456,
      789,
      1024
    ],
    "avg_train_time_per_round": 4.455179710388183,
    "total_train_time": 222.75898551940918,
    "peak_gpu_memory_mb": 276.03759765625,
    "avg_query_time": 0.0004836225509643555,
    "total_query_time": 0.024181127548217773,
    "n_human_labeled_mean": [
      100.0,
      200.0,
      300.0,
      400.0,
      500.0,
      600.0,
      700.0,
      800.0,
      900.0,
      1000.0
    ],
    "total_pseudo_labeled": 2917
  },
  "margin": {
    "f1_mean": [
      0.0605291612183337,
      0.08643606093629039,
      0.09116563891308925,
      0.10961122020000028,
      0.11459183492919467,
      0.12260025988502836,
      0.1430030820525594,
      0.18478620428227682,
      0.21077157587000855,
      0.22673455966544925
    ],
    "f1_std": [
      0.015222515032695394,
      0.011729810809318996,
      0.012199558269727413,
      0.018624412303396124,
      0.022392579479448768,
      0.018924989015780918,
      0.008474788840926145,
      0.02286128208466451,
      0.016118761885675036,
      0.01459236746716753
    ],
    "acc_mean": [
      0.14942,
      0.18780000000000002,
      0.19524,
      0.20877999999999997,
      0.21604,
      0.22824,
      0.24691999999999997,
      0.27708000000000005,
      0.29599999999999993,
      0.30968
    ],
    "acc_std": [
      0.021737561960808754,
      0.009369525068006382,
      0.015968919813187113,
      0.013276053630503312,
      0.014414797952104636,
      0.014458021994726665,
      0.004377853355241598,
      0.01139427926636872,
      0.010149679797904954,
      0.012618304164981926
    ],
    "final_f1_mean": 0.22673455966544925,
    "final_f1_std": 0.01459236746716753,
    "best_f1_mean": 0.23048576240800261,
    "best_f1_std": 0.010722614327647024,
    "n_seeds": 5,
    "seeds": [
      42,
      123,
      456,
      789,
      1024
    ],
    "avg_train_time_per_round": 4.376965174674988,
    "total_train_time": 218.8482587337494,
    "peak_gpu_memory_mb": 303.02685546875,
    "avg_query_time": 0.0006991052627563477,
    "total_query_time": 0.03495526313781738,
    "n_human_labeled_mean": [
      100.0,
      200.0,
      300.0,
      400.0,
      500.0,
      600.0,
      700.0,
      800.0,
      900.0,
      1000.0
    ],
    "total_pseudo_labeled": 4282
  },
  "qbc": {
    "f1_mean": [
      0.0605291612183337,
      0.08976514291195922,
      0.08932431184165963,
      0.0960270236604247,
      0.11823562860217166,
      0.13164533295536718,
      0.14780882671854853,
      0.1652261541201719,
      0.17648049231517463,
      0.2042517247864651
    ],
    "f1_std": [
      0.015222515032695394,
      0.02042184840636713,
      0.015349057868624847,
      0.015486972118615806,
      0.013791832199202903,
      0.01812049327623295,
      0.015587826438576983,
      0.01781486071520464,
      0.008182950498699956,
      0.01698079128646429
    ],