{
  "adaptive_gap_entropy": {
    "f1_mean": [
      0.04734917710008187,
      0.08553416898711177,
      0.09243276301069862,
      0.15215970910422336,
      0.1505501577965151,
      0.21022123303200124,
      0.25401278675427025,
      0.2635384963108263,
      0.30449855897387457,
      0.30471836609074376
    ],
    "f1_std": [
      0.0,
      0.0,
      0.0,
      0.0,
      0.0,
      0.0,
      0.0,
      0.0,
      0.0,
      0.0
    ],
    "acc_mean": [
      0.1255,
      0.1773,
      0.1803,
      0.2352,
      0.221,
      0.2787,
      0.3068,
      0.3274,
      0.359,
      0.3572
    ],
    "acc_std": [
      0.0,
      0.0,
      0.0,
      0.0,
      0.0,
      0.0,
      0.0,
      0.0,
      0.0,
      0.0
    ],
    "final_f1_mean": 0.30471836609074376,
    "final_f1_std": 0.0,
    "best_f1_mean": 0.30471836609074376,
    "best_f1_std": 0.0,
    "n_seeds": 1,
    "seeds": [
      456
    ],
    "avg_train_time_per_round": 4.214691257476806,
    "total_train_time": 42.146912574768066,
    "peak_gpu_memory_mb": 228.67529296875,
    "avg_query_time": 0.0599475622177124,
    "total_query_time": 0.599475622177124,
    "n_human_labeled_mean": [
      100.0,
      200.0,
      300.0,
      400.0,
      500.0,
      600.0,
      700.0,
      800.0,
      900.0,
      1000.0
    ],
    "total_pseudo_labeled": 1260
  },
  "class_aware_entropy": {
    "f1_mean": [
      0.04734917710008187,
      0.0745360417080952,
      0.10579960468047407,
      0.14734703513449757,
      0.1805388059422223,
      0.20311308016401694,
      0.2318711953565189,
      0.2660063030921435,
      0.28147046556470956,
      0.29220194639144853
    ],
    "f1_std": [
      0.0,
      0.0,
      0.0,
      0.0,
      0.0,
      0.0,
      0.0,
      0.0,
      0.0,
      0.0
    ],
    "acc_mean": [
      0.1255,
      0.1699,
      0.1876,
      0.2202,
      0.2397,
      0.2775,
      0.2996,
      0.3284,
      0.339,
      0.3498
    ],
    "acc_std": [
      0.0,
      0.0,
      0.0,
      0.0,
      0.0,
      0.0,
      0.0,
      0.0,
      0.0,
      0.0
    ],
    "final_f1_mean": 0.29220194639144853,
    "final_f1_std": 0.0,
    "best_f1_mean": 0.29220194639144853,
    "best_f1_std": 0.0,
    "n_seeds": 1,
    "seeds": [
      456
    ],
    "avg_train_time_per_round": 4.6541037321090695,
    "total_train_time": 46.5410373210907,
    "peak_gpu_memory_mb": 228.80224609375,
    "avg_query_time": 0.06100649833679199,
    "total_query_time": 0.6100649833679199,
    "n_human_labeled_mean": [
      100.0,
      200.0,
      300.0,
      400.0,
      500.0,
      600.0,
      700.0,
      800.0,
      900.0,
      1000.0
    ],
    "total_pseudo_labeled": 1069
  },
  "gap_aware_entropy": {
    "f1_mean": [
      0.04734917710008187,
      0.08352650048343176,
      0.0983941311955576,
      0.1478999243869445,
      0.1992804025898739,
      0.2052615933266972,
      0.24996037457897255,
      0.27346779131587184,
      0.26840053579953005,
      0.30023369323074445
    ],
    "f1_std": [
      0.0,
      0.0,
      0.0,
      0.0,
      0.0,
      0.0,
      0.0,
      0.0,
      0.0,
      0.0
    ],
    "acc_mean": [
      0.1255,
      0.1762,
      0.1864,
      0.2301,
      0.2569,
      0.2766,
      0.3111,
      0.3321,
      0.3429,
      0.354
    ],
    "acc_std": [
      0.0,
      0.0,
      0.0,
      0.0,
      0.0,
      0.0,
      0.0,
      0.0,
      0.0,
      0.0
    ],
    "final_f1_mean": 0.30023369323074445,
    "final_f1_std": 0.0,
    "best_f1_mean": 0.30023369323074445,
    "best_f1_std": 0.0,
    "n_seeds": 1,
    "seeds": [
      456
    ],
    "avg_train_time_per_round": 4.315102553367614,
    "total_train_time": 43.15102553367615,
    "peak_gpu_memory_mb": 228.67529296875,
    "avg_query_time": 0.05879740715026856,
    "total_query_time": 0.5879740715026855,
    "n_human_labeled_mean": [
      100.0,
      200.0,
      300.0,
      400.0,
      500.0,
      600.0,
      700.0,
      800.0,
      900.0,
      1000.0
    ],
    "total_pseudo_labeled": 1091
  },
  "full_supervision": {
    "accuracy": 0.6447,
    "f1": 0.6189172863860726,
    "train_time": 140.66581273078918,
    "gpu_memory_mb": 134.19287109375,
    "epochs": 50
  }
}