{
  "badge": {
    "f1_mean": [
      0.10211461007901221,
      0.20841462605847766,
      0.24891092849923363,
      0.28773407388802397,
      0.30751799855917483,
      0.36598657659226685,
      0.39214333030008863,
      0.4164458933184682,
      0.4332560161914126,
      0.44838845895944945
    ],
    "f1_std": [
      0.015869241748931628,
      0.039145030891364355,
      0.0279444341662384,
      0.031075644516267098,
      0.024067516521705398,
      0.0062981317666510935,
      0.009984883736570508,
      0.013965245783465875,
      0.018407403458158368,
      0.015690496277047272
    ],
    "acc_mean": [
      0.17038,
      0.25244,
      0.2814,
      0.30798000000000003,
      0.32788,
      0.38264,
      0.4035,
      0.426,
      0.43948,
      0.45861999999999997
    ],
    "acc_std": [
      0.019032225303416316,
      0.030664154969605794,
      0.022705505940189923,
      0.021797192479766744,
      0.018577018059957852,
      0.004599391264069618,
      0.008176796438703848,
      0.00878680829425566,
      0.014950505008192885,
      0.011215952924294932
    ],
    "final_f1_mean": 0.44838845895944945,
    "final_f1_std": 0.015690496277047272,
    "best_f1_mean": 0.44838845895944945,
    "best_f1_std": 0.015690496277047272,
    "n_seeds": 5,
    "seeds": [
      42,
      123,
      456,
      789,
      1024
    ],
    "avg_train_time_per_round": 5.341086649894715,
    "total_train_time": 267.0543324947357,
    "peak_gpu_memory_mb": 294.77880859375,
    "avg_query_time": 26.520076851844788,
    "total_query_time": 1326.0038425922394,
    "n_human_labeled_mean": [
      100.0,
      200.0,
      300.0,
      400.0,
      500.0,
      600.0,
      700.0,
      800.0,
      900.0,
      1000.0
    ],
    "total_pseudo_labeled": 1343
  },
  "coreset": {
    "f1_mean": [
      0.10211461007901221,
      0.20942871303427113,
      0.24077874781851674,
      0.2789480077977544,
      0.3086361756289219,
      0.3582528510750474,
      0.3745133695129202,
      0.4031369647340469,
      0.4078115434946457,
      0.40867069164662057
    ],
    "f1_std": [
      0.015869241748931628,
      0.04760303068125861,
      0.03679412510759715,
      0.043105410999785425,
      0.02321209970377355,
      0.006749598499942651,
      0.010029335336968575,
      0.008246270932047727,
      0.010639645121508908,
      0.012744645629968767
    ],
    "acc_mean": [
      0.17038,
      0.25442,
      0.27298,
      0.30506,
      0.33192,
      0.3771,
      0.39234,
      0.41424000000000005,
      0.42234,
      0.42462
    ],
    "acc_std": [
      0.019032225303416316,
      0.04146069946346781,
      0.03191654116598476,
      0.036206883323478704,
      0.024731955037966567,
      0.009988593494581715,
      0.008586174934160147,
      0.007490954545316632,
      0.0073249163817752936,
      0.007081638228545706
    ],
    "final_f1_mean": 0.40867069164662057,
    "final_f1_std": 0.012744645629968767,
    "best_f1_mean": 0.41435708903095225,
    "best_f1_std": 0.00765939473965576,
    "n_seeds": 5,
    "seeds": [
      42,
      123,
      456,
      789,
      1024
    ],
    "avg_train_time_per_round": 4.087868881225586,
    "total_train_time": 204.3934440612793,
    "peak_gpu_memory_mb": 294.77880859375,
    "avg_query_time": 9.038596391677856,
    "total_query_time": 451.9298195838928,
    "n_human_labeled_mean": [
      100.0,
      200.0,
      300.0,
      400.0,
      500.0,
      600.0,
      700.0,
      800.0,
      900.0,
      1000.0
    ],
    "total_pseudo_labeled": 1134
  },
  "entropy": {
    "f1_mean": [
      0.10211461007901221,
      0.22107004478475117,
      0.24269284917850803,
      0.28194359781459905,
      0.3025903899157264,
      0.3415427878779961,
      0.35943737891326977,
      0.38724312932234517,
      0.4174026815028271,
      0.4151860023255979
    ],
    "f1_std": [
      0.015869241748931628,
      0.042827833835813144,
      0.012115904178032318,
      0.009288197029742783,
      0.021276408656341433,
      0.017297672766057107,
      0.020831821061237384,
      0.023421927795349635,
      0.015347958394742693,
      0.01720636337591482
    ],
    "acc_mean": [
      0.17038,
      0.2627,
      0.27626,
      0.31168,
      0.33204,
      0.36278,
      0.38212,
      0.40442,
      0.4288600000000001,
      0.42910000000000004
    ],
    "acc_std": [
      0.019032225303416316,
      0.036577643445142825,
      0.010936288218586792,
      0.012269213503725488,
      0.015291644777459349,
      0.02040082351278988,
      0.018070019369109718,
      0.019977126920555914,
      0.013026066175173528,
      0.013463877598968284
    ],
    "final_f1_mean": 0.4151860023255979,
    "final_f1_std": 0.01720636337591482,
    "best_f1_mean": 0.4211861516258465,
    "best_f1_std": 0.016798443454261992,
    "n_seeds": 5,
    "seeds": [
      42,
      123,
      456,
      789,
      1024
    ],
    "avg_train_time_per_round": 4.20649115562439,
    "total_train_time": 210.32455778121948,
    "peak_gpu_memory_mb": 276.03759765625,
    "avg_query_time": 0.0004059934616088867,
    "total_query_time": 0.020299673080444336,
    "n_human_labeled_mean": [
      100.0,
      200.0,
      300.0,
      400.0,
      500.0,
      600.0,
      700.0,
      800.0,
      900.0,
      1000.0
    ],
    "total_pseudo_labeled": 1296
  },
  "margin": {
    "f1_mean": [
      0.10211461007901221,
      0.20484574934962702,
      0.2513877191530476,
      0.30626069919227095,
      0.3166980194637755,
      0.3661410909630865,
      0.39076968856179367,
      0.4229535317472588,
      0.4398585428143106,
      0.4627085748936491
    ],
    "f1_std": [
      0.015869241748931628,
      0.02812617979030375,
      0.01923017124024202,
      0.027371178071122604,
      0.017469171908538667,
      0.02128619311127084,
      0.016572548535017963,
      0.005003450553308249,
      0.00819319003505713,
      0.007372120874627167
    ],
    "acc_mean": [
      0.17038,
      0.24594,
      0.28022,
      0.32508,
      0.33385999999999993,
      0.37746,
      0.40216,
      0.42750000000000005,
      0.44458000000000003,
      0.4622
    ],
    "acc_std": [
      0.019032225303416316,
      0.0228128560246191,
      0.012806935620982876,
      0.016193010838012785,
      0.01371008388012269,
      0.018516759975762503,
      0.014146038314666059,
      0.008075394727194454,
      0.009822504772205512,
      0.007487856836238247
    ],
    "final_f1_mean": 0.4627085748936491,
    "final_f1_std": 0.007372120874627167,
    "best_f1_mean": 0.4627085748936491,
    "best_f1_std": 0.007372120874627167,
    "n_seeds": 5,
    "seeds": [
      42,
      123,
      456,
      789,
      1024
    ],
    "avg_train_time_per_round": 4.248116283416748,
    "total_train_time": 212.4058141708374,
    "peak_gpu_memory_mb": 303.02685546875,
    "avg_query_time": 0.0009108400344848633,
    "total_query_time": 0.045542001724243164,
    "n_human_labeled_mean": [
      100.0,
      200.0,
      300.0,
      400.0,
      500.0,
      600.0,
      700.0,
      800.0,
      900.0,
      1000.0
    ],
    "total_pseudo_labeled": 1418
  },
  "qbc": {
    "f1_mean": [
      0.10211461007901221,
      0.18510927584487233,
      0.2359068022005772,
      0.29252789194838974,
      0.3188099957657385,
      0.3666438712968158,
      0.40030480317933154,
      0.42626905454638137,
      0.4436251473512501,
      0.46016666348461904
    ],
    "f1_std": [
      0.015869241748931628,
      0.03796035800425858,
      0.03211361462485577,
      0.023999601822815624,
      0.023936086998194193,
      0.01675875080698741,
      0.018189678417241603,
      0.010934620243039471,
      0.010732606633454015,
      0.005595067061067118
    ],
    "acc_mean": [
      0.17038,
      0.22774,
      0.26566,
      0.31112,
      0.32998000000000005,
      0.37392,
      0.40298000000000006,
      0.43288000000000004,
      0.4486,
      0.46258
    ],