{
  "adaptive_gap_entropy": {
    "f1_mean": [
      0.07118832751493621,
      0.10302847452585903,
      0.15753925330471658,
      0.13776881144235664,
      0.16667902992270256,
      0.16740304747619064,
      0.21739256991259998,
      0.222231578433697,
      0.2181743957040359,
      0.23968876126102784
    ],
    "f1_std": [
      0.0,
      0.0,
      0.0,
      0.0,
      0.0,
      0.0,
      0.0,
      0.0,
      0.0,
      0.0
    ],
    "acc_mean": [
      0.1661,
      0.203,
      0.2376,
      0.2171,
      0.2428,
      0.2557,
      0.2956,
      0.2947,
      0.3048,
      0.3152
    ],
    "acc_std": [
      0.0,
      0.0,
      0.0,
      0.0,
      0.0,
      0.0,
      0.0,
      0.0,
      0.0,
      0.0
    ],
    "final_f1_mean": 0.23968876126102784,
    "final_f1_std": 0.0,
    "best_f1_mean": 0.23968876126102784,
    "best_f1_std": 0.0,
    "n_seeds": 1,
    "seeds": [
      456
    ],
    "avg_train_time_per_round": 1.19013569355011,
    "total_train_time": 11.901356935501099,
    "peak_gpu_memory_mb": 143.1884765625,
    "avg_query_time": 0.1572476625442505,
    "total_query_time": 1.5724766254425049,
    "n_human_labeled_mean": [
      100.0,
      200.0,
      300.0,
      400.0,
      500.0,
      600.0,
      700.0,
      800.0,
      900.0,
      1000.0
    ],
    "total_pseudo_labeled": 0
  },
  "class_aware_entropy": {
    "f1_mean": [
      0.07118832751493621,
      0.11000038050867231,
      0.09342724266036169,
      0.14105491909853096,
      0.14288561230290714,
      0.15393077387414172,
      0.16947502769103076,
      0.22603821941687247,
      0.23384290460858312,
      0.2406137160212361
    ],
    "f1_std": [
      0.0,
      0.0,
      0.0,
      0.0,
      0.0,
      0.0,
      0.0,
      0.0,
      0.0,
      0.0
    ],
    "acc_mean": [
      0.1661,
      0.2002,
      0.1969,
      0.2157,
      0.2311,
      0.2447,
      0.2529,
      0.2983,
      0.3014,
      0.3157
    ],
    "acc_std": [
      0.0,
      0.0,
      0.0,
      0.0,
      0.0,
      0.0,
      0.0,
      0.0,
      0.0,
      0.0
    ],
    "final_f1_mean": 0.2406137160212361,
    "final_f1_std": 0.0,
    "best_f1_mean": 0.2406137160212361,
    "best_f1_std": 0.0,
    "n_seeds": 1,
    "seeds": [
      456
    ],
    "avg_train_time_per_round": 1.1486610412597655,
    "total_train_time": 11.486610412597656,
    "peak_gpu_memory_mb": 143.1884765625,
    "avg_query_time": 0.15336501598358154,
    "total_query_time": 1.5336501598358154,
    "n_human_labeled_mean": [
      100.0,
      200.0,
      300.0,
      400.0,
      500.0,
      600.0,
      700.0,
      800.0,
      900.0,
      1000.0
    ],
    "total_pseudo_labeled": 0
  },
  "entropy": {
    "f1_mean": [
      0.07118832751493621,
      0.10390051741805276,
      0.12342919307286851,
      0.1414852961388352,
      0.13260771561830986,
      0.15397035091646472,
      0.16048713736042985,
      0.20376932520422014,
      0.22289281871553954,
      0.25708333482257284
    ],
    "f1_std": [
      0.0,
      0.0,
      0.0,
      0.0,
      0.0,
      0.0,
      0.0,
      0.0,
      0.0,
      0.0
    ],
    "acc_mean": [
      0.1661,
      0.2012,
      0.21,
      0.239,
      0.2234,
      0.2498,
      0.2527,
      0.2895,
      0.2974,
      0.3321
    ],
    "acc_std": [
      0.0,
      0.0,
      0.0,
      0.0,
      0.0,
      0.0,
      0.0,
      0.0,
      0.0,
      0.0
    ],
    "final_f1_mean": 0.25708333482257284,
    "final_f1_std": 0.0,
    "best_f1_mean": 0.25708333482257284,
    "best_f1_std": 0.0,
    "n_seeds": 1,
    "seeds": [
      456
    ],
    "avg_train_time_per_round": 1.390518856048584,
    "total_train_time": 13.90518856048584,
    "peak_gpu_memory_mb": 139.31787109375,
    "avg_query_time": 0.0005760669708251953,
    "total_query_time": 0.005760669708251953,
    "n_human_labeled_mean": [
      100.0,
      200.0,
      300.0,
      400.0,
      500.0,
      600.0,
      700.0,
      800.0,
      900.0,
      1000.0
    ],
    "total_pseudo_labeled": 0
  },
  "gap_aware_entropy": {
    "f1_mean": [
      0.07118832751493621,
      0.1041849930685983,
      0.15915136501970634,
      0.12586285518408427,
      0.12397051391051221,
      0.19038786347790976,
      0.20557026573811665,
      0.21977461353374772,
      0.2311395521324239,
      0.255121543509649
    ],
    "f1_std": [
      0.0,
      0.0,
      0.0,
      0.0,
      0.0,
      0.0,
      0.0,
      0.0,
      0.0,
      0.0
    ],
    "acc_mean": [
      0.1661,
      0.2047,
      0.2369,
      0.2279,
      0.2169,
      0.2763,
      0.28,
      0.3016,
      0.3047,
      0.3263
    ],
    "acc_std": [
      0.0,
      0.0,
      0.0,
      0.0,
      0.0,
      0.0,
      0.0,
      0.0,
      0.0,
      0.0
    ],
    "final_f1_mean": 0.255121543509649,
    "final_f1_std": 0.0,
    "best_f1_mean": 0.255121543509649,
    "best_f1_std": 0.0,
    "n_seeds": 1,
    "seeds": [
      456
    ],
    "avg_train_time_per_round": 1.1353387355804443,
    "total_train_time": 11.353387355804443,
    "peak_gpu_memory_mb": 143.1884765625,
    "avg_query_time": 0.15491557121276855,
    "total_query_time": 1.5491557121276855,
    "n_human_labeled_mean": [
      100.0,
      200.0,
      300.0,
      400.0,
      500.0,
      600.0,
      700.0,
      800.0,
      900.0,
      1000.0
    ],
    "total_pseudo_labeled": 0
  },
  "full_supervision": {
    "accuracy": 0.6192,
    "f1": 0.5814762394932611,
    "train_time": 404.3370659351349,
    "gpu_memory_mb": 145.5634765625,
    "epochs": 50
  }
}