{
  "random": {
    "mean_f1": 0.2398882528062963,
    "std_f1": 0.0026510383545242148,
    "seeds": [
      42,
      123,
      456
    ],
    "all_f1_scores": [
      [
        0.17242865318621725,
        0.22042077368157856,
        0.2253814292120165,
        0.2277536046798981,
        0.2335467366158431,
        0.24340325595841644,
        0.2425820646143732,
        0.24615903140798415,
        0.24074050239443495,
        0.2407118625822738
      ],
      [
        0.1787277577379523,
        0.20592565450923828,
        0.19999391680231865,
        0.20020022190319722,
        0.22849336986224628,
        0.2320507577511664,
        0.23582356691803893,
        0.2361744049193307,
        0.23471567173950306,
        0.2426439795658879
      ],
      [
        0.16057583985393803,
        0.18931568161545573,
        0.2186952811280523,
        0.22872793866256486,
        0.23324310645015287,
        0.23410419003135569,
        0.22347220551935004,
        0.22797525346508452,
        0.2287007737396924,
        0.23630891627072712
      ]
    ]
  },
  "entropy": {
    "mean_f1": 0.23167407629628758,
    "std_f1": 0.004858755956577543,
    "seeds": [
      42,
      123,
      456
    ],
    "all_f1_scores": [
      [
        0.17242865318621725,
        0.17904197387815662,
        0.1901830217873299,
        0.1915245464823881,
        0.20136791055698025,
        0.21704185354286354,
        0.22576826263030397,
        0.22711892143981433,
        0.2323121151794882,
        0.23437885746101816
      ],
      [
        0.1787277577379523,
        0.2055168931230733,
        0.21650934869493751,
        0.22002425850600388,
        0.2189778327676825,
        0.22299585215588813,
        0.22848067589415305,
        0.23543318692114762,
        0.24070077486180264,
        0.2357920041056209
      ],
      [
        0.16057583985393803,
        0.16919849343614948,
        0.18731629069996472,
        0.19499039631962162,
        0.2006249999918152,
        0.21604817043885682,
        0.2197656453031965,
        0.22122281712870398,
        0.22194258902528902,
        0.22485136732222374
      ]
    ]
  },
  "adaptive_gap_entropy": {
    "mean_f1": 0.22917833908347707,
    "std_f1": 0.006484222197828179,
    "seeds": [
      42,
      123,
      456
    ],
    "all_f1_scores": [
      [
        0.17242865318621725,
        0.19502024640027793,
        0.21839429659442855,
        0.2186380649991977,
        0.21681302513928621,
        0.2268840196852341,
        0.2359594850221282,
        0.23587983886160116,
        0.2410311951555617,
        0.2377245610075363
      ],
      [
        0.1787277577379523,
        0.20365948705155096,
        0.21108945005539081,
        0.21942344301195468,
        0.21715275669151826,
        0.22379698399811976,
        0.22350782256520585,
        0.22715983256598013,
        0.22906716089350168,
        0.2277843381201725
      ],
      [
        0.16057583985393803,
        0.17763403994493446,
        0.1905778935556443,
        0.19808011928976685,
        0.20133321257869968,
        0.2110440947876741,
        0.21461446049402655,
        0.2179026164665742,
        0.21925846892846854,
        0.2220261181227224
      ]
    ]
  },
  "class_aware_entropy": {
    "mean_f1": 0.2288596975289466,
    "std_f1": 0.004146277578917583,
    "seeds": [
      42,
      123,
      456
    ],
    "all_f1_scores": [
      [
        0.17242865318621725,
        0.21067677750270083,
        0.20398991149038523,
        0.21077122426943012,
        0.21217148545986442,
        0.2178796090089274,
        0.2252939947602485,
        0.22920913284883743,
        0.23215701656819476,
        0.23466476812002374
      ],
      [
        0.1787277577379523,
        0.2030805605652887,
        0.2112828449222434,
        0.21603031521967359,
        0.22087385793330397,
        0.224096133289773,
        0.2215358978081139,
        0.23097718696967498,
        0.22717716922303569,
        0.22667360707888484
      ],
      [
        0.16057583985393803,
        0.18211420584425803,
        0.1872554781358636,
        0.19253744776516285,
        0.19866272136045865,
        0.20730271862765998,
        0.21565248020309205,
        0.21737877125688504,
        0.22598721269267275,
        0.22524071738793117
      ]
    ]
  },
  "gap_aware_entropy": {
    "mean_f1": 0.22963348971224007,
    "std_f1": 0.00872924418499842,
    "seeds": [
      42,
      123,
      456
    ],
    "all_f1_scores": [
      [
        0.17242865318621725,
        0.2155881483575502,
        0.2351570503313723,
        0.23620319069311763,
        0.2354678279572949,
        0.2340921743738849,
        0.23905974884712045,
        0.24652672340708026,
        0.24555286440897683,
        0.24150603432721005
      ],
      [
        0.1787277577379523,
        0.19866521152537137,
        0.20764743668692348,
        0.21497751341454818,
        0.21045462540465856,
        0.21393190010746918,
        0.21807478577463452,
        0.22109968033332472,
        0.2148979553775614,
        0.2207677858325634
      ],
      [
        0.16057583985393803,
        0.17467722840652036,
        0.18781577761931828,
        0.20036331677261843,
        0.20596979533908982,
        0.20546308386473422,
        0.20911717931522794,
        0.21790172340244895,
        0.22182710640386824,
        0.22662664897694668
      ]
    ]
  }
}