{
  "random": {
    "mean_f1": 0.26895711066268246,
    "std_f1": 0.004529956078208975,
    "seeds": [
      42,
      123,
      456
    ],
    "all_f1_scores": [
      [
        0.2033427584499754,
        0.21699035835344152,
        0.2450903702655664,
        0.25094821104721077,
        0.26097292342442974,
        0.26287742790915336,
        0.26108491747903595,
        0.2711585770226447,
        0.2700500932028384,
        0.26636215031187965
      ],
      [
        0.1928435154552001,
        0.2385469656656621,
        0.2536808106982655,
        0.25447500219510755,
        0.26395121796107457,
        0.27149329842174097,
        0.27576690146692423,
        0.27976060837790273,
        0.27173090769347,
        0.2753271038926826
      ],
      [
        0.2205200709413762,
        0.25712844276134533,
        0.272015040431645,
        0.27561019277209386,
        0.2809392254989457,
        0.2731099842749996,
        0.27980382419956074,
        0.27178666499011234,
        0.27218675029988604,
        0.2651820777834851
      ]
    ]
  },
  "entropy": {
    "mean_f1": 0.26079669359312957,
    "std_f1": 0.003950977822156788,
    "seeds": [
      42,
      123,
      456
    ],
    "all_f1_scores": [
      [
        0.2033427584499754,
        0.22559118461169522,
        0.23305833130936432,
        0.23366446883730818,
        0.24678226813792717,
        0.2536977924715247,
        0.25351551035060693,
        0.2489405379844627,
        0.25098007593130245,
        0.25730161959111897
      ],
      [
        0.1928435154552001,
        0.22461313854620077,
        0.22599494389182123,
        0.23249089792133848,
        0.23769711454779535,
        0.24969881164700283,
        0.26097261345205525,
        0.2639034247087086,
        0.2602983797192301,
        0.2663196354621079
      ],
      [
        0.2205200709413762,
        0.22133513801256166,
        0.23905460627738928,
        0.24469774789478596,
        0.24849732383522188,
        0.2571032239046089,
        0.2604577861248847,
        0.2534851430733773,
        0.25844330634051443,
        0.2587688257261619
      ]
    ]
  },
  "adaptive_gap_entropy": {
    "mean_f1": 0.26581476806191945,
    "std_f1": 0.015546740396268154,
    "seeds": [
      42,
      123,
      456
    ],
    "all_f1_scores": [
      [
        0.2033427584499754,
        0.22604214863069833,
        0.2326258926902763,
        0.24606119862742534,
        0.25042615545736563,
        0.2557233463883574,
        0.26249937314303257,
        0.2639314793912571,
        0.27114234877786547,
        0.27940521187287376
      ],
      [
        0.1928435154552001,
        0.21733538327203522,
        0.23241519688875417,
        0.2382130849226507,
        0.2326960129714947,
        0.23416463615616956,
        0.23856774286107738,
        0.23737009133097406,
        0.2423258410015471,
        0.24405202855366648
      ],
      [
        0.2205200709413762,
        0.2494526283829221,
        0.23866431291735143,
        0.24754334455439436,
        0.2554948943568757,
        0.26348835391723663,
        0.26748219008020085,
        0.2684088073628731,
        0.27550443388774465,
        0.27398706375921816
      ]
    ]
  },
  "class_aware_entropy": {
    "mean_f1": 0.26069820396946125,
    "std_f1": 0.0048954262540917975,
    "seeds": [
      42,
      123,
      456
    ],
    "all_f1_scores": [
      [
        0.2033427584499754,
        0.21723098171658578,
        0.2161075904211116,
        0.22538861839444121,
        0.2401451258193748,
        0.24702909838633325,
        0.2493696428687988,
        0.24583905498166336,
        0.2502908835219484,
        0.2557341635069399
      ],
      [
        0.1928435154552001,
        0.21550097528650056,
        0.22604427097885296,
        0.23117835436636272,
        0.23681900750055132,
        0.23655579553388145,
        0.24572996037823666,
        0.25072477562744605,
        0.25387843360698864,
        0.2590009271272041
      ],
      [
        0.2205200709413762,
        0.24417865727809263,
        0.2554509235491668,
        0.2506610296276327,
        0.24637600521132935,
        0.2509773526328599,
        0.25842292691355634,
        0.2586532213501146,
        0.26089364584598296,
        0.2673595212742398
      ]
    ]
  },
  "gap_aware_entropy": {
    "mean_f1": 0.256962385381837,
    "std_f1": 0.00584732047430745,
    "seeds": [
      42,
      123,
      456
    ],
    "all_f1_scores": [
      [
        0.2033427584499754,
        0.22410894514596774,
        0.23341490346484065,
        0.24462408806851516,
        0.24719105594918656,
        0.2535571473869068,
        0.26385337023678945,
        0.2625360821146275,
        0.2610569934558578,
        0.262265720685313
      ],
      [
        0.1928435154552001,
        0.20722948740628425,
        0.22219341617778135,
        0.2267472910305778,
        0.22612128345972454,
        0.24224027425337408,
        0.23749353569192203,
        0.24309566692118362,
        0.24743046097207788,
        0.24881592828117002
      ],
      [
        0.2205200709413762,
        0.22508910624166356,
        0.2301120108536447,
        0.23954429783708697,
        0.23972613840818938,
        0.2539956615871105,
        0.2552533446123123,
        0.2627717576939978,
        0.2703762732329869,
        0.25980550717902806
      ]
    ]
  }
}