{
  "random": {
    "mean_f1": 0.1546557795090214,
    "std_f1": 0.009627597730429163,
    "seeds": [
      42,
      123,
      456
    ],
    "all_f1_scores": [
      [
        0.1316344164360363,
        0.16248468090257723,
        0.1614353091999166,
        0.16249594826231145,
        0.15957906544022946,
        0.15988656122529615,
        0.16439974187892908,
        0.16786180872802264,
        0.16787385228539584,
        0.1678349634077649
      ],
      [
        0.1261582361945027,
        0.13623126257840593,
        0.14286995877519088,
        0.1439574167060061,
        0.14626010853284077,
        0.14886724280502528,
        0.14831778578148452,
        0.14733179560991844,
        0.14840069551603877,
        0.1510272331369368
      ],
      [
        0.13672013355526985,
        0.13772709072879907,
        0.1433285553787774,
        0.1419550233113831,
        0.14242719285842936,
        0.1417619594486747,
        0.14498729697064955,
        0.14466440730031005,
        0.14592984495592148,
        0.14510514198236246
      ]
    ]
  },
  "entropy": {
    "mean_f1": 0.15650396351701357,
    "std_f1": 0.0058972351863471216,
    "seeds": [
      42,
      123,
      456
    ],
    "all_f1_scores": [
      [
        0.1316344164360363,
        0.13386013555728676,
        0.14024092531171556,
        0.15439007179424066,
        0.16300441394415363,
        0.1637806833495188,
        0.1619093055481778,
        0.16216234234330798,
        0.16150095070660347,
        0.1627267738211189
      ],
      [
        0.1261582361945027,
        0.1322834985734823,
        0.13450366641489495,
        0.13583486801468794,
        0.1381571816155059,
        0.14210708661433208,
        0.14564420953127996,
        0.1475321681488729,
        0.1483039991069463,
        0.148583863302475
      ],
      [
        0.13672013355526985,
        0.14034289351312196,
        0.1443778926038078,
        0.14441815290358262,
        0.14747615306599812,
        0.15035091984543195,
        0.15275900019543057,
        0.15560727458397489,
        0.15679401980664162,
        0.15820125342744681
      ]
    ]
  },
  "adaptive_gap_entropy": {
    "mean_f1": 0.15659463773340063,
    "std_f1": 0.0035085759537989906,
    "seeds": [
      42,
      123,
      456
    ],
    "all_f1_scores": [
      [
        0.1316344164360363,
        0.13736832968060136,
        0.14602579280799588,
        0.14666105805168092,
        0.1418601161426838,
        0.14341022089798344,
        0.1477273380412157,
        0.14987369264034672,
        0.1507574284487325,
        0.15327032359318396
      ],
      [
        0.1261582361945027,
        0.13707315675164206,
        0.1368211417109736,
        0.1400641019918474,
        0.1455009889452456,
        0.1477152341817448,
        0.1530133228667084,
        0.1568214888983421,
        0.1579139267059213,
        0.16144691383862841
      ],
      [
        0.13672013355526985,
        0.1367362590549608,
        0.1447837001159489,
        0.14743007807380443,
        0.15463523379515137,
        0.14866362112824122,
        0.15204568890541828,
        0.15366486724713377,
        0.15676627195149812,
        0.15506667576838956
      ]
    ]
  },
  "class_aware_entropy": {
    "mean_f1": 0.15598478127186088,
    "std_f1": 0.0021077142717012055,
    "seeds": [
      42,
      123,
      456
    ],
    "all_f1_scores": [
      [
        0.1316344164360363,
        0.14036580865947396,
        0.14442600898106822,
        0.139049918436809,
        0.1407282950542323,
        0.14632568222533027,
        0.14973068143761184,
        0.1481660362174318,
        0.1497762537886013,
        0.15313368498005836
      ],
      [
        0.1261582361945027,
        0.13711043047038593,
        0.1397555290501301,
        0.14281946139386617,
        0.1506034453973883,
        0.1533249383319611,
        0.15644125229456737,
        0.1567837225107854,
        0.15547407693399523,
        0.1566572513156692
      ],
      [
        0.13672013355526985,
        0.13549943076978296,
        0.14163429500622796,
        0.1533301366898569,
        0.1527481707386565,
        0.1541586025414176,
        0.15341359631315934,
        0.15267634970806526,
        0.1542758036694382,
        0.15816340751985505
      ]
    ]
  },
  "gap_aware_entropy": {
    "mean_f1": 0.1591459209710597,
    "std_f1": 0.0034228239784642183,
    "seeds": [
      42,
      123,
      456
    ],
    "all_f1_scores": [
      [
        0.1316344164360363,
        0.13959451326152592,
        0.14768625057097678,
        0.15264996196696165,
        0.1532228620598783,
        0.15492001682321446,
        0.15683499942254825,
        0.15649649427824583,
        0.15975680357315908,
        0.15724859982675704
      ],
      [
        0.1261582361945027,
        0.1358737499343205,
        0.14136544316738459,
        0.14765194578921947,
        0.1462088022662521,
        0.14892689730895708,
        0.14963213514804424,
        0.1538886113170374,
        0.15572855248460654,
        0.1562379359362281
      ],
      [
        0.13672013355526985,
        0.14037122410073716,
        0.1444857534261726,
        0.14738612146607094,
        0.1500160853776344,
        0.15612059353822236,
        0.15616577845201657,
        0.15832942742133746,
        0.16135291869509222,
        0.163951227150194
      ]
    ]
  }
}