{
  "random": {
    "mean_f1": 0.14934758627877676,
    "std_f1": 0.004093334239086918,
    "seeds": [
      42,
      123,
      456
    ],
    "all_f1_scores": [
      [
        0.12350914875326009,
        0.13063677486705758,
        0.13301594415931323,
        0.14470259007532416,
        0.1504281658155761,
        0.1509894600019721,
        0.15569355731362672,
        0.15834506360263131,
        0.15138387982398474,
        0.1536717629933755
      ],
      [
        0.12009690917024973,
        0.12713533759398468,
        0.12876965730958953,
        0.13337426306513092,
        0.14021049430941998,
        0.13913113781502265,
        0.14065961830655976,
        0.13934829056088063,
        0.14118606000244194,
        0.14385245132789165
      ],
      [
        0.13175028375095668,
        0.1364243046697735,
        0.14936867634398232,
        0.1482336674372064,
        0.14966696165473628,
        0.15658092338580967,
        0.15124608513605403,
        0.1511809621078012,
        0.1490174013942747,
        0.15051854451506305
      ]
    ]
  },
  "entropy": {
    "mean_f1": 0.15514452263590908,
    "std_f1": 0.0032031005451489975,
    "seeds": [
      42,
      123,
      456
    ],
    "all_f1_scores": [
      [
        0.12350914875326009,
        0.1295171484145991,
        0.13253575737585943,
        0.13664736391388685,
        0.14242206287091674,
        0.14331913880754354,
        0.14604069748535708,
        0.14835198582925377,
        0.15073113565932744,
        0.15338855860718284
      ],
      [
        0.12009690917024973,
        0.12515579962004522,
        0.13362637848328718,
        0.13606999886023308,
        0.13797614135549421,
        0.14363932070888322,
        0.14654969477112728,
        0.1468490745425072,
        0.14935342558787998,
        0.15240626041061342
      ],
      [
        0.13175028375095668,
        0.14047814682000653,
        0.14665410018083125,
        0.14758001321630446,
        0.14960597812319834,
        0.1515908328113536,
        0.1538022981081149,
        0.15193767290594778,
        0.15489805976656204,
        0.159638748889931
      ]
    ]
  },
  "adaptive_gap_entropy": {
    "mean_f1": 0.15008932459757518,
    "std_f1": 0.0028210897454102346,
    "seeds": [
      42,
      123,
      456
    ],
    "all_f1_scores": [
      [
        0.12350914875326009,
        0.1272598795849303,
        0.13654893434739013,
        0.13732538056015867,
        0.14194769855324357,
        0.1433263130867703,
        0.14339543529476473,
        0.146022850954371,
        0.14757028731999058,
        0.14754220345326685
      ],
      [
        0.12009690917024973,
        0.13899647671924809,
        0.13989057173372615,
        0.14297339266362472,
        0.14466510104495595,
        0.14231720152991487,
        0.14492936386647265,
        0.1467739421359418,
        0.14776790959653632,
        0.14870357107871807
      ],
      [
        0.13175028375095668,
        0.14512644903061572,
        0.14689116619412418,
        0.14654021845338688,
        0.15124972401982545,
        0.15253346675471507,
        0.15403437087451263,
        0.15323323609367162,
        0.1539692993191856,
        0.15402219926074065
      ]
    ]
  },
  "class_aware_entropy": {
    "mean_f1": 0.15628507347330747,
    "std_f1": 0.0036166412596294576,
    "seeds": [
      42,
      123,
      456
    ],
    "all_f1_scores": [
      [
        0.12350914875326009,
        0.1272598795849303,
        0.13851640599239887,
        0.14370650787512726,
        0.14370646174833715,
        0.14679708796019456,
        0.14958088590347116,
        0.15139154817815678,
        0.1552429762582173,
        0.1559188720114174
      ],
      [
        0.12009690917024973,
        0.13899647671924809,
        0.14031694316361926,
        0.1399140745494119,
        0.14502108888942608,
        0.14684164973200206,
        0.14994538973541305,
        0.14865183923872363,
        0.15014181123277642,
        0.15205007921112895
      ],
      [
        0.13175028375095668,
        0.14512644903061572,
        0.15199262390768578,
        0.15296956528643843,
        0.151556508484959,
        0.15690631096953805,
        0.1596066820865088,
        0.16118815780075757,
        0.15928008549785755,
        0.16088626919737606
      ]
    ]
  },
  "gap_aware_entropy": {
    "mean_f1": 0.1521170626196017,
    "std_f1": 0.0041938144939094825,
    "seeds": [
      42,
      123,
      456
    ],
    "all_f1_scores": [
      [
        0.12350914875326009,
        0.1272598795849303,
        0.1328133778690172,
        0.13180001042092776,
        0.1395184707821731,
        0.14444083958947007,
        0.14346723550978308,
        0.14455139530871725,
        0.14922676103317367,
        0.1518392834528861
      ],
      [
        0.12009690917024973,
        0.13662518645815064,
        0.13479712021289525,
        0.137024880514991,
        0.13848157326342786,
        0.1405314892458691,
        0.1433762081373839,
        0.14426734954811368,
        0.14823886781625412,
        0.14712523596983065
      ],
      [
        0.13175028375095668,
        0.13711193178177097,
        0.1462922739764119,
        0.14872815327325345,
        0.14811711185887894,
        0.14992392182534633,
        0.15154090543816703,
        0.1544644498052008,
        0.15578994585742062,
        0.15738666843608837
      ]
    ]
  }
}