{
  "random": {
    "mean_f1": 0.20635607872319006,
    "std_f1": 0.00978342000858475,
    "seeds": [
      42,
      123,
      456
    ],
    "all_f1_scores": [
      [
        0.13220429522929864,
        0.1710949801778844,
        0.1909680512799862,
        0.21255267768822833,
        0.2190770005993211,
        0.21927002182505198,
        0.22200769531419923,
        0.22280719610557176,
        0.21612757874143065,
        0.22004241588400997
      ],
      [
        0.15166533675685515,
        0.17731432787323453,
        0.19569128362945137,
        0.19431892849890028,
        0.19318325394275393,
        0.2059268954781796,
        0.2034465532807248,
        0.20055707290521352,
        0.20198055592313632,
        0.19775618252108268
      ],
      [
        0.15405183177672166,
        0.17558195299419938,
        0.17458232801717297,
        0.18480663851835616,
        0.1807626525573953,
        0.18089277435730397,
        0.19145973590090584,
        0.19391117027780597,
        0.19913582920078418,
        0.20126963776447754
      ]
    ]
  },
  "entropy": {
    "mean_f1": 0.19841973584594763,
    "std_f1": 0.004308045773796511,
    "seeds": [
      42,
      123,
      456
    ],
    "all_f1_scores": [
      [
        0.13220429522929864,
        0.13710563830791353,
        0.17100295989006947,
        0.17492711668476008,
        0.17963102770952338,
        0.18501430163266247,
        0.19149171635851675,
        0.18748335179084852,
        0.1941608125851912,
        0.1946845962520952
      ],
      [
        0.15166533675685515,
        0.1644562878238643,
        0.1669544756119534,
        0.17337263720772328,
        0.17972206400039364,
        0.18296888094337738,
        0.18984982943753473,
        0.1958381265264984,
        0.19123147325977036,
        0.19611892025467906
      ],
      [
        0.15405183177672166,
        0.1473380206804049,
        0.15271638047713632,
        0.1605803339122564,
        0.17164285394379789,
        0.1809499053290556,
        0.1903699962433018,
        0.19957498349138375,
        0.20298573923580973,
        0.20445569103106864
      ]
    ]
  },
  "adaptive_gap_entropy": {
    "mean_f1": 0.18811195329819785,
    "std_f1": 0.008209433414763415,
    "seeds": [
      42,
      123,
      456
    ],
    "all_f1_scores": [
      [
        0.13220429522929864,
        0.14770348633392563,
        0.15433657040374588,
        0.15674564417408926,
        0.17512858881775925,
        0.18010200094980602,
        0.18121805114868533,
        0.18468918300376708,
        0.1884372423261222,
        0.18163364378543764
      ],
      [
        0.15166533675685515,
        0.1586299479924712,
        0.17805957670207878,
        0.1843863459059316,
        0.1880591183576718,
        0.19074886736206428,
        0.18990298685879464,
        0.19411946513276707,
        0.19671119016258146,
        0.19969471787765883
      ],
      [
        0.15405183177672166,
        0.15204511788664388,
        0.14453536894525296,
        0.14936535316277963,
        0.15659127663682632,
        0.16930900928237394,
        0.16939761181492663,
        0.17550961633757614,
        0.1764897663619724,
        0.1830074982314971
      ]
    ]
  },
  "class_aware_entropy": {
    "mean_f1": 0.18390704094781885,
    "std_f1": 0.011694165759526942,
    "seeds": [
      42,
      123,
      456
    ],
    "all_f1_scores": [
      [
        0.13220429522929864,
        0.14836791659807508,
        0.16770371928446182,
        0.17060742340893673,
        0.17713059741517112,
        0.17475002338101123,
        0.17666256703854405,
        0.1805683342990443,
        0.18243042905585732,
        0.18375577435190132
      ],
      [
        0.15166533675685515,
        0.16373852341245632,
        0.17648462199511145,
        0.18193916790784645,
        0.18571735467241138,
        0.1885024138840498,
        0.18769491135542968,
        0.19516518550064227,
        0.19532041090468624,
        0.19830444466809824
      ],
      [
        0.15405183177672166,
        0.16757310998681268,
        0.1657115008209374,
        0.1554661797500426,
        0.15810398990486224,
        0.16297598705466326,
        0.1674811714853046,
        0.16986227851357688,
        0.16879085938225602,
        0.16966090382345697
      ]
    ]
  },
  "gap_aware_entropy": {
    "mean_f1": 0.20780808316372532,
    "std_f1": 0.005923856214494757,
    "seeds": [
      42,
      123,
      456
    ],
    "all_f1_scores": [
      [
        0.13220429522929864,
        0.14822836587182503,
        0.17310438455092175,
        0.17405626346871786,
        0.18194740119709596,
        0.1864793885807326,
        0.18667226957059396,
        0.19269873089601752,
        0.19635328646962197,
        0.19945542105810316
      ],
      [
        0.15166533675685515,
        0.19398114786708076,
        0.20219166629989238,
        0.20277798236555994,
        0.20764860199501783,
        0.2187379871844568,
        0.2144228471276103,
        0.2129939199740465,
        0.21255557831166866,
        0.21142505253837968
      ],
      [
        0.15405183177672166,
        0.14743090846364504,
        0.17179818729665475,
        0.17539862407858284,
        0.1894172414429936,
        0.19182136069072048,
        0.19477686979027684,
        0.2065987621542172,
        0.20635819712089593,
        0.21254377589469303
      ]
    ]
  }
}