{
  "random": {
    "mean_f1": 0.1667381187073414,
    "std_f1": 0.010174715456294177,
    "seeds": [
      42,
      123,
      456,
      789,
      1024
    ],
    "all_f1_scores": [
      [
        0.15149951025219124,
        0.164929297577399,
        0.15826187078408077,
        0.15874249705314997,
        0.1501178589038883,
        0.15264003544871885,
        0.15786804301901902,
        0.16233138454402296,
        0.16066051132186104,
        0.15716068331731425
      ],
      [
        0.13556203701415145,
        0.15905767407782573,
        0.16162725623709498,
        0.1603007365503507,
        0.14714965611507985,
        0.1549507857953131,
        0.16062478822950793,
        0.15786883991823944,
        0.1638349931417596,
        0.17039466572223871
      ],
      [
        0.14295880109532624,
        0.14714110877457842,
        0.15503050146365513,
        0.15365069804944084,
        0.15518841477375261,
        0.15351472979838726,
        0.15547997613919495,
        0.1547688859896078,
        0.1542317172754709,
        0.1531105265281543
      ],
      [
        0.16573307909193938,
        0.15297981296610255,
        0.16005187503686255,
        0.16501542472569378,
        0.17332078578095617,
        0.17801602373931336,
        0.17725021345400338,
        0.17964887842912938,
        0.17160407608567885,
        0.17228484471681474
      ],
      [
        0.16361567534533372,
        0.1711548244888079,
        0.19346376085759012,
        0.1836981129595388,
        0.1826619627751471,
        0.18662204223491818,
        0.18393147900805334,
        0.18700107759188206,
        0.1879732936356993,
        0.18073987325218505
      ]
    ]
  },
  "entropy": {
    "mean_f1": 0.1787403670224353,
    "std_f1": 0.011782555917152809,
    "seeds": [
      42,
      123,
      456,
      789,
      1024
    ],
    "all_f1_scores": [
      [
        0.15149951025219124,
        0.13837469473659278,
        0.16062211715721167,
        0.15805166800114182,
        0.16098048479334773,
        0.17274800197266896,
        0.17366580582286587,
        0.18074714698222344,
        0.1835878310266868,
        0.18058259175075667
      ],
      [
        0.13556203701415145,
        0.17726655058273408,
        0.1876900597440802,
        0.18762376101366207,
        0.19488373974539547,
        0.19225629086228663,
        0.19074364463661975,
        0.19825066643906514,
        0.1943539779881322,
        0.19870265603985326
      ],
      [
        0.14295880109532624,
        0.16049042706961897,
        0.16022885937930656,
        0.16545731951182246,
        0.16556813148020194,
        0.16389593717883838,
        0.1634125677313615,
        0.1678571449702912,
        0.1686675843572358,
        0.16386248236742348
      ],
      [
        0.16573307909193938,
        0.16076273159001517,
        0.16364531101793042,
        0.16467885365693155,
        0.1593079019956977,
        0.1554927803432971,
        0.15882505273468603,
        0.16140388749998352,
        0.17107741261617698,
        0.17043371696053405
      ],
      [
        0.16361567534533372,
        0.16310272219773084,
        0.1589026555655486,
        0.15801971874924986,
        0.16243965312441547,
        0.16417729748237203,
        0.16537948131121807,
        0.1765190260254334,
        0.18191328977581098,
        0.18012038799360883
      ]
    ]
  },
  "adaptive_gap_entropy": {
    "mean_f1": 0.17021927829073308,
    "std_f1": 0.008983822726123525,
    "seeds": [
      42,
      123,
      456,
      789,
      1024
    ],
    "all_f1_scores": [
      [
        0.15149951025219124,
        0.12606252003413385,
        0.12331198566936308,
        0.132141371205074,
        0.1424421468524097,
        0.15300169303432704,
        0.15352924144865354,
        0.15072703174404387,
        0.15687323318642524,
        0.1611259788749725
      ],
      [
        0.13556203701415145,
        0.16995805674834527,
        0.18323472010175204,
        0.18031670638204306,
        0.18425540140213797,
        0.174218712541879,
        0.17823003945505816,
        0.17955599408675957,
        0.18093505559497644,
        0.1802051436406737
      ],
      [
        0.14295880109532624,
        0.15863617862758303,
        0.15376091249296808,
        0.15366871559113623,
        0.15409749120489552,
        0.15502625810718626,
        0.15444058648872638,
        0.15417300941920048,
        0.1537997410854256,
        0.1578431880634937
      ],
      [
        0.16573307909193938,
        0.14600371045427823,
        0.137262090512265,
        0.14420122290739149,
        0.15270559800302366,
        0.1664325828876063,
        0.16567164299524045,
        0.1657998814343449,
        0.1658346948194273,
        0.1749519620426771
      ],
      [
        0.16361567534533372,
        0.16611037398651698,
        0.1790336746556627,
        0.17381806853699838,
        0.17213008453785722,
        0.17579192836927574,
        0.1743760891302643,
        0.17569567238518077,
        0.17705273237885638,
        0.1769701188318484
      ]
    ]
  },
  "coreset": {
    "mean_f1": 0.16922571759374821,
    "std_f1": 0.005718564929254882,
    "seeds": [
      42,
      123,
      456,
      789,
      1024
    ],
    "all_f1_scores": [
      [
        0.15149951025219124,
        0.15379649534819648,
        0.1596519015655739,
        0.1540414354445342,
        0.1538081774480921,
        0.1632742668437698,
        0.1653726745222262,
        0.1633547871031064,
        0.16436380319512697,
        0.16623397355390385
      ],
      [
        0.13556203701415145,
        0.14457215778867247,
        0.14780147234889485,
        0.1539327045658706,
        0.15984543209737975,
        0.1704548535171922,
        0.17044313277020032,
        0.17397932911724476,
        0.17552141310339028,
        0.17985523717872037
      ],
      [
        0.14295880109532624,
        0.15386684443448123,
        0.15083646154860658,
        0.14691984553702286,
        0.16039399952225317,
        0.16204596803874122,
        0.15864871126678093,
        0.16314428254128693,
        0.1627971830632032,
        0.1647229198480964
      ],
      [
        0.16573307909193938,
        0.185047487219461,
        0.16797657591416285,
        0.16784184111281525,
        0.16255810166783186,
        0.16761458283256953,
        0.16316644793924134,
        0.15642748283571686,
        0.15508832369195974,
        0.1647961075572117
      ],
      [
        0.16361567534533372,
        0.16426508365582695,
        0.1743175887927606,
        0.17032311827083274,
        0.17240943809355497,
        0.1732049511332484,
        0.1713214374484075,
        0.16536323348855195,
        0.1691653581323238,
        0.17052034983080872
      ]
    ]
  },
  "qbc": {
    "mean_f1": 0.1802305773666763,
    "std_f1": 0.010542541922524568,
    "seeds": [
      42,
      123,
      456,
      789,
      1024
    ],