{
  "random": {
    "mean_f1": 0.7358777333619255,
    "std_f1": 0.0103071572196595,
    "seeds": [
      42,
      123,
      456,
      789,
      1024
    ],
    "all_f1_scores": [
      [
        0.6750093106283387,
        0.6998426755587823,
        0.7071193439207406,
        0.7085389874477407,
        0.710485022862796,
        0.7114401257878413,
        0.7134154622860567,
        0.7146675526392345,
        0.7169379361178023,
        0.7209129115683013
      ],
      [
        0.7051705071763184,
        0.7258075888437961,
        0.7307124199516285,
        0.734869320218402,
        0.7380136192221014,
        0.7404662557414872,
        0.7406398099213496,
        0.7413065923090938,
        0.7430797366336207,
        0.7434379667096181
      ],
      [
        0.7008696321128707,
        0.7118318114572176,
        0.716468295320094,
        0.7153677012842897,
        0.7167596131862147,
        0.7187951492207469,
        0.7214704596544339,
        0.7218763200708874,
        0.7255044679492345,
        0.726867789572806
      ],
      [
        0.6903987576661379,
        0.7182188030028499,
        0.7238783474118453,
        0.7286389355727855,
        0.7300064804635393,
        0.7313424017635045,
        0.7346277007773002,
        0.736626620927652,
        0.7401644633024087,
        0.7399505763735917
      ],
      [
        0.7082163617521544,
        0.7281514538216985,
        0.7340672862481646,
        0.7375394915339635,
        0.7388641918345231,
        0.7409126175164678,
        0.7429343110525116,
        0.7420498162081155,
        0.7464807104567817,
        0.7482194225853109
      ]
    ]
  },
  "entropy": {
    "mean_f1": 0.7346107755630529,
    "std_f1": 0.009334338232458654,
    "seeds": [
      42,
      123,
      456,
      789,
      1024
    ],
    "all_f1_scores": [
      [
        0.6750093106283387,
        0.7021954779116308,
        0.7084564017878544,
        0.7115999775718433,
        0.7116065571584042,
        0.7133040835323288,
        0.7159541584762221,
        0.7182149182521109,
        0.7211705286667859,
        0.7234465612461062
      ],
      [
        0.7051705071763184,
        0.7208182813929065,
        0.7234144486252486,
        0.7241984784452825,
        0.7280530300305132,
        0.7294739084818161,
        0.7288122021500556,
        0.7317901928619498,
        0.7339430641134392,
        0.7335919482375048
      ],
      [
        0.7008696321128707,
        0.7125626581149979,
        0.7172518024612135,
        0.7194047878524976,
        0.7207616005459551,
        0.7225782885075992,
        0.7242171846728935,
        0.7246290869095822,
        0.726635069782823,
        0.7262393978578064
      ],
      [
        0.6903987576661379,
        0.7190007272539632,
        0.7254772132425901,
        0.7260772099674513,
        0.7288145929447494,
        0.7306190607424328,
        0.7331222158809211,
        0.7360601273238384,
        0.7377102068899598,
        0.7411031722487823
      ],
      [
        0.7082163617521544,
        0.7363365001102089,
        0.7382019187442711,
        0.741405329847079,
        0.742219845418598,
        0.7450226594593005,
        0.7471932814486129,
        0.7473796713351046,
        0.7478492808198457,
        0.7486727982250645
      ]
    ]
  },
  "adaptive_gap_entropy": {
    "mean_f1": 0.7342799504042665,
    "std_f1": 0.013706799876828369,
    "seeds": [
      42,
      123,
      456,
      789,
      1024
    ],
    "all_f1_scores": [
      [
        0.6750093106283387,
        0.6913919806327358,
        0.6977414602001142,
        0.7022911763129429,
        0.7041513704119072,
        0.7040511997237094,
        0.7078244736315191,
        0.7113576862153101,
        0.7126288333464841,
        0.7144015793691718
      ],
      [
        0.7051705071763184,
        0.7168647540745907,
        0.7197741086715232,
        0.7233490005318236,
        0.7246647998517681,
        0.7252530558291348,
        0.7261233336045738,
        0.7275145443055326,
        0.729361476785322,
        0.7312562795771702
      ],
      [
        0.7008696321128707,
        0.7152522299887228,
        0.719714124380061,
        0.72273954856156,
        0.7254958249641847,
        0.7261378465493487,
        0.7281135390550311,
        0.7291898623409594,
        0.7302667130086329,
        0.7337295383936855
      ],
      [
        0.6903987576661379,
        0.7159674798606817,
        0.7184001603202463,
        0.7220858552562138,
        0.723640635746134,
        0.7266079412584598,
        0.728744284178313,
        0.7307410580013974,
        0.7326305151841965,
        0.7346092952159454
      ],
      [
        0.7082163617521544,
        0.73629412149754,
        0.740769126005766,
        0.7416006962821905,
        0.7446477536684784,
        0.7469976644953453,
        0.7498989038636181,
        0.7527658498514483,
        0.7555125228836019,
        0.7574030594653598
      ]
    ]
  }
}