{
  "random": {
    "mean_f1": 0.5297111552280123,
    "std_f1": 0.031320096068320105,
    "seeds": [
      42,
      123,
      456,
      789,
      1024
    ],
    "all_f1_scores": [
      [
        0.3396283939182546,
        0.3679276601721549,
        0.377387848889771,
        0.3844188474990978,
        0.40187664793763134,
        0.40455496628453835,
        0.41526193750985946,
        0.41193425657072674,
        0.4714877223201082,
        0.4783520977666192
      ],
      [
        0.32209358153201034,
        0.3433880373281085,
        0.40115302260676566,
        0.5021337195748291,
        0.5024751555425493,
        0.500801456096968,
        0.49786713223233237,
        0.509754705817581,
        0.5340565199418325,
        0.5365480103695309
      ],
      [
        0.30435854172219123,
        0.3379053115555834,
        0.3571211499595003,
        0.4370655429301527,
        0.5126601195781137,
        0.5058873441101838,
        0.5467895927778826,
        0.5605784566374835,
        0.5621911165849991,
        0.5667179558129312
      ],
      [
        0.35808982927245403,
        0.4591442652692357,
        0.46407622804611276,
        0.45957470554040175,
        0.47996873170088905,
        0.49748188526321757,
        0.5120629940414161,
        0.5427807162221681,
        0.5384041023616256,
        0.5537481903540941
      ],
      [
        0.34223859910162313,
        0.3869631876482712,
        0.38490307960116316,
        0.3888004037102683,
        0.4150299947091461,
        0.4882905185450415,
        0.4957905706805354,
        0.5151721720335817,
        0.510815508601749,
        0.5131895218368862
      ]
    ]
  },
  "entropy": {
    "mean_f1": 0.5771684101062121,
    "std_f1": 0.023441870241750887,
    "seeds": [
      42,
      123,
      456,
      789,
      1024
    ],
    "all_f1_scores": [
      [
        0.3396283939182546,
        0.4172070470966801,
        0.42367062047699855,
        0.4443256576573168,
        0.4624904911281673,
        0.49218405196869075,
        0.5448363277381338,
        0.5724136115500806,
        0.5925561012062073,
        0.6003742772944728
      ],
      [
        0.32209358153201034,
        0.40580639407959496,
        0.4549265865651278,
        0.46313048522852024,
        0.4630420529238857,
        0.47199969624867794,
        0.5441016502420303,
        0.5608387095277958,
        0.5792895813286348,
        0.6041005475727766
      ],
      [
        0.30435854172219123,
        0.3843606962276019,
        0.47317570972043016,
        0.48405985427463394,
        0.4901295710013963,
        0.5149144121867012,
        0.5311242487318502,
        0.5505420372270553,
        0.5659268908357337,
        0.5812049495035578
      ],
      [
        0.35808982927245403,
        0.4137221326024971,
        0.4407061599300198,
        0.49470485662033603,
        0.5161007610200972,
        0.5312050650321145,
        0.524544994406676,
        0.5324036248654453,
        0.5412502046219095,
        0.5501807366285046
      ],
      [
        0.34223859910162313,
        0.39430398675095,
        0.43993163005579533,
        0.4536752405354883,
        0.4629178462942658,
        0.4677767300320058,
        0.47888343110748705,
        0.4819554824814086,
        0.49816219399891964,
        0.5499815395317487
      ]
    ]
  },
  "adaptive_gap_entropy": {
    "mean_f1": 0.5910896450079139,
    "std_f1": 0.03968907664173258,
    "seeds": [
      42,
      123,
      456,
      789,
      1024
    ],
    "all_f1_scores": [
      [
        0.3396283939182546,
        0.41281376842327033,
        0.4371064446510391,
        0.4563087506939289,
        0.47174624021158673,
        0.5731658361731161,
        0.6070580873579219,
        0.6285482632987682,
        0.6403789211329078,
        0.6381710921001886
      ],
      [
        0.32209358153201034,
        0.3960361955102022,
        0.44556869841215063,
        0.4351280913387767,
        0.44794052846845717,
        0.4534655196871283,
        0.45841231385638137,
        0.4692306951082312,
        0.5027763636469127,
        0.5498202207146733
      ],
      [
        0.30435854172219123,
        0.3667936339898624,
        0.4110220614275642,
        0.44647250656368237,
        0.45613564290037933,
        0.4662507572665476,
        0.5676016139774107,
        0.5972046039661368,
        0.6063768842894658,
        0.6105496791627807
      ],
      [
        0.35808982927245403,
        0.507993103154942,
        0.5458564687142603,
        0.5693415071734479,
        0.5913062652881911,
        0.6011335103321077,
        0.610371991763249,
        0.6141114109027053,
        0.6179176847233474,
        0.6188160657933613
      ],
      [
        0.34223859910162313,
        0.37395213724410475,
        0.4204477893047069,
        0.46113298909670475,
        0.48500842364222774,
        0.490711149411941,
        0.5053086518899506,
        0.5065836242999215,
        0.5161412360766422,
        0.538091167268566
      ]
    ]
  }
}