{
  "random": {
    "mean_f1": 0.7863062242897063,
    "std_f1": 0.003974647937042536,
    "seeds": [
      42,
      123,
      456,
      789,
      1024
    ],
    "all_f1_scores": [
      [
        0.6750093106283387,
        0.7307809673158928,
        0.7412085224172666,
        0.7539279379270384,
        0.7672538188704238,
        0.7688527318009074,
        0.7768438803190184,
        0.7788022690755867,
        0.7906225636752097,
        0.7908545578304456
      ],
      [
        0.7051705071763184,
        0.7594499714628407,
        0.7653752723741828,
        0.7678485018283865,
        0.7760742538158583,
        0.7757875568464749,
        0.783809947142748,
        0.7839810101942283,
        0.7837637064286656,
        0.7895910636137231
      ],
      [
        0.7008696321128707,
        0.7424386664825593,
        0.7740409936397651,
        0.77592216577236,
        0.7674416443034076,
        0.7693371923645992,
        0.7729873696849598,
        0.7729077944177037,
        0.7796680863908856,
        0.7829010679635309
      ],
      [
        0.6903987576661379,
        0.7296815566520725,
        0.7583957048274359,
        0.7721141604710204,
        0.7771922544009516,
        0.7779775465441084,
        0.7818140773002684,
        0.779483662238977,
        0.7791867902388068,
        0.7804788471701534
      ],
      [
        0.7082163617521544,
        0.7337924426342997,
        0.7631788165189244,
        0.7657916068655958,
        0.7721624397338159,
        0.7794224052686728,
        0.7823148652841955,
        0.7850349660274906,
        0.7873407026162436,
        0.7877055848706789
      ]
    ]
  },
  "entropy": {
    "mean_f1": 0.7508468121370866,
    "std_f1": 0.008631049787884553,
    "seeds": [
      42,
      123,
      456,
      789,
      1024
    ],
    "all_f1_scores": [
      [
        0.6750093106283387,
        0.7080668841483554,
        0.7458463346445854,
        0.7286927387453411,
        0.7307056476168625,
        0.7376857550460603,
        0.736311248825835,
        0.7421884455342054,
        0.7451709834120195,
        0.7520918210030374
      ],
      [
        0.7051705071763184,
        0.6956975798510484,
        0.6878418114345755,
        0.7088365078265861,
        0.7173272872588144,
        0.7229272844590586,
        0.7351611007958605,
        0.7329241484661091,
        0.739568880167408,
        0.745510592713243
      ],
      [
        0.7008696321128707,
        0.6876463106014803,
        0.701434218746814,
        0.7159204252664135,
        0.7233962505719969,
        0.7291368625229031,
        0.7330078285137703,
        0.7399174370156348,
        0.7351837699743841,
        0.7439771660069407
      ],
      [
        0.6903987576661379,
        0.7127062988779131,
        0.7039319930126966,
        0.7035356829256241,
        0.7174459620262941,
        0.7253545508270859,
        0.7238630488193198,
        0.7284060429887506,
        0.7401062034000866,
        0.745483173214445
      ],
      [
        0.7082163617521544,
        0.7394933457700446,
        0.7296325744951091,
        0.7372114733609252,
        0.7419358338157936,
        0.7548636320635811,
        0.7655965822568257,
        0.7636441300443507,
        0.7673003360822506,
        0.7671713077477664
      ]
    ]
  },
  "adaptive_gap_entropy": {
    "mean_f1": 0.7671370637034445,
    "std_f1": 0.0046974036613374095,
    "seeds": [
      42,
      123,
      456,
      789,
      1024
    ],
    "all_f1_scores": [
      [
        0.6750093106283387,
        0.700953220682597,
        0.7258389132396703,
        0.7326229639734706,
        0.7342458124631728,
        0.7388465162195118,
        0.7472205444654583,
        0.7536296167481237,
        0.7548279912306635,
        0.7600341066828855
      ],
      [
        0.7051705071763184,
        0.6865990668544905,
        0.7104861016286597,
        0.7363614989776098,
        0.7498565860184631,
        0.7500189887106516,
        0.7517023102959391,
        0.7576854579471421,
        0.7652585524817225,
        0.7678897634822844
      ],
      [
        0.7008696321128707,
        0.7292152610268734,
        0.7238640221771278,
        0.7408281246245544,
        0.751098418295515,
        0.7515231486741889,
        0.7584374918598736,
        0.7602516585122016,
        0.7623145401613569,
        0.7646264482554959
      ],
      [
        0.6903987576661379,
        0.7142360840265092,
        0.7169307421467351,
        0.7330289093288013,
        0.7283095571056136,
        0.739951019461756,
        0.7560917716462268,
        0.7578876272967159,
        0.770987146131861,
        0.7741894008908
      ],
      [
        0.7082163617521544,
        0.7356101052641153,
        0.7346464066712092,
        0.7469993193676354,
        0.7583427595432287,
        0.7685315993151605,
        0.7561422902525643,
        0.7571245677969914,
        0.7614274912456034,
        0.7689455992057559
      ]
    ]
  }
}