{
  "random": {
    "mean_f1": 0.6257836534229388,
    "std_f1": 0.031057767763411348,
    "seeds": [
      42,
      123,
      456,
      789,
      1024
    ],
    "all_f1_scores": [
      [
        0.47348609646008344,
        0.5539680117757089,
        0.5575638162972981,
        0.6133101358326254,
        0.6068253893079295,
        0.6241336046215343,
        0.6242154431836321,
        0.624587432041411,
        0.6432607772223555,
        0.6415522844865214
      ],
      [
        0.33251986311944737,
        0.3299444653010381,
        0.42695075863876963,
        0.48263249663818897,
        0.5059901096436089,
        0.5538994798002927,
        0.5791230885265166,
        0.6142958149457112,
        0.6162744533311597,
        0.6305951749160191
      ],
      [
        0.4497631597047952,
        0.5034334525872552,
        0.5081253088257349,
        0.5222082157093897,
        0.5320582710123541,
        0.5321965898752731,
        0.537020697415297,
        0.5555051383927997,
        0.5654691544586397,
        0.5792760243154108
      ],
      [
        0.4089521723221621,
        0.4519892708766256,
        0.5049886733745861,
        0.5362682584763657,
        0.5528309444697947,
        0.5682805616404913,
        0.574292988971058,
        0.5785731416028239,
        0.585083394914576,
        0.6067157851028464
      ],
      [
        0.4126615256624323,
        0.4918225910465745,
        0.5353631073304488,
        0.5578896185284712,
        0.5791677759032134,
        0.6041863276753121,
        0.634913774409578,
        0.6455429244050042,
        0.6656681462722207,
        0.6707789982938968
      ]
    ]
  },
  "entropy": {
    "mean_f1": 0.6678810126151109,
    "std_f1": 0.015304971515005695,
    "seeds": [
      42,
      123,
      456,
      789,
      1024
    ],
    "all_f1_scores": [
      [
        0.47348609646008344,
        0.6012510998128378,
        0.6076650400661363,
        0.6464282433032251,
        0.6581911805216495,
        0.6566270539533682,
        0.6706346028816964,
        0.6886054319329526,
        0.6891411427704347,
        0.6949998121139588
      ],
      [
        0.33251986311944737,
        0.4370722472293173,
        0.48365587640389424,
        0.5163012239685849,
        0.5250459303719087,
        0.5393911602051153,
        0.5445810025135379,
        0.5630347717511743,
        0.5924287130340593,
        0.6519722702647053
      ],
      [
        0.4497631597047952,
        0.5003886452791443,
        0.5763337323609675,
        0.5976071069882113,
        0.620212890177941,
        0.6289705603830282,
        0.6387375958568342,
        0.6509695823730013,
        0.6541974296241243,
        0.6571533381182265
      ],
      [
        0.4089521723221621,
        0.4818309929110568,
        0.543342448246438,
        0.5569767847741768,
        0.5921441331120918,
        0.6133731217614105,
        0.643288154601807,
        0.6626972645006395,
        0.658970866179218,
        0.6618306023520304
      ],
      [
        0.4126615256624323,
        0.4745486564816687,
        0.5168068308856422,
        0.5408763734594505,
        0.5422974973826822,
        0.6220731381053912,
        0.6533011455664126,
        0.6660445414768673,
        0.6710459795713397,
        0.673449040226634
      ]
    ]
  },
  "adaptive_gap_entropy": {
    "mean_f1": 0.685110776499105,
    "std_f1": 0.03989144726860461,
    "seeds": [
      42,
      123,
      456,
      789,
      1024
    ],
    "all_f1_scores": [
      [
        0.47348609646008344,
        0.6034815130933183,
        0.6135859968429054,
        0.6364954473219596,
        0.6559993078649005,
        0.6990826075252367,
        0.7030923293635476,
        0.7124159987786712,
        0.7167545271084272,
        0.7254265595644334
      ],
      [
        0.33251986311944737,
        0.4553605421588708,
        0.49926865739870213,
        0.529815940099198,
        0.5340693655243312,
        0.5451100636792224,
        0.5509751005880718,
        0.5599504415446535,
        0.5767986200858015,
        0.6096333744684749
      ],
      [
        0.4497631597047952,
        0.5171661430366084,
        0.5497058935816928,
        0.6013237332607525,
        0.6098466598336372,
        0.6332548139587004,
        0.6424608879606807,
        0.6498713994665104,
        0.6704416381786283,
        0.686019715041375
      ],
      [
        0.4089521723221621,
        0.5518842929251131,
        0.6176258445480883,
        0.6372289988190788,
        0.655419948859266,
        0.6702395342940122,
        0.6951504541150114,
        0.7011607796006375,
        0.7024623360288901,
        0.7070841785577884
      ],
      [
        0.4126615256624323,
        0.4710770354651945,
        0.5909240747928305,
        0.5981644823331408,
        0.6204181825839035,
        0.6539767056361001,
        0.6828356698464215,
        0.6887305617327837,
        0.6951353535863626,
        0.6973900548634533
      ]
    ]
  }
}