{
  "random": {
    "mean_f1": 0.6856914501685267,
    "std_f1": 0.013570650302720269,
    "seeds": [
      42,
      123,
      456,
      789,
      1024
    ],
    "all_f1_scores": [
      [
        0.5569991458623319,
        0.6027128127530607,
        0.6237585581962242,
        0.652802112544706,
        0.6573099541357609,
        0.6662012697455915,
        0.6885244956984575,
        0.6859076171341542,
        0.6869059033920468,
        0.6959195523581633
      ],
      [
        0.4728865918350271,
        0.5018844999428056,
        0.5675916453034517,
        0.5830055668749935,
        0.6114252541544983,
        0.639944347106628,
        0.6762777530600046,
        0.668266792201689,
        0.6802239046846117,
        0.6877670730929026
      ],
      [
        0.5040152561089652,
        0.5936989495644548,
        0.6006041110219078,
        0.6133968835022156,
        0.6351295840139615,
        0.6321644505921988,
        0.6481727563380206,
        0.6540691763404454,
        0.6598952076363768,
        0.6612131778444954
      ],
      [
        0.4656661396281966,
        0.5536225898013898,
        0.5970511205068982,
        0.6116668387144277,
        0.6122720322785754,
        0.6149322517273286,
        0.6479431322375235,
        0.6819268018524755,
        0.6900183397959003,
        0.7001032311888082
      ],
      [
        0.47766800071654564,
        0.5775176934311345,
        0.6091992486550077,
        0.6456616817799379,
        0.662850965454854,
        0.6620202878622289,
        0.6619544246666405,
        0.6743339528546917,
        0.6725211624986913,
        0.6834542163582642
      ]
    ]
  },
  "entropy": {
    "mean_f1": 0.6787775929239385,
    "std_f1": 0.015948680731810116,
    "seeds": [
      42,
      123,
      456,
      789,
      1024
    ],
    "all_f1_scores": [
      [
        0.5569991458623319,
        0.5978955224307262,
        0.6306792720391178,
        0.6332214166811252,
        0.6467037858529675,
        0.6670749200885928,
        0.6695966870880525,
        0.6761920596247866,
        0.6843084208038291,
        0.6886884116189397
      ],
      [
        0.4728865918350271,
        0.5598417745212896,
        0.5796393931032163,
        0.6228914512632432,
        0.6411630147488313,
        0.6511330524136891,
        0.6608903307047973,
        0.65186907563007,
        0.6583773853489199,
        0.6608615630478134
      ],
      [
        0.5040152561089652,
        0.548263299089653,
        0.6055660327393668,
        0.6729051822838803,
        0.683206292836234,
        0.6795224621519653,
        0.6949622579641644,
        0.6994604106661786,
        0.6979963564317085,
        0.7045085928436742
      ],
      [
        0.4656661396281966,
        0.5615981242854818,
        0.6078146021114078,
        0.6295561285007515,
        0.6362392853377704,
        0.647501719652732,
        0.6600779612370964,
        0.6649715642500631,
        0.668380739460153,
        0.674001719574047
      ],
      [
        0.47766800071654564,
        0.4791689453567075,
        0.5185679576500939,
        0.5427443683856888,
        0.5643699910224557,
        0.6045813278626571,
        0.6467343132973968,
        0.6682005412377968,
        0.666770165553062,
        0.6658276775352179
      ]
    ]
  },
  "adaptive_gap_entropy": {
    "mean_f1": 0.7092546083329505,
    "std_f1": 0.011174534297944252,
    "seeds": [
      42,
      123,
      456,
      789,
      1024
    ],
    "all_f1_scores": [
      [
        0.5569991458623319,
        0.6194267597962958,
        0.631659582767195,
        0.6572292077933644,
        0.6663783673369446,
        0.6798234617281557,
        0.6874373258143994,
        0.7015166408646138,
        0.707949179441164,
        0.7074326456069762
      ],
      [
        0.4728865918350271,
        0.548774055634618,
        0.5833025293744735,
        0.6036279368338995,
        0.6176074175417469,
        0.6432266368321582,
        0.671229404497718,
        0.689868691054803,
        0.6930147293095101,
        0.6994262127228097
      ],
      [
        0.5040152561089652,
        0.5676013051493793,
        0.6438637724565665,
        0.6832103696657741,
        0.7028238641331376,
        0.7132719601529371,
        0.7193123426480758,
        0.7213553514346182,
        0.7251249183091251,
        0.7309907649302684
      ],
      [
        0.4656661396281966,
        0.5784646289895596,
        0.6345466181216636,
        0.6608976045369761,
        0.6731268693535656,
        0.6839831013072458,
        0.6901951795979503,
        0.6979405295872648,
        0.7032082431579514,
        0.7049573661373479
      ],
      [
        0.47766800071654564,
        0.4612611081419554,
        0.5865210913586314,
        0.636451268185818,
        0.6539199972716119,
        0.6753733766785432,
        0.6931322846008106,
        0.6982402564797716,
        0.7053065199978567,
        0.7034660522673505
      ]
    ]
  }
}