{
  "random": {
    "mean_f1": 0.4396932087896223,
    "std_f1": 0.03658525201180684,
    "seeds": [
      42,
      123,
      456,
      789,
      1024
    ],
    "all_f1_scores": [
      [
        0.31068580841562976,
        0.3962742743428225,
        0.39291014343028213,
        0.4002397835570293,
        0.42995544002208835,
        0.4305104312758655,
        0.4276003700738088,
        0.4286140465861856,
        0.4371442447638348,
        0.4328341194449406
      ],
      [
        0.31426585142325036,
        0.3440562288654587,
        0.40521580496456994,
        0.41202826886368643,
        0.43033466362798356,
        0.4261299993119537,
        0.4227748540835955,
        0.4264145854806207,
        0.4268731973892577,
        0.42086586657037184
      ],
      [
        0.3168653293223077,
        0.4200299582863046,
        0.4379618506167944,
        0.46859635639587366,
        0.46787633685156454,
        0.44743662449567234,
        0.4427541771475984,
        0.453191337261236,
        0.4507703054278884,
        0.4577646010360269
      ],
      [
        0.2962762913842524,
        0.30891454786838884,
        0.3095345298787263,
        0.31001248233786427,
        0.311119614289255,
        0.3308137083940614,
        0.3339627626302768,
        0.3365138675383249,
        0.3863562809213053,
        0.3890245053206269
      ],
      [
        0.3780440997812241,
        0.3647296045198245,
        0.359840132486282,
        0.46405849012911177,
        0.47269960635619,
        0.4691782450724132,
        0.4648353183352979,
        0.4762306189151805,
        0.48266984401712787,
        0.4979769515761454
      ]
    ]
  },
  "entropy": {
    "mean_f1": 0.5070542640465828,
    "std_f1": 0.0451960294433879,
    "seeds": [
      42,
      123,
      456,
      789,
      1024
    ],
    "all_f1_scores": [
      [
        0.31068580841562976,
        0.36390011659184074,
        0.38822030220522674,
        0.3873095197589932,
        0.4386546542382545,
        0.45516984894608525,
        0.4639678402520687,
        0.4604766889589033,
        0.4696390836842596,
        0.4723311917527876
      ],
      [
        0.31426585142325036,
        0.40058058924673884,
        0.3870703241950552,
        0.4501436213059565,
        0.4498989207451752,
        0.4887561031055775,
        0.5173477909961264,
        0.5328624482629414,
        0.5411647160026992,
        0.5489307053217013
      ],
      [
        0.3168653293223077,
        0.3183934367126164,
        0.38344445734622645,
        0.4249262326967658,
        0.4226233755427944,
        0.42225677175415743,
        0.42559012812430047,
        0.4306065907855737,
        0.4487927563300348,
        0.4621989474624376
      ],
      [
        0.2962762913842524,
        0.34240048017005514,
        0.42732453032780515,
        0.42403058506453056,
        0.43073169664292815,
        0.44143400601701427,
        0.44753409019168605,
        0.5046215598760068,
        0.5652693868405287,
        0.5735043946234162
      ],
      [
        0.3780440997812241,
        0.4461750398973418,
        0.45637124668415313,
        0.4528510606925028,
        0.4580831383925242,
        0.46023356075144956,
        0.4655290472795984,
        0.47576372297201186,
        0.4816096652678607,
        0.47830608107257105
      ]
    ]
  },
  "adaptive_gap_entropy": {
    "mean_f1": 0.5161156344542268,
    "std_f1": 0.06621589364250031,
    "seeds": [
      42,
      123,
      456,
      789,
      1024
    ],
    "all_f1_scores": [
      [
        0.31068580841562976,
        0.35844464764996853,
        0.4182238953980721,
        0.4269468760915139,
        0.4395495262639419,
        0.44744905506773425,
        0.4498793306268201,
        0.45211260800534375,
        0.45499135788878775,
        0.45741140251071305
      ],
      [
        0.31426585142325036,
        0.3730950229851248,
        0.35981188894175503,
        0.4409810484619278,
        0.5217028328060425,
        0.5464412584080304,
        0.558384356037992,
        0.574808511390966,
        0.5791288921066888,
        0.5827123500882212
      ],
      [
        0.3168653293223077,
        0.3260146132662875,
        0.38830056911955285,
        0.39154669810781095,
        0.4240930802634587,
        0.44703404462936003,
        0.45152201129022745,
        0.45980231123034043,
        0.46792657582324926,
        0.47083083838459655
      ],
      [
        0.2962762913842524,
        0.32499004369699286,
        0.39331456596851844,
        0.40839987836095154,
        0.4261008723271037,
        0.42396316501880005,
        0.4323622876402357,
        0.45418851889738693,
        0.45690703406572697,
        0.4596732246291923
      ],
      [
        0.3780440997812241,
        0.4424457566100014,
        0.46168979410904204,
        0.47339482826901624,
        0.4745287765659338,
        0.5502495248568007,
        0.5883950680846448,
        0.602459603051594,
        0.6104849694196492,
        0.6099503566584111
      ]
    ]
  }
}