{
  "random": {
    "mean_f1": 0.7523269527734865,
    "std_f1": 0.009512372184455433,
    "seeds": [
      42,
      123,
      456,
      789,
      1024
    ],
    "all_f1_scores": [
      [
        0.5230096023237881,
        0.548693372879985,
        0.6691336992345528,
        0.693020409431089,
        0.7003895934874943,
        0.7340449517318881,
        0.7479141431568992,
        0.748615860641616,
        0.74943955099552,
        0.7509494080250216
      ],
      [
        0.6053346923786685,
        0.6957087194918777,
        0.6996309978540484,
        0.7067407360509428,
        0.7200830081538678,
        0.7268762279879234,
        0.7414965574148795,
        0.7397971870374793,
        0.751870726478661,
        0.7576715528486812
      ],
      [
        0.47000351056546413,
        0.5636029593595246,
        0.6383293353600497,
        0.6912682914556945,
        0.6993497322724311,
        0.7229760722970168,
        0.737299179360537,
        0.7452366380191577,
        0.7524840691433307,
        0.7578543893417355
      ],
      [
        0.522281701475423,
        0.6061368884768029,
        0.6639864470074074,
        0.707563332918313,
        0.7314219705418116,
        0.7363106301878475,
        0.7445529129804754,
        0.749966044407121,
        0.7577539508339243,
        0.7607390856143796
      ],
      [
        0.6347789159146953,
        0.6643010668926479,
        0.703885736423524,
        0.7215828784938798,
        0.7374173004166293,
        0.7351292334584419,
        0.7341038352601713,
        0.731424053966361,
        0.7278490951061191,
        0.7344203280376139
      ]
    ]
  },
  "entropy": {
    "mean_f1": 0.7364916576582503,
    "std_f1": 0.008510667505089966,
    "seeds": [
      42,
      123,
      456,
      789,
      1024
    ],
    "all_f1_scores": [
      [
        0.5230096023237881,
        0.6381001631855315,
        0.6988474644943187,
        0.7043804610869104,
        0.7144409967842851,
        0.7148979673581374,
        0.7257252840950204,
        0.7253950298642329,
        0.7376497194570336,
        0.7426880277410517
      ],
      [
        0.6053346923786685,
        0.6594173678927412,
        0.7000212963995025,
        0.695880102353857,
        0.7105993751851869,
        0.7094225500880996,
        0.7273196866590639,
        0.726077519442874,
        0.7314844118115161,
        0.7395787324322418
      ],
      [
        0.47000351056546413,
        0.6160826430272202,
        0.6689340128899204,
        0.6786645340079568,
        0.6839175203734833,
        0.6851781958544237,
        0.6958730010047078,
        0.7183835311758162,
        0.7262662086157209,
        0.7308928111224511
      ],
      [
        0.522281701475423,
        0.5587395424681408,
        0.6103188165241922,
        0.6567166892688421,
        0.677176467046133,
        0.6808645734603926,
        0.6901885036312023,
        0.7042104213236133,
        0.7159468042841146,
        0.7228999529995432
      ],
      [
        0.6347789159146953,
        0.662881068174277,
        0.6703335088379532,
        0.6965258328093406,
        0.7015757545543027,
        0.71157460845288,
        0.7226571458864062,
        0.7286345672388392,
        0.7387764467089335,
        0.7463987639959642
      ]
    ]
  },
  "adaptive_gap_entropy": {
    "mean_f1": 0.7411692034227786,
    "std_f1": 0.01866650879008954,
    "seeds": [
      42,
      123,
      456,
      789,
      1024
    ],
    "all_f1_scores": [
      [
        0.5230096023237881,
        0.6540880808781426,
        0.6902528855832373,
        0.6933074968295079,
        0.7130487972947719,
        0.7263093504845191,
        0.7378018985609156,
        0.7467834218790725,
        0.7521023478789368,
        0.756525209835175
      ],
      [
        0.6053346923786685,
        0.6553969537222012,
        0.6979378722109181,
        0.725008818480967,
        0.7373342761723568,
        0.7428861252142208,
        0.7417343834481676,
        0.7503635837010485,
        0.7506502278046462,
        0.7570158551335401
      ],
      [
        0.47000351056546413,
        0.6510859518415398,
        0.656388742925053,
        0.6946342615332809,
        0.6984323842049072,
        0.7111401377175884,
        0.7082873244983185,
        0.7117366473674659,
        0.7210125866445027,
        0.7189145891012677
      ],
      [
        0.522281701475423,
        0.5644599514622922,
        0.6147824864590683,
        0.6640810317015565,
        0.6824134714611625,
        0.6958700424531944,
        0.7030148136772649,
        0.7054835559937059,
        0.7135409703553114,
        0.7177219392300401
      ],
      [
        0.6347789159146953,
        0.671507647384092,
        0.6749375715690384,
        0.7149345787484689,
        0.7212638579203591,
        0.7266507396384002,
        0.7296333893170373,
        0.7480501918735467,
        0.7544705650109427,
        0.7556684238138699
      ]
    ]
  }
}