{
  "random": {
    "mean_f1": 0.3356592741068964,
    "std_f1": 0.0021317533795472896,
    "seeds": [
      42,
      123,
      456
    ],
    "all_f1_scores": [
      [
        0.22090729788468408,
        0.2506821998752372,
        0.2889360024275286,
        0.30423611939259176,
        0.31458055694812176,
        0.3305833639362282,
        0.33291132818703006,
        0.33259543891562815,
        0.3396271722988063,
        0.33720287563718443
      ],
      [
        0.208554858692435,
        0.24895958516599181,
        0.26222103168230565,
        0.28992084066019425,
        0.29704348422753996,
        0.31053259815217704,
        0.3082723314680136,
        0.32241381565386346,
        0.32454771747465083,
        0.3326448121003727
      ],
      [
        0.23867998595131396,
        0.2748090195436435,
        0.2929306127186634,
        0.30168571918458753,
        0.3182422047221648,
        0.3211915807436271,
        0.32650657913899506,
        0.33126183390004227,
        0.33577534671181936,
        0.33713013458313185
      ]
    ]
  },
  "entropy": {
    "mean_f1": 0.3075052298662379,
    "std_f1": 0.0013130517504223022,
    "seeds": [
      42,
      123,
      456
    ],
    "all_f1_scores": [
      [
        0.2207944431519892,
        0.2411702910654816,
        0.2579434790359247,
        0.26902130458716433,
        0.2752179885394451,
        0.29315951133190365,
        0.28609728880293583,
        0.2958212270449444,
        0.3053640896481925,
        0.3084413681458543
      ],
      [
        0.20855160031128142,
        0.2516746234936461,
        0.27282585328728776,
        0.28371036930578025,
        0.27685367175714337,
        0.3106393672910087,
        0.3052107832458917,
        0.31095629592545193,
        0.30679004623450756,
        0.3056483154542672
      ],
      [
        0.23867463545338247,
        0.2669903494784135,
        0.272965832427125,
        0.28770779330036733,
        0.27464230873676254,
        0.2837340616208798,
        0.294899622716586,
        0.30234549428184737,
        0.31446911444961606,
        0.30842600599859227
      ]
    ]
  },
  "adaptive_gap_entropy": {
    "mean_f1": 0.3065882974030107,
    "std_f1": 0.005421138881483114,
    "seeds": [
      42,
      123,
      456
    ],
    "all_f1_scores": [
      [
        0.22091670983975042,
        0.25640563270888783,
        0.26218585347171364,
        0.2748747498861502,
        0.2842577701762249,
        0.2926170090839226,
        0.2993995191855408,
        0.3124341009486629,
        0.31531382988351025,
        0.31420786663933764
      ],
      [
        0.20843842048934383,
        0.23886781897639991,
        0.26493318908876173,
        0.26801838426330526,
        0.26909507759451073,
        0.2763339135589855,
        0.283583764632956,
        0.2835557992241084,
        0.2947688090279519,
        0.3035131852616062
      ],
      [
        0.23867998595131396,
        0.2518411436584108,
        0.27049946649329815,
        0.27300443374367844,
        0.2856835799345783,
        0.28871629634849877,
        0.2961184220942785,
        0.28799672082500416,
        0.3016726972011461,
        0.3020438403080883
      ]
    ]
  },
  "class_aware_entropy": {
    "mean_f1": 0.3085648545926916,
    "std_f1": 0.0034545497692900357,
    "seeds": [
      42,
      123,
      456
    ],
    "all_f1_scores": [
      [
        0.2207944431519892,
        0.25640563270888783,
        0.257315354928131,
        0.2786906738354009,
        0.287800201573024,
        0.2875447360310049,
        0.2920780108139672,
        0.2880117911595036,
        0.3000646105814194,
        0.31048649657259625
      ],
      [
        0.208554858692435,
        0.23898341791520755,
        0.26493318908876173,
        0.2651955440070663,
        0.26770570621992074,
        0.28310824424817826,
        0.2770572824747438,
        0.29344433096485556,
        0.29405889274901187,
        0.30371413125967794
      ],
      [
        0.23867463545338247,
        0.2518411436584108,
        0.27049946649329815,
        0.28096660768542076,
        0.2789142512617722,
        0.2927577933344947,
        0.2906682520331433,
        0.29654533215251555,
        0.31082791449885994,
        0.31149393594580055
      ]
    ]
  },
  "gap_aware_entropy": {
    "mean_f1": 0.3089572733523567,
    "std_f1": 0.0037321375633950537,
    "seeds": [
      42,
      123,
      456
    ],
    "all_f1_scores": [
      [
        0.22090729788468408,
        0.2347694889685163,
        0.24108197619556795,
        0.26492078732070656,
        0.28270126666872425,
        0.28540113704683934,
        0.28960503117277314,
        0.29300510854554707,
        0.30474815505309005,
        0.30778086143826233
      ],
      [
        0.208554858692435,
        0.23510056005865496,
        0.263446627739956,
        0.27714637050979285,
        0.2847189818469844,
        0.2816187328884171,
        0.2901089508787197,
        0.294509422690393,
        0.30225625834352676,
        0.3050895487169867
      ],
      [
        0.2386944906983211,
        0.2503091589835055,
        0.2750388644555633,
        0.2716717731906388,
        0.287770530617624,
        0.29548681780626884,
        0.3009018463442562,
        0.3076940004058745,
        0.3079085362344113,
        0.314001409901821
      ]
    ]
  }
}