{
  "random": {
    "mean_f1": 0.1688848991916967,
    "std_f1": 0.0062357913677040374,
    "seeds": [
      42,
      123,
      456
    ],
    "all_f1_scores": [
      [
        0.15218215066853574,
        0.16740310674031145,
        0.17118865460298685,
        0.1684092423427339,
        0.17060971890611218,
        0.17362138226790552,
        0.1690989323394918,
        0.17763638116651906,
        0.17882285149723326,
        0.17756696837270014
      ],
      [
        0.14958833077553843,
        0.1475920835518295,
        0.16470550234441475,
        0.15683360359224824,
        0.1544468151231845,
        0.16049577081202104,
        0.1546619071676441,
        0.1603109386232637,
        0.16077920331480694,
        0.16320450019055052
      ],
      [
        0.13665411210439887,
        0.159014805007578,
        0.1554852366114992,
        0.15462985657169523,
        0.15445300399495024,
        0.15972853913042875,
        0.162267162336486,
        0.15993802845926003,
        0.16443609164667147,
        0.16588322901183944
      ]
    ]
  },
  "entropy": {
    "mean_f1": 0.14851604986631048,
    "std_f1": 0.006851074011256939,
    "seeds": [
      42,
      123,
      456
    ],
    "all_f1_scores": [
      [
        0.15217757462521803,
        0.14782279028406242,
        0.13878207250371238,
        0.14790476253424722,
        0.17632305461955178,
        0.17133919236881143,
        0.166079523593804,
        0.15960099960489654,
        0.16293786119765308,
        0.1574484260965187
      ],
      [
        0.14958833077553843,
        0.16004683400048222,
        0.14308785370108765,
        0.15028581523293688,
        0.1446159750931782,
        0.14004172901679854,
        0.13780505031052487,
        0.14568647574617993,
        0.14983352716886833,
        0.14730029461823943
      ],
      [
        0.13665411210439887,
        0.14453739438507346,
        0.1366203781459326,
        0.1384898004151329,
        0.13893414368746515,
        0.13709708900198747,
        0.1478158163849451,
        0.13949880427333947,
        0.14150269085548906,
        0.14079942888417332
      ]
    ]
  },
  "adaptive_gap_entropy": {
    "mean_f1": 0.15471599756317406,
    "std_f1": 0.0031947250501558107,
    "seeds": [
      42,
      123,
      456
    ],
    "all_f1_scores": [
      [
        0.15219218251576574,
        0.14283538248948122,
        0.14707572978253325,
        0.1509467115782313,
        0.14279784771525242,
        0.14858406503380966,
        0.14774687901136302,
        0.15143488157091656,
        0.15299617055679146,
        0.15027528776548665
      ],
      [
        0.14958833077553843,
        0.15266149221326392,
        0.1441513298452835,
        0.1327780730767721,
        0.1334231713464777,
        0.13292307632043793,
        0.1439742878390137,
        0.1493801283327158,
        0.1534204579994284,
        0.15621560660619768
      ],
      [
        0.13665411210439887,
        0.14076875692544982,
        0.14315056530391773,
        0.1589237003078117,
        0.15549407504556712,
        0.14040031650652463,
        0.13970206710038932,
        0.14761212164072499,
        0.14631302625369305,
        0.15765709831783786
      ]
    ]
  },
  "class_aware_entropy": {
    "mean_f1": 0.15264026394663174,
    "std_f1": 0.010498356750982702,
    "seeds": [
      42,
      123,
      456
    ],
    "all_f1_scores": [
      [
        0.152128734576378,
        0.14283538248948122,
        0.14293935197637025,
        0.13509911197800312,
        0.14601812382779927,
        0.14426589013855035,
        0.14648018725981674,
        0.14804632963538172,
        0.14914309168277667,
        0.14040596425433818
      ],
      [
        0.14958833077553843,
        0.15423769378777136,
        0.14404678417725306,
        0.1399031945043491,
        0.14628461624446243,
        0.15002675966627632,
        0.15814589241645766,
        0.15206780377461862,
        0.1550143730045774,
        0.1660419642240485
      ],
      [
        0.13665411210439887,
        0.14076875692544982,
        0.14315056530391773,
        0.1589237003078117,
        0.1529712325473215,
        0.14940508860849713,
        0.1427663342067993,
        0.14859231957104918,
        0.14567093216576893,
        0.15147286336150861
      ]
    ]
  },
  "gap_aware_entropy": {
    "mean_f1": 0.1485301066334875,
    "std_f1": 0.0008324531815691074,
    "seeds": [
      42,
      123,
      456
    ],
    "all_f1_scores": [
      [
        0.15218458865097473,
        0.1432046538370168,
        0.1523043784381335,
        0.14663280717051083,
        0.13914107053743371,
        0.1373897075838874,
        0.14273933686358248,
        0.1459825537299451,
        0.147807583731586,
        0.14924549905277992
      ],
      [
        0.14958833077553843,
        0.15664023347387798,
        0.1532162695285608,
        0.14558906256368825,
        0.13980829327355954,
        0.15085472263840907,
        0.1467534617270851,
        0.14814496918516018,
        0.14080448101279766,
        0.1473627020108487
      ],
      [
        0.13665411210439887,
        0.14182273756509362,
        0.15005391821232147,
        0.14518547668462836,
        0.1457776361374745,
        0.1422480898196399,
        0.14358873781958822,
        0.15019952023203526,
        0.15572433006424197,
        0.1489821188368339
      ]
    ]
  }
}