{
  "random": {
    "mean_f1": 0.18651761975786027,
    "std_f1": 0.011014309162391489,
    "seeds": [
      42,
      123,
      456
    ],
    "all_f1_scores": [
      [
        0.13722292255001806,
        0.1863428186982999,
        0.18313218098196352,
        0.18352750090455705,
        0.17595136272518372,
        0.17481131591007035,
        0.175765661216413,
        0.1827121927146526,
        0.17475768939546873,
        0.1758367872680727
      ],
      [
        0.1578580276003405,
        0.1872710378245735,
        0.18776821317673212,
        0.18376518272595702,
        0.16661874074238253,
        0.18615817438092572,
        0.19467342389052542,
        0.19371371158303433,
        0.20497236591796128,
        0.2016770162186897
      ],
      [
        0.15168172152343654,
        0.1861976905826981,
        0.17362586324433482,
        0.17509865380232612,
        0.1657281894233394,
        0.17265920902983115,
        0.169054983723729,
        0.1806334666978336,
        0.18655507276167088,
        0.18203905578681845
      ]
    ]
  },
  "entropy": {
    "mean_f1": 0.18472572915296592,
    "std_f1": 0.009995266839573786,
    "seeds": [
      42,
      123,
      456
    ],
    "all_f1_scores": [
      [
        0.13721909136285376,
        0.14719783396991493,
        0.14771661217417678,
        0.15259876391184962,
        0.15600109334802187,
        0.17246354183266716,
        0.1590737814127722,
        0.1729331441255777,
        0.16833555419154797,
        0.19334488766093227
      ],
      [
        0.15775317953637527,
        0.15174532179240968,
        0.15665682285046753,
        0.18103652840327594,
        0.17454346934023487,
        0.16762940888615815,
        0.1748637370155049,
        0.1805751248725246,
        0.17975144320009445,
        0.19011875876218745
      ],
      [
        0.15168477141982148,
        0.15183492272999205,
        0.1444237593363163,
        0.1425075256171063,
        0.1628222680616346,
        0.16010559571395705,
        0.1684814021219097,
        0.1683345120152441,
        0.17080312821870605,
        0.17071354103577804
      ]
    ]
  },
  "adaptive_gap_entropy": {
    "mean_f1": 0.21489378773409273,
    "std_f1": 0.013319087976630384,
    "seeds": [
      42,
      123,
      456
    ],
    "all_f1_scores": [
      [
        0.13716859716642357,
        0.164481517821297,
        0.1970924961426866,
        0.1907072667780428,
        0.19086356273577032,
        0.1888139627423239,
        0.19020358184831476,
        0.1946701920372437,
        0.1962461830062329,
        0.1962847076173434
      ],
      [
        0.1578527017215629,
        0.18081147960337485,
        0.17904470948309165,
        0.18581615222063608,
        0.1893671542863559,
        0.19372108625297177,
        0.19050657025724257,
        0.20520321996334162,
        0.21203451971737391,
        0.2216736971857976
      ],
      [
        0.151682190963697,
        0.15890656653017068,
        0.1435047156806504,
        0.1436211904509943,
        0.1525946161426001,
        0.17083673161704638,
        0.17171978672757143,
        0.19271757243255294,
        0.21689049075429906,
        0.22672295839913717
      ]
    ]
  },
  "class_aware_entropy": {
    "mean_f1": 0.20946195640033793,
    "std_f1": 0.01731052203116767,
    "seeds": [
      42,
      123,
      456
    ],
    "all_f1_scores": [
      [
        0.13716000773709558,
        0.1650810767010816,
        0.18419934301993632,
        0.16093690458308987,
        0.18121282023301405,
        0.18617301152846677,
        0.19098824937104647,
        0.19556079345255797,
        0.21712561031485283,
        0.21619669758028764
      ],
      [
        0.15775953305392082,
        0.18081147960337485,
        0.1784379139166185,
        0.19799846216654007,
        0.1826613206875538,
        0.21005171804568573,
        0.206424941360493,
        0.21746677865067995,
        0.21777804755326477,
        0.2264775126221982
      ],
      [
        0.151682190963697,
        0.1505348519365834,
        0.14786634660062767,
        0.1509739778667225,
        0.1539005135867209,
        0.16238744093720964,
        0.16748103528492483,
        0.17398685814307924,
        0.18262131186773134,
        0.18571165899852787
      ]
    ]
  },
  "gap_aware_entropy": {
    "mean_f1": 0.1907662638001788,
    "std_f1": 0.003931238259079965,
    "seeds": [
      42,
      123,
      456
    ],
    "all_f1_scores": [
      [
        0.13716859716642357,
        0.15122866562922765,
        0.15250145171402713,
        0.16352043234700156,
        0.16852923266208225,
        0.18104850837648737,
        0.18080649579654753,
        0.19862897326078918,
        0.18319134616910487,
        0.18815982654350444
      ],
      [
        0.15775953305392082,
        0.1763051578962604,
        0.20041667217892986,
        0.19795936564778457,
        0.1809729349955445,
        0.18875637560871314,
        0.19434835090495015,
        0.19235382063716697,
        0.21091120939011931,
        0.19632234205407922
      ],
      [
        0.15168172152343654,
        0.15430091314265068,
        0.1664237758050177,
        0.16129909327490982,
        0.15501756491245608,
        0.1667196627977256,
        0.16473673192776978,
        0.1638476149352197,
        0.17275308803193307,
        0.18781662280295272
      ]
    ]
  }
}