{
  "random": {
    "mean_f1": 0.22219367718878127,
    "std_f1": 0.018096501931104098,
    "seeds": [
      42,
      123,
      456
    ],
    "all_f1_scores": [
      [
        0.14613407320960234,
        0.17910951266567837,
        0.19930737953568106,
        0.2178954216671968,
        0.22465834111794386,
        0.223543002000307,
        0.21974326620901183,
        0.23608503394960162,
        0.23050031136023058,
        0.2477495993073308
      ],
      [
        0.15312126175944568,
        0.18234816410389904,
        0.18987876786594712,
        0.1976621789116425,
        0.18698049315882598,
        0.2075117392282808,
        0.2101637850927942,
        0.21004997500467434,
        0.21283677385418756,
        0.21059732804407738
      ],
      [
        0.15949534268099247,
        0.17730305994608886,
        0.19116524692065182,
        0.19873697954348854,
        0.2019661993653194,
        0.18462123270528008,
        0.20649262869393992,
        0.19793551762265568,
        0.2027150956051939,
        0.20823410421493568
      ]
    ]
  },
  "entropy": {
    "mean_f1": 0.21770946669400768,
    "std_f1": 0.000813995946894158,
    "seeds": [
      42,
      123,
      456
    ],
    "all_f1_scores": [
      [
        0.14613407320960234,
        0.15126224393220644,
        0.16290697102239848,
        0.16641006414542087,
        0.19421275265341634,
        0.19291735131803106,
        0.20456386191375237,
        0.20372589094060944,
        0.19653392018470242,
        0.21663385713249358
      ],
      [
        0.15312126175944568,
        0.16654441323931338,
        0.18599122526190243,
        0.20061462802848923,
        0.18804834299439474,
        0.20367791459861567,
        0.21827776715719419,
        0.23190338993541998,
        0.22334990430156892,
        0.2186024927518932
      ],
      [
        0.15949534268099247,
        0.1756362034556214,
        0.17693461028667853,
        0.19226172692450633,
        0.19473603147290175,
        0.20589273605544353,
        0.20610522972560658,
        0.20477628696700498,
        0.22705953430054032,
        0.2178920501976362
      ]
    ]
  },
  "adaptive_gap_entropy": {
    "mean_f1": 0.2584638849887426,
    "std_f1": 0.008382400109226367,
    "seeds": [
      42,
      123,
      456
    ],
    "all_f1_scores": [
      [
        0.14613407320960234,
        0.15538895525879798,
        0.1671201289745761,
        0.17788090549552232,
        0.19421372889647204,
        0.2133027855382826,
        0.22695746616368986,
        0.22682624533844206,
        0.23599202784950668,
        0.24852737086489377
      ],
      [
        0.15312126175944568,
        0.19285122914106229,
        0.19123866267195305,
        0.20351622542314446,
        0.22458674917231178,
        0.23477083551799396,
        0.26184716791109736,
        0.25874234357151726,
        0.2701423779668004,
        0.2690309109052146
      ],
      [
        0.15949534268099247,
        0.17977864589127215,
        0.18322514850169094,
        0.1842410650163075,
        0.20842507257395396,
        0.23162385739542982,
        0.235486631425906,
        0.24323498325592569,
        0.23755264730064293,
        0.25783337319611954
      ]
    ]
  },
  "class_aware_entropy": {
    "mean_f1": 0.234309573662384,
    "std_f1": 0.005447019403398635,
    "seeds": [
      42,
      123,
      456
    ],
    "all_f1_scores": [
      [
        0.14613407320960234,
        0.1524497727589201,
        0.16277343605718442,
        0.15910746139723814,
        0.16473148882391944,
        0.18937386987302918,
        0.19895682473279303,
        0.21333970585668854,
        0.23399581129389085,
        0.23051211941994937
      ],
      [
        0.15312126175944568,
        0.19285122914106229,
        0.1915997133072315,
        0.21833422990213994,
        0.23049099036704218,
        0.2402967259149479,
        0.24524737631019505,
        0.2398312711091263,
        0.25272689589167735,
        0.24201256960309642
      ],
      [
        0.15949534268099247,
        0.17221857766150467,
        0.16792577776981604,
        0.17675976698883894,
        0.19818699004388948,
        0.20653721870692823,
        0.20791732654508494,
        0.22097408466257198,
        0.2401457529937609,
        0.23040403196410617
      ]
    ]
  },
  "gap_aware_entropy": {
    "mean_f1": 0.20880435516369347,
    "std_f1": 0.026870544276069906,
    "seeds": [
      42,
      123,
      456
    ],
    "all_f1_scores": [
      [
        0.14613407320960234,
        0.15382575588065406,
        0.16189498119654905,
        0.16007257866576158,
        0.16446531214336998,
        0.1676152773331178,
        0.17347302671377515,
        0.17347183276647635,
        0.1751702424062282,
        0.1783889037323591
      ],
      [
        0.15312126175944568,
        0.19700662467361654,
        0.18793505254418522,
        0.1909738518357608,
        0.20759995035643022,
        0.23185860326992386,
        0.2177018883473502,
        0.2469810368486157,
        0.24408330583655574,
        0.24374059983566995
      ],
      [
        0.15949534268099247,
        0.16097421642402643,
        0.17033578807135508,
        0.16692867396321093,
        0.18393649938561923,
        0.19089189386416033,
        0.1936741661910108,
        0.19927106782058177,
        0.19350624932978905,
        0.20428356192305142
      ]
    ]
  }
}