{
  "random": {
    "mean_f1": 0.28632887933242374,
    "std_f1": 0.0067791706017049135,
    "seeds": [
      42,
      123,
      456
    ],
    "all_f1_scores": [
      [
        0.20784236076915846,
        0.23608882987954588,
        0.23256144855528577,
        0.2507283465699651,
        0.2684364676603808,
        0.27791626962941607,
        0.27182379828304176,
        0.28043208218926247,
        0.2820788574890598,
        0.2947076824930353
      ],
      [
        0.1854616890351064,
        0.21768093129193083,
        0.22040357783986506,
        0.21676142263650072,
        0.2427285877360131,
        0.26171646249530495,
        0.2641610036965592,
        0.2656063173741795,
        0.27561170915614114,
        0.2781043229512058
      ],
      [
        0.1936247859585277,
        0.21300558253313576,
        0.24523092891477355,
        0.2738982094416984,
        0.27364948156187135,
        0.27654132904607165,
        0.2738618786336843,
        0.281544297223352,
        0.2788505922649774,
        0.28617463255303016
      ]
    ]
  },
  "entropy": {
    "mean_f1": 0.26342673255105015,
    "std_f1": 0.012446788749520833,
    "seeds": [
      42,
      123,
      456
    ],
    "all_f1_scores": [
      [
        0.20784881644890532,
        0.21569446292642386,
        0.22403992186037974,
        0.24660883074273693,
        0.25285320784918175,
        0.2661083166473154,
        0.25438695032488035,
        0.2714624964021769,
        0.2698815338227217,
        0.2761491102424657
      ],
      [
        0.1854616890351064,
        0.19150610696002532,
        0.19484596184921463,
        0.2147573260846035,
        0.23287093147089907,
        0.23235244171917485,
        0.2265531933756614,
        0.24209383454125105,
        0.2462251633355998,
        0.24653038093153928
      ],
      [
        0.1936247859585277,
        0.20964276612626387,
        0.21478819128195625,
        0.23188725837453425,
        0.23011874301797777,
        0.23812866261532367,
        0.2356069930281294,
        0.24349133346482038,
        0.2711076817384489,
        0.2676007064791455
      ]
    ]
  },
  "adaptive_gap_entropy": {
    "mean_f1": 0.29534259056362483,
    "std_f1": 0.005048468420569399,
    "seeds": [
      42,
      123,
      456
    ],
    "all_f1_scores": [
      [
        0.20784226172406303,
        0.20641773082345233,
        0.24070160047501793,
        0.2572037157486727,
        0.2624844420130201,
        0.26738957519598205,
        0.26717992653004685,
        0.2786609751030671,
        0.2940806800946483,
        0.29487477557875985
      ],
      [
        0.1854616890351064,
        0.1919028084300107,
        0.19937641110952212,
        0.21022714745636875,
        0.22749031197086347,
        0.25936512696885466,
        0.2695099790925088,
        0.29055048703981495,
        0.29736811967103044,
        0.30174629642757494
      ],
      [
        0.1936247859585277,
        0.18511490830505034,
        0.21167367559868105,
        0.2246718223793029,
        0.25246409947896903,
        0.26715679487311955,
        0.26268871613657924,
        0.2878002234807403,
        0.2851850326097387,
        0.2894066996845397
      ]
    ]
  },
  "class_aware_entropy": {
    "mean_f1": 0.2797265665492993,
    "std_f1": 0.0018824090404402616,
    "seeds": [
      42,
      123,
      456
    ],
    "all_f1_scores": [
      [
        0.20784881644890532,
        0.20662750303050287,
        0.2285315312105099,
        0.2557774731646003,
        0.2554185105074297,
        0.26117738126612133,
        0.27203462744792034,
        0.27329850742528344,
        0.28804000783709877,
        0.28175760924479076
      ],
      [
        0.1854616890351064,
        0.1919028084300107,
        0.20093274344611395,
        0.2177310862833579,
        0.2188020589669823,
        0.2370613363122606,
        0.25261658351081484,
        0.26792193869578157,
        0.2727016119744768,
        0.2772206275184476
      ],
      [
        0.1936247859585277,
        0.1901335357452839,
        0.200108385655909,
        0.21945773389636955,
        0.2299055350870852,
        0.24420096951062348,
        0.2597120585362993,
        0.26992175429813803,
        0.271365963591229,
        0.2802014628846595
      ]
    ]
  },
  "gap_aware_entropy": {
    "mean_f1": 0.2561278336387181,
    "std_f1": 0.002628373762712073,
    "seeds": [
      42,
      123,
      456
    ],
    "all_f1_scores": [
      [
        0.20784893288007722,
        0.20455843353649472,
        0.20166637301325618,
        0.23420845845567428,
        0.25033633069650996,
        0.2481996144149364,
        0.2525611416119459,
        0.26535142065337436,
        0.26009663092621205,
        0.2525695104706192
      ],
      [
        0.1854616890351064,
        0.19447065184284315,
        0.17002663141373772,
        0.17830808063521342,
        0.19455242247731896,
        0.19838130755223543,
        0.22936593989070989,
        0.2379507532891704,
        0.2668460072707714,
        0.25697625620010994
      ],
      [
        0.1936247859585277,
        0.19506386306583298,
        0.22559483595175184,
        0.23498238190169368,
        0.24726816940683402,
        0.25156136426739073,
        0.2620729624100414,
        0.2522741403039695,
        0.2647313246799486,
        0.2588377342454252
      ]
    ]
  }
}