{
  "random": {
    "mean_f1": 0.165675332553732,
    "std_f1": 0.0038308540074371883,
    "seeds": [
      42,
      123,
      456
    ],
    "all_f1_scores": [
      [
        0.12779539270202692,
        0.14778168888396095,
        0.1480568865851293,
        0.15038045921340887,
        0.16079295987040082,
        0.16689150482094886,
        0.1679272814204567,
        0.17001790875001016,
        0.1634071550259668,
        0.17106258520703227
      ],
      [
        0.13845288085730761,
        0.14161011165144027,
        0.15492617571173187,
        0.16388931608593962,
        0.1605316533495452,
        0.16979991872801775,
        0.17093929521035323,
        0.1689637885670276,
        0.16430271289380033,
        0.16347798767603838
      ],
      [
        0.12814869526304898,
        0.14919016408856894,
        0.14932862196092855,
        0.1468206484437015,
        0.15476855440705758,
        0.15818678519224633,
        0.15990904437570042,
        0.16147413594933108,
        0.16209598285575275,
        0.1624854247781254
      ]
    ]
  },
  "entropy": {
    "mean_f1": 0.13956714867434872,
    "std_f1": 0.002886319566214819,
    "seeds": [
      42,
      123,
      456
    ],
    "all_f1_scores": [
      [
        0.12779539270202692,
        0.14111193715347362,
        0.1462255368403102,
        0.14304062280725854,
        0.14409932655130975,
        0.13803515750918244,
        0.1371005058027275,
        0.13833035695709903,
        0.1357866289015477,
        0.13551651779315732
      ],
      [
        0.13845288085730761,
        0.14947763942809317,
        0.15111839742325497,
        0.14552819123826838,
        0.14467995210558687,
        0.14512168885852494,
        0.1425860593649723,
        0.14337159309199637,
        0.14150885744022862,
        0.1411559402831486
      ],
      [
        0.12814869526304898,
        0.14101668082243557,
        0.15128411410792714,
        0.14587571602651966,
        0.14588716236086935,
        0.13056616203014423,
        0.13455515797342008,
        0.13651380927622334,
        0.1405361841413051,
        0.14202898794674024
      ]
    ]
  },
  "adaptive_gap_entropy": {
    "mean_f1": 0.1402884670313025,
    "std_f1": 0.0029137913235819032,
    "seeds": [
      42,
      123,
      456
    ],
    "all_f1_scores": [
      [
        0.12779539270202692,
        0.15347098691843727,
        0.1400224428636746,
        0.14399275600583963,
        0.14358774797099844,
        0.13724698355222714,
        0.14876419009824232,
        0.1439636383469385,
        0.14490094605843554,
        0.1383193610219517
      ],
      [
        0.13845288085730761,
        0.1435768891822369,
        0.15423972651443316,
        0.14703055266418588,
        0.1469850655071263,
        0.14721487083038906,
        0.1445095531799176,
        0.148462977193954,
        0.14894366425046335,
        0.13813817778172877
      ],
      [
        0.12814869526304898,
        0.14486695702099545,
        0.15223834942301978,
        0.14624828621787295,
        0.15138453031497062,
        0.14848480993944624,
        0.14707462155747436,
        0.1420645919027875,
        0.14970898457692677,
        0.144407862290227
      ]
    ]
  },
  "class_aware_entropy": {
    "mean_f1": 0.14103120216929924,
    "std_f1": 0.004907059871350301,
    "seeds": [
      42,
      123,
      456
    ],
    "all_f1_scores": [
      [
        0.12779539270202692,
        0.15023558615173876,
        0.1399725837519365,
        0.1357206039713911,
        0.13809232297934004,
        0.1394883064639057,
        0.1366165275554124,
        0.13975207691422328,
        0.13695762657716176,
        0.1351630844735141
      ],
      [
        0.13845288085730761,
        0.14580649224549974,
        0.1470554719662071,
        0.1471957691303855,
        0.14960523494430444,
        0.15433481405605742,
        0.15648275324238523,
        0.14307680584651342,
        0.1489613719783544,
        0.14075702927636718
      ],
      [
        0.12814869526304898,
        0.14540464166934855,
        0.1460076781467805,
        0.1456675763053361,
        0.13790492953600278,
        0.13623823222505707,
        0.1414707660020686,
        0.15217961542422523,
        0.14159743408277942,
        0.14717349275801644
      ]
    ]
  },
  "gap_aware_entropy": {
    "mean_f1": 0.14615821301678095,
    "std_f1": 0.005251589647556698,
    "seeds": [
      42,
      123,
      456
    ],
    "all_f1_scores": [
      [
        0.12779539270202692,
        0.1468105413518505,
        0.14906100870218747,
        0.1432981261812245,
        0.13742805291302268,
        0.13492540269106493,
        0.13720392658919164,
        0.13720524064398693,
        0.13296144638873592,
        0.14762267533087964
      ],
      [
        0.13845288085730761,
        0.13653714856027085,
        0.1424861585676472,
        0.14981366080300856,
        0.14315889062135853,
        0.14103475203232704,
        0.13779095827498417,
        0.13629495703407732,
        0.14215099936483902,
        0.13912040469840645
      ],
      [
        0.12814869526304898,
        0.13339135864051474,
        0.14237004813328005,
        0.14737928043756213,
        0.1485797477386706,
        0.1514334102281905,
        0.1475666791406564,
        0.1487875890551799,
        0.14328065724818,
        0.15173155902105678
      ]
    ]
  }
}