{
  "random": {
    "mean_f1": 0.580089913665835,
    "std_f1": 0.023662582012293695,
    "seeds": [
      42,
      123,
      456,
      789,
      1024
    ],
    "all_f1_scores": [
      [
        0.43195222277466583,
        0.5035558728080349,
        0.5786562603797201,
        0.5819915870373178,
        0.5990872565874886,
        0.5759826076896276,
        0.6020361817640585,
        0.5889438459839516,
        0.5954694587021357,
        0.5968659064625589
      ],
      [
        0.32126889143288184,
        0.3146853686334387,
        0.3837191978392207,
        0.4563883194414207,
        0.5181009147481095,
        0.5197334227445248,
        0.5570393041636685,
        0.568254047348016,
        0.5778211044571997,
        0.5923595282538703
      ],
      [
        0.4736349992407215,
        0.5137942293452971,
        0.5160018291374143,
        0.5104207751110579,
        0.5208539103473251,
        0.5230097741831223,
        0.5177379459974862,
        0.525709728332757,
        0.5272831977914592,
        0.5353915011511405
      ],
      [
        0.39415890624309047,
        0.42825075198540546,
        0.4687524018118908,
        0.4768536889285769,
        0.4913215074328557,
        0.4884391133184698,
        0.5029299265976265,
        0.5223389401855256,
        0.532334856753707,
        0.5767996997168563
      ],
      [
        0.3497139968359987,
        0.4459806811986584,
        0.49178798628123754,
        0.4888110154454141,
        0.49459792459006396,
        0.5028979362629847,
        0.5974627988281911,
        0.5749722123041983,
        0.6013284782246803,
        0.5990329327447494
      ]
    ]
  },
  "entropy": {
    "mean_f1": 0.6783883771948847,
    "std_f1": 0.030688141937529344,
    "seeds": [
      42,
      123,
      456,
      789,
      1024
    ],
    "all_f1_scores": [
      [
        0.43195222277466583,
        0.49470270928532906,
        0.5436896488848355,
        0.5465221766140249,
        0.5544830358398237,
        0.6385581420282775,
        0.6586291884232083,
        0.7074335981841338,
        0.704765486513881,
        0.7179808399626283
      ],
      [
        0.32126889143288184,
        0.42378003820849,
        0.4871715602942963,
        0.5163726648875382,
        0.6170146651991028,
        0.6474857562821872,
        0.6570797457992592,
        0.6581767437054279,
        0.6797050762290103,
        0.7010455585194879
      ],
      [
        0.4736349992407215,
        0.49963773684289114,
        0.5643756750986466,
        0.5726369425842288,
        0.6246881941074098,
        0.6370660947641211,
        0.6349044832633423,
        0.6364266860929206,
        0.634607771425615,
        0.6488274957507794
      ],
      [
        0.39415890624309047,
        0.37550733478422094,
        0.5277415871022292,
        0.6198509379185805,
        0.6217767267289491,
        0.6259422700571833,
        0.6271905132247969,
        0.6256548118449663,
        0.6283130389040043,
        0.6373480853711524
      ],
      [
        0.3497139968359987,
        0.46258492299636816,
        0.5476236616380075,
        0.601079388416574,
        0.6509855893557527,
        0.6454311064128476,
        0.6565045070163393,
        0.6491948525193681,
        0.6642485322229448,
        0.686739906370375
      ]
    ]
  },
  "adaptive_gap_entropy": {
    "mean_f1": 0.7081095051579931,
    "std_f1": 0.032550634212128025,
    "seeds": [
      42,
      123,
      456,
      789,
      1024
    ],
    "all_f1_scores": [
      [
        0.43195222277466583,
        0.5178699364697972,
        0.5572907670095815,
        0.5838836146672668,
        0.6883258682323028,
        0.7096516967808791,
        0.7214995681480915,
        0.7356536674247866,
        0.739536210326741,
        0.7503463590894051
      ],
      [
        0.32126889143288184,
        0.41869933692643924,
        0.46236404897603156,
        0.5189653775408387,
        0.5504077806143807,
        0.6670579784903345,
        0.6964855682607587,
        0.7031343535157266,
        0.7144480058210115,
        0.7238590318286218
      ],
      [
        0.4736349992407215,
        0.530765348077478,
        0.6147696618358571,
        0.6389260797494429,
        0.6469284238159168,
        0.6579494870387862,
        0.6648894638809574,
        0.6690793499980232,
        0.6813071204063479,
        0.6897815495162991
      ],
      [
        0.39415890624309047,
        0.5144130303940975,
        0.6117596209592381,
        0.6288849076341776,
        0.6321643716743792,
        0.6318287186824544,
        0.6361812682501714,
        0.6441362153340995,
        0.6453243432065573,
        0.6555433851840223
      ],
      [
        0.3497139968359987,
        0.5241418609031602,
        0.5949882372529648,
        0.6244273369191797,
        0.6506549930922964,
        0.6862332994498471,
        0.7160382977049358,
        0.703879559210404,
        0.7120363411660641,
        0.7210172001716171
      ]
    ]
  }
}