{
  "random": {
    "mean_f1": 0.6693474277830811,
    "std_f1": 0.00612803519617895,
    "seeds": [
      42,
      123,
      456,
      789,
      1024
    ],
    "all_f1_scores": [
      [
        0.5479723148809635,
        0.5815360488903341,
        0.5810682164409278,
        0.5962463034578596,
        0.6125262084386212,
        0.6154457279191254,
        0.6429270971432018,
        0.6636595258054733,
        0.662989619128005,
        0.6696022140633356
      ],
      [
        0.5049529164381884,
        0.5458875634068725,
        0.5842215774843904,
        0.5939585371160245,
        0.59978592599953,
        0.6303198349560843,
        0.6393512461586633,
        0.64872080088897,
        0.66454869953014,
        0.6639368058988688
      ],
      [
        0.5194807457825965,
        0.5408538023381212,
        0.5769030063957918,
        0.5842543634648377,
        0.6244067002047211,
        0.6245367952363845,
        0.6549044257088257,
        0.6450152346428866,
        0.6480537164554254,
        0.6650647678096459
      ],
      [
        0.4882114800097194,
        0.4999493136809371,
        0.6136205568679561,
        0.6181780334298651,
        0.6388318147443346,
        0.6273303533621832,
        0.6361299180901385,
        0.6759004976146004,
        0.6762161874280058,
        0.6809782801530315
      ],
      [
        0.4779647679781731,
        0.5577964800734385,
        0.5835581204113076,
        0.616212502894241,
        0.6555249983757412,
        0.6481720307439053,
        0.6461001851723125,
        0.6493802606065936,
        0.6621771614680021,
        0.667155070990524
      ]
    ]
  },
  "entropy": {
    "mean_f1": 0.6974627467169874,
    "std_f1": 0.013713939839869304,
    "seeds": [
      42,
      123,
      456,
      789,
      1024
    ],
    "all_f1_scores": [
      [
        0.5479723148809635,
        0.5568861374552111,
        0.5906058060179156,
        0.6195478515774675,
        0.6436731780788152,
        0.6600767010474341,
        0.6667782436354777,
        0.6891663218819335,
        0.6957463627700415,
        0.6992855364159636
      ],
      [
        0.5049529164381884,
        0.588103778944616,
        0.609314067876112,
        0.6295168700045242,
        0.6423730551391593,
        0.6574008871766286,
        0.6827275031209361,
        0.7128394592446327,
        0.7156089719070706,
        0.7135897293588127
      ],
      [
        0.5194807457825965,
        0.5321831576630778,
        0.557291925479656,
        0.5934525948857606,
        0.5999174502944042,
        0.5960528482966788,
        0.6310366612607776,
        0.6936809586397801,
        0.6990228130260582,
        0.7096297536993537
      ],
      [
        0.4882114800097194,
        0.5268273550508288,
        0.5768100137094134,
        0.603044155023386,
        0.6107496247806203,
        0.6287901915096031,
        0.6267280653170774,
        0.6650971480594613,
        0.6964979876981754,
        0.6762638220244717
      ],
      [
        0.4779647679781731,
        0.4874918915859343,
        0.5097889069891077,
        0.5192508137550845,
        0.5362136523185431,
        0.6075150479052788,
        0.6448967011937699,
        0.6536162452438716,
        0.6732700871017875,
        0.6885448920863354
      ]
    ]
  },
  "adaptive_gap_entropy": {
    "mean_f1": 0.7439884789577549,
    "std_f1": 0.013796160389779513,
    "seeds": [
      42,
      123,
      456,
      789,
      1024
    ],
    "all_f1_scores": [
      [
        0.5479723148809635,
        0.5683290606876843,
        0.6585429828934195,
        0.6943609790798669,
        0.6922807770395827,
        0.712364616647204,
        0.7243034605005313,
        0.7359077300589087,
        0.7508999314420208,
        0.7674090324251639
      ],
      [
        0.5049529164381884,
        0.5662081009852095,
        0.606981663123271,
        0.6514567200727854,
        0.6693179708889193,
        0.6723562765950716,
        0.6990079211770656,
        0.7228087805598634,
        0.7280999318031393,
        0.7337966985227451
      ],
      [
        0.5194807457825965,
        0.5238350127772846,
        0.5840166103973595,
        0.6947194326884547,
        0.7300574341940905,
        0.7404168368264819,
        0.7418489929925309,
        0.7502823624731734,
        0.7575936835073718,
        0.7515185470396512
      ],
      [
        0.4882114800097194,
        0.5490644879296429,
        0.5810545425753253,
        0.6461307741196333,
        0.6602812834593256,
        0.6871419214708196,
        0.7218618264014574,
        0.7197300297983269,
        0.717284126001524,
        0.7372906902959171
      ],
      [
        0.4779647679781731,
        0.5167903351990619,
        0.6133010782376139,
        0.6469253024037591,
        0.6871468587566263,
        0.7070970595150097,
        0.7179703289338999,
        0.7146446290051298,
        0.7308803656234587,
        0.7299274265052975
      ]
    ]
  }
}