{
  "random": {
    "mean_f1": 0.405476224429042,
    "std_f1": 0.025316159743772753,
    "seeds": [
      42,
      123,
      456,
      789,
      1024
    ],
    "all_f1_scores": [
      [
        0.31369336708165,
        0.32086389992887276,
        0.3168094545911565,
        0.3168073545216509,
        0.3539108375404094,
        0.3531178382651559,
        0.34911528351512466,
        0.39091226794896394,
        0.37621259859503375,
        0.3898189746389158
      ],
      [
        0.309912156552675,
        0.32006233372273185,
        0.3757040672450772,
        0.3938775055473177,
        0.4378541110876437,
        0.4381521223470776,
        0.4421289675072334,
        0.43888159024800794,
        0.43384089609558174,
        0.4201369810871521
      ],
      [
        0.3511263202039854,
        0.47131559984045496,
        0.4863524774526214,
        0.4287124751069201,
        0.4344279268158043,
        0.42432945724561477,
        0.42990980874973256,
        0.433628798539902,
        0.43410343162316345,
        0.4298316084441415
      ],
      [
        0.29440677081983646,
        0.31036294780909846,
        0.31434362590034504,
        0.31916863638348747,
        0.31976121244921674,
        0.3170307936952731,
        0.31745857504274305,
        0.31907981136742725,
        0.34034844023089916,
        0.3631500104635962
      ],
      [
        0.40652361219352234,
        0.4138093474973578,
        0.4015442643580139,
        0.5022868457533411,
        0.4513344719225886,
        0.4425275036334007,
        0.4210685028676905,
        0.4301134417563205,
        0.4140276962158526,
        0.42444354751140423
      ]
    ]
  },
  "entropy": {
    "mean_f1": 0.5538254990854945,
    "std_f1": 0.035481274012935826,
    "seeds": [
      42,
      123,
      456,
      789,
      1024
    ],
    "all_f1_scores": [
      [
        0.31369336708165,
        0.4211619574242653,
        0.4793011149967987,
        0.5039978179355549,
        0.5176624482642008,
        0.5137701532027312,
        0.5156163784735951,
        0.5189573846172337,
        0.5152657943276927,
        0.5180944109039957
      ],
      [
        0.309912156552675,
        0.3271426624800447,
        0.46773707247065255,
        0.48690193930035897,
        0.5053223206282371,
        0.5105214004062623,
        0.5117737009146215,
        0.5718067951646006,
        0.5713007385508668,
        0.5987602571701175
      ],
      [
        0.3511263202039854,
        0.3648896840197125,
        0.4580090537768253,
        0.4956850248908318,
        0.4978976242597343,
        0.5035523854893614,
        0.5087145729368971,
        0.5219814586796958,
        0.5200011580013603,
        0.5413604663455484
      ],
      [
        0.29440677081983646,
        0.3111923503296193,
        0.46504037420128785,
        0.47892802898266335,
        0.47658254266615085,
        0.5041825347548212,
        0.5103386080067143,
        0.510850419764528,
        0.511654041497895,
        0.5931262322437354
      ],
      [
        0.40652361219352234,
        0.44119293452735364,
        0.5024988929873162,
        0.5124571224540575,
        0.515218546538686,
        0.5124352827691849,
        0.5094249662206081,
        0.5234024711911974,
        0.5176782907040481,
        0.5177861287640758
      ]
    ]
  },
  "adaptive_gap_entropy": {
    "mean_f1": 0.5006905239187118,
    "std_f1": 0.011785633540314996,
    "seeds": [
      42,
      123,
      456,
      789,
      1024
    ],
    "all_f1_scores": [
      [
        0.31369336708165,
        0.4672201305013017,
        0.47319020502176407,
        0.47477553642248155,
        0.48194975631715453,
        0.48932399572308327,
        0.4932704961129213,
        0.4919135441909045,
        0.4920211979017412,
        0.48585453066680284
      ],
      [
        0.309912156552675,
        0.30902598765801476,
        0.4056658167156966,
        0.4803917461899146,
        0.5085730355557126,
        0.511867331986591,
        0.5117676278642163,
        0.5148208621647437,
        0.5178045465433943,
        0.5185653754900599
      ],
      [
        0.3511263202039854,
        0.3732770209082064,
        0.4791299944264743,
        0.4822469888652353,
        0.501737848298683,
        0.504095321533766,
        0.5077940002047504,
        0.5055305584007483,
        0.501158655730473,
        0.5015623185740508
      ],
      [
        0.29440677081983646,
        0.2922391634699107,
        0.4015101620689642,
        0.4809962768225079,
        0.47506163922827893,
        0.4898357947241035,
        0.49346567844683886,
        0.4884395768598118,
        0.49103556385647973,
        0.4901770975838412
      ],
      [
        0.40652361219352234,
        0.4605037938174653,
        0.47854504627445615,
        0.4871720061622892,
        0.4976886197576268,
        0.5021969935533792,
        0.5054742854248012,
        0.5037813173121298,
        0.49521958325680987,
        0.5072932972788043
      ]
    ]
  }
}