{
  "random": {
    "mean_f1": 0.7561458627672257,
    "std_f1": 0.005676520331797946,
    "seeds": [
      42,
      123,
      456,
      789,
      1024
    ],
    "all_f1_scores": [
      [
        0.5246706434219204,
        0.5349765242402382,
        0.6691385050372789,
        0.6931291669865581,
        0.6912007038379981,
        0.722410372140069,
        0.7302050129920983,
        0.7389697396196795,
        0.7401224972682561,
        0.749924030696396
      ],
      [
        0.6331375069991008,
        0.68538800410232,
        0.6921082394613501,
        0.6912548611083732,
        0.7159370936223016,
        0.7210101494193382,
        0.7223258470647409,
        0.7311085403180577,
        0.7351872850495814,
        0.7489076597566734
      ],
      [
        0.46732590615803227,
        0.5727751850489193,
        0.6313933910863769,
        0.6749571934313271,
        0.6902055420596633,
        0.7251796514709699,
        0.729602548067814,
        0.7470228034781253,
        0.7530355450379057,
        0.7622763954275167
      ],
      [
        0.5627610259833202,
        0.6539953095979233,
        0.7053307501923326,
        0.7139039904254483,
        0.7368076505101362,
        0.740856523484718,
        0.7459047433379834,
        0.7522441902111374,
        0.7578912369997123,
        0.7614790570660603
      ],
      [
        0.6319367526378468,
        0.6711366769291428,
        0.7082366061659593,
        0.7153340545977097,
        0.7443968288372289,
        0.7471925096694086,
        0.7460266853102583,
        0.7519859174682123,
        0.7394097414373061,
        0.7581421708894822
      ]
    ]
  },
  "entropy": {
    "mean_f1": 0.721662776812075,
    "std_f1": 0.01605398329034297,
    "seeds": [
      42,
      123,
      456,
      789,
      1024
    ],
    "all_f1_scores": [
      [
        0.5246706434219204,
        0.6449903904801699,
        0.6635329589380661,
        0.6871997886842119,
        0.7088223598948247,
        0.7158208896842764,
        0.7325802810181832,
        0.7382215011829926,
        0.7452473238976082,
        0.7443231180548145
      ],
      [
        0.6331375069991008,
        0.6489003834707787,
        0.653412384190783,
        0.692452413801464,
        0.7127721127565722,
        0.7102391482300282,
        0.7178752796998815,
        0.7223722147480631,
        0.7213658173187395,
        0.7220144202811207
      ],
      [
        0.46732590615803227,
        0.5861754756351825,
        0.6364849998065396,
        0.6373344415714968,
        0.6544676524254438,
        0.6663027738535076,
        0.6778243522971495,
        0.6845682178877177,
        0.6984075771801089,
        0.7092203532482684
      ],
      [
        0.5627610259833202,
        0.5800647227295606,
        0.6089330521901222,
        0.6217061692463701,
        0.6621337227185443,
        0.6655849778919372,
        0.7019244364688598,
        0.6920293661250143,
        0.702256118492647,
        0.6995797007368344
      ],
      [
        0.6319367526378468,
        0.5808832006882663,
        0.6050326529131363,
        0.6337838602689346,
        0.6589642378541205,
        0.6760847019259363,
        0.7045774132267529,
        0.7222839960651823,
        0.725584339061465,
        0.7331762917393375
      ]
    ]
  },
  "adaptive_gap_entropy": {
    "mean_f1": 0.7587657247172033,
    "std_f1": 0.008394568884746227,
    "seeds": [
      42,
      123,
      456,
      789,
      1024
    ],
    "all_f1_scores": [
      [
        0.5246706434219204,
        0.6203144625004873,
        0.6425237617207326,
        0.667157008977126,
        0.7027884452704093,
        0.7448181187645353,
        0.7527959471301321,
        0.7597444915002292,
        0.7601380340268304,
        0.7574089014808957
      ],
      [
        0.6331375069991008,
        0.6704946368265658,
        0.6814986287857858,
        0.6940205831810909,
        0.7112866815568963,
        0.7495425261720198,
        0.7524202356736259,
        0.7467669391460217,
        0.7598764293750837,
        0.7684017873072182
      ],
      [
        0.46732590615803227,
        0.5881947913762539,
        0.6174106975909919,
        0.6488014145520428,
        0.6675253727630355,
        0.709981637206148,
        0.705206593645227,
        0.7251717647689377,
        0.7264071796154952,
        0.7578467192984528
      ],
      [
        0.5627610259833202,
        0.573403490090623,
        0.6072019434052187,
        0.6819831827761058,
        0.7200480370965168,
        0.7239210988737834,
        0.7309209910123591,
        0.75005222266544,
        0.763704454532939,
        0.7658028408236606
      ],
      [
        0.6319367526378468,
        0.5986747577178102,
        0.6312635989499469,
        0.6684711440590114,
        0.7161363444496694,
        0.7329146233365679,
        0.7360711002491873,
        0.7348898127645243,
        0.7465737830132911,
        0.7443683746757885
      ]
    ]
  }
}