{
  "random": {
    "mean_f1": 0.5040329655235043,
    "std_f1": 0.02155533306068834,
    "seeds": [
      42,
      123,
      456,
      789,
      1024
    ],
    "all_f1_scores": [
      [
        0.3269040438151424,
        0.4126124711245448,
        0.42981951376618743,
        0.42712967382643247,
        0.4278836166184953,
        0.42619479961163,
        0.4612754960813761,
        0.43875536222918454,
        0.5388736306886734,
        0.5294869841140656
      ],
      [
        0.32010822587813503,
        0.37062290960747146,
        0.44033361684555805,
        0.4482166933356814,
        0.46199281524239666,
        0.45679035323712025,
        0.44777258257050745,
        0.46339007384397296,
        0.4934649748173617,
        0.5196652682833284
      ],
      [
        0.302133708119765,
        0.34865980071836356,
        0.35714769600026186,
        0.3777394402316726,
        0.48630848109147706,
        0.4783208373791332,
        0.49658215518417864,
        0.48985862563354726,
        0.49146948690697895,
        0.49048912034230474
      ],
      [
        0.3235026175839661,
        0.4529689733575467,
        0.4512759386288649,
        0.44705024243325575,
        0.5020766906485747,
        0.5087963914941396,
        0.5133786151650856,
        0.5165470779689676,
        0.5158350494870254,
        0.5110962687794977
      ],
      [
        0.33595930284281167,
        0.3571036588664259,
        0.3626877538892413,
        0.4109770298792118,
        0.41742893773982914,
        0.47618016572982064,
        0.438997508206109,
        0.5057412657919526,
        0.5034744422253539,
        0.46942718609832523
      ]
    ]
  },
  "entropy": {
    "mean_f1": 0.6155673214643027,
    "std_f1": 0.017473701105113978,
    "seeds": [
      42,
      123,
      456,
      789,
      1024
    ],
    "all_f1_scores": [
      [
        0.3269040438151424,
        0.3634279139455934,
        0.41901354329192236,
        0.46613770240109487,
        0.47686051666445667,
        0.4811359265577795,
        0.5119837497407228,
        0.567594246293021,
        0.564407385237591,
        0.5813439566730569
      ],
      [
        0.32010822587813503,
        0.3775093796552524,
        0.47174537026590596,
        0.5064862202041566,
        0.5388384929197191,
        0.5741546185752184,
        0.5899804820105639,
        0.6186885346764458,
        0.6227718541376106,
        0.6241759986680935
      ],
      [
        0.302133708119765,
        0.37818204457896226,
        0.48240671727303586,
        0.5267196690519074,
        0.548442519231683,
        0.6168942872794543,
        0.6246141481885765,
        0.6189012650615449,
        0.6316802056930297,
        0.628426494154273
      ],
      [
        0.3235026175839661,
        0.4174320867045913,
        0.5060196727095031,
        0.5796125747037,
        0.5946393146456553,
        0.5910221274763603,
        0.591166668461993,
        0.592158938275799,
        0.6095387794605635,
        0.6177861590833233
      ],
      [
        0.33595930284281167,
        0.4109238663810927,
        0.42446828397548064,
        0.5375240610887351,
        0.5442634235366504,
        0.6002135181263399,
        0.6150667506867392,
        0.6102738176733684,
        0.618169161521818,
        0.6261039987427668
      ]
    ]
  },
  "adaptive_gap_entropy": {
    "mean_f1": 0.5793614887837777,
    "std_f1": 0.05173718034468074,
    "seeds": [
      42,
      123,
      456,
      789,
      1024
    ],
    "all_f1_scores": [
      [
        0.3269040438151424,
        0.4078768598483709,
        0.4414540794811305,
        0.49861317108511605,
        0.5021362443413814,
        0.5087304948137382,
        0.5258029688943966,
        0.5198960573314793,
        0.5286409432823536,
        0.5313836299873892
      ],
      [
        0.32010822587813503,
        0.3765473373931991,
        0.49351208943249414,
        0.5121672388758669,
        0.520001811951334,
        0.5255987686649183,
        0.529834770115317,
        0.5335658208397706,
        0.5366644861352626,
        0.541945955577954
      ],
      [
        0.302133708119765,
        0.3749584930074291,
        0.45849889309917025,
        0.5177242075017447,
        0.5233173950426335,
        0.5281680635155384,
        0.5265864084035703,
        0.5289068000331852,
        0.5318825030038926,
        0.5383017862570065
      ],
      [
        0.3235026175839661,
        0.4633151857802432,
        0.5812073681382064,
        0.6163881168191444,
        0.6289149897045674,
        0.6298280235966733,
        0.6381976394770195,
        0.6420549714760797,
        0.6443669229586443,
        0.6432166697901704
      ],
      [
        0.33595930284281167,
        0.40863970225236823,
        0.4688598867762215,
        0.4901779753412098,
        0.542551334652762,
        0.5954302212009,
        0.6272702148917908,
        0.633550150666586,
        0.6425966233059407,
        0.6419594023063679
      ]
    ]
  }
}