{
  "random": {
    "mean_f1": 0.796852293609205,
    "std_f1": 0.0031992614913356147,
    "seeds": [
      42,
      123,
      456,
      789,
      1024
    ],
    "all_f1_scores": [
      [
        0.6765673842175521,
        0.7310795939580064,
        0.7541789553624811,
        0.7653813488162355,
        0.7743176086383958,
        0.7777869133801418,
        0.7853651476817489,
        0.7920922225889655,
        0.7933016641617419,
        0.7970159382797555
      ],
      [
        0.6719818504596924,
        0.7332569990946459,
        0.7492010421232562,
        0.7620225149938009,
        0.7695841108763445,
        0.7812963165983208,
        0.7892704718602089,
        0.7911576806508006,
        0.7958441536237469,
        0.7965685918598864
      ],
      [
        0.6830206247677272,
        0.7440379741175054,
        0.7460709284422518,
        0.7644861206180186,
        0.7718496096031835,
        0.7858265040718164,
        0.7884503285532285,
        0.7927689719979826,
        0.7959062069692528,
        0.7965277483666799
      ],
      [
        0.6848806163304328,
        0.7153920451612568,
        0.7531170243787473,
        0.7693015137326361,
        0.7714900821568907,
        0.7785608224905469,
        0.7845966015424217,
        0.7855852865152253,
        0.7869091364775255,
        0.7920315332511678
      ],
      [
        0.6802318505549032,
        0.7203316822275148,
        0.7555639741067904,
        0.7644381330066977,
        0.7761466491357942,
        0.7884687749064525,
        0.7903389773333804,
        0.7869362467013326,
        0.7975218019776593,
        0.8021176562885349
      ]
    ]
  },
  "entropy": {
    "mean_f1": 0.752587025069848,
    "std_f1": 0.007879409379315014,
    "seeds": [
      42,
      123,
      456,
      789,
      1024
    ],
    "all_f1_scores": [
      [
        0.6765673842175521,
        0.6965944486654134,
        0.7004323097833727,
        0.7133259736708786,
        0.7211148660913336,
        0.7352635553798237,
        0.7446437484570197,
        0.7423024068079299,
        0.7519044959051642,
        0.7517146737653209
      ],
      [
        0.6719818504596924,
        0.6891735636041911,
        0.7098573479262372,
        0.7160254407818484,
        0.7329244575962152,
        0.7392099176659793,
        0.7441015892202668,
        0.7419663994109097,
        0.7372974012441025,
        0.7497800039181308
      ],
      [
        0.6830206247677272,
        0.6939957402033186,
        0.7408918141110367,
        0.7272951117457657,
        0.7472822132128726,
        0.7414416129069913,
        0.7564296227882557,
        0.770125483149984,
        0.7668599457707214,
        0.7676582348886644
      ],
      [
        0.6848806163304328,
        0.697446137029362,
        0.7144687907199123,
        0.7079002517805276,
        0.7325123920127466,
        0.7134551814773763,
        0.7303881285472129,
        0.7432070550494678,
        0.7440390989783727,
        0.7446824018316944
      ],
      [
        0.6802318505549032,
        0.7145537865919159,
        0.7275551943282899,
        0.7391980418813262,
        0.7312224275889545,
        0.7311310322433482,
        0.7516596787572402,
        0.7517693394871386,
        0.7454343793004543,
        0.7490998109454293
      ]
    ]
  },
  "adaptive_gap_entropy": {
    "mean_f1": 0.7673157890831805,
    "std_f1": 0.014713290985235689,
    "seeds": [
      42,
      123,
      456,
      789,
      1024
    ],
    "all_f1_scores": [
      [
        0.6765673842175521,
        0.6954401911943122,
        0.7189126998087516,
        0.7278196863188418,
        0.7381063555870802,
        0.7390992864816847,
        0.7506718384808504,
        0.7643768535568894,
        0.7634895418829385,
        0.7641714386966492
      ],
      [
        0.6719818504596924,
        0.6958927199207673,
        0.704103299129492,
        0.6954371330290139,
        0.7080638655363112,
        0.7163776803122323,
        0.7153500480726583,
        0.7302165810144616,
        0.7347138292737465,
        0.7407703623084305
      ],
      [
        0.6830206247677272,
        0.6974382729195682,
        0.714158793196484,
        0.7414648014697903,
        0.7517622967602515,
        0.7524102629450047,
        0.7531871269867292,
        0.7682712145359678,
        0.770237929117646,
        0.7833606819288763
      ],
      [
        0.6848806163304328,
        0.6582364923237887,
        0.673032578878453,
        0.7123368112328045,
        0.7374500395605332,
        0.7507210574846099,
        0.7612662352269207,
        0.7572060962639667,
        0.7726953449989012,
        0.7711947625685165
      ],
      [
        0.6802318505549032,
        0.7045096795978008,
        0.7114115802027471,
        0.7455136668622206,
        0.761072906447499,
        0.7547076455709687,
        0.7675265251188353,
        0.7533302078977437,
        0.7731631631234113,
        0.7770816999134306
      ]
    ]
  }
}