{
  "adaptive_gap_entropy": {
    "f1_mean": [
      0.08077974316995014,
      0.19001192220062751,
      0.223529365718003,
      0.21398665681466333,
      0.2360639132153878,
      0.28590174669177043,
      0.3173560674820304,
      0.32936251944756934,
      0.3812200480700267,
      0.3502814101024053
    ],
    "f1_std": [
      0.0,
      0.0,
      0.0,
      0.0,
      0.0,
      0.0,
      0.0,
      0.0,
      0.0,
      0.0
    ],
    "acc_mean": [
      0.1476,
      0.2625,
      0.2765,
      0.2766,
      0.2841,
      0.3278,
      0.3527,
      0.3571,
      0.3928,
      0.3768
    ],
    "acc_std": [
      0.0,
      0.0,
      0.0,
      0.0,
      0.0,
      0.0,
      0.0,
      0.0,
      0.0,
      0.0
    ],
    "final_f1_mean": 0.3502814101024053,
    "final_f1_std": 0.0,
    "best_f1_mean": 0.3812200480700267,
    "best_f1_std": 0.0,
    "n_seeds": 1,
    "seeds": [
      456
    ],
    "avg_train_time_per_round": 6.497491669654846,
    "total_train_time": 64.97491669654846,
    "peak_gpu_memory_mb": 241.4228515625,
    "avg_query_time": 0.1434145450592041,
    "total_query_time": 1.434145450592041,
    "n_human_labeled_mean": [
      100.0,
      200.0,
      300.0,
      400.0,
      500.0,
      600.0,
      700.0,
      800.0,
      900.0,
      1000.0
    ],
    "total_pseudo_labeled": 1196
  },
  "class_aware_entropy": {
    "f1_mean": [
      0.08077974316995014,
      0.143318188089354,
      0.20717345037732476,
      0.25646536487799004,
      0.2802812545483382,
      0.29670233769079635,
      0.3083575696714188,
      0.3074865663534199,
      0.3580499700080869,
      0.377582738380825
    ],
    "f1_std": [
      0.0,
      0.0,
      0.0,
      0.0,
      0.0,
      0.0,
      0.0,
      0.0,
      0.0,
      0.0
    ],
    "acc_mean": [
      0.1476,
      0.2158,
      0.2741,
      0.3028,
      0.3145,
      0.3388,
      0.3447,
      0.3337,
      0.3866,
      0.4014
    ],
    "acc_std": [
      0.0,
      0.0,
      0.0,
      0.0,
      0.0,
      0.0,
      0.0,
      0.0,
      0.0,
      0.0
    ],
    "final_f1_mean": 0.377582738380825,
    "final_f1_std": 0.0,
    "best_f1_mean": 0.377582738380825,
    "best_f1_std": 0.0,
    "n_seeds": 1,
    "seeds": [
      456
    ],
    "avg_train_time_per_round": 7.006600666046142,
    "total_train_time": 70.06600666046143,
    "peak_gpu_memory_mb": 241.4228515625,
    "avg_query_time": 0.15388162136077882,
    "total_query_time": 1.538816213607788,
    "n_human_labeled_mean": [
      100.0,
      200.0,
      300.0,
      400.0,
      500.0,
      600.0,
      700.0,
      800.0,
      900.0,
      1000.0
    ],
    "total_pseudo_labeled": 850
  },
  "entropy": {
    "f1_mean": [
      0.08077974316995014,
      0.11485659133766987,
      0.16752603377750602,
      0.14753824211715577,
      0.18719097774823504,
      0.25611484983450233,
      0.2649978713725871,
      0.30719257772723385,
      0.3483921091362645,
      0.31433893728386225
    ],
    "f1_std": [
      0.0,
      0.0,
      0.0,
      0.0,
      0.0,
      0.0,
      0.0,
      0.0,
      0.0,
      0.0
    ],
    "acc_mean": [
      0.1476,
      0.2024,
      0.2463,
      0.2312,
      0.2626,
      0.3109,
      0.3144,
      0.3453,
      0.3728,
      0.3485
    ],
    "acc_std": [
      0.0,
      0.0,
      0.0,
      0.0,
      0.0,
      0.0,
      0.0,
      0.0,
      0.0,
      0.0
    ],
    "final_f1_mean": 0.31433893728386225,
    "final_f1_std": 0.0,
    "best_f1_mean": 0.3483921091362645,
    "best_f1_std": 0.0,
    "n_seeds": 1,
    "seeds": [
      456
    ],
    "avg_train_time_per_round": 6.236526203155518,
    "total_train_time": 62.365262031555176,
    "peak_gpu_memory_mb": 236.80224609375,
    "avg_query_time": 0.00048699378967285154,
    "total_query_time": 0.004869937896728516,
    "n_human_labeled_mean": [
      100.0,
      200.0,
      300.0,
      400.0,
      500.0,
      600.0,
      700.0,
      800.0,
      900.0,
      1000.0
    ],
    "total_pseudo_labeled": 1031
  },
  "gap_aware_entropy": {
    "f1_mean": [
      0.08077974316995014,
      0.19360348207220637,
      0.222302351809266,
      0.2155963043104266,
      0.23267318750709293,
      0.29430202385153925,
      0.28672742910273186,
      0.33903418464470786,
      0.3405982767940169,
      0.33410603951433415
    ],
    "f1_std": [
      0.0,
      0.0,
      0.0,
      0.0,
      0.0,
      0.0,
      0.0,
      0.0,
      0.0,
      0.0
    ],
    "acc_mean": [
      0.1476,
      0.265,
      0.2709,
      0.2819,
      0.2966,
      0.3363,
      0.3404,
      0.3674,
      0.366,
      0.3588
    ],
    "acc_std": [
      0.0,
      0.0,
      0.0,
      0.0,
      0.0,
      0.0,
      0.0,
      0.0,
      0.0,
      0.0
    ],
    "final_f1_mean": 0.33410603951433415,
    "final_f1_std": 0.0,
    "best_f1_mean": 0.3405982767940169,
    "best_f1_std": 0.0,
    "n_seeds": 1,
    "seeds": [
      456
    ],
    "avg_train_time_per_round": 6.9294270277023315,
    "total_train_time": 69.29427027702332,
    "peak_gpu_memory_mb": 241.4228515625,
    "avg_query_time": 0.1482997179031372,
    "total_query_time": 1.482997179031372,
    "n_human_labeled_mean": [
      100.0,
      200.0,
      300.0,
      400.0,
      500.0,
      600.0,
      700.0,
      800.0,
      900.0,
      1000.0
    ],
    "total_pseudo_labeled": 1093
  },
  "full_supervision": {
    "accuracy": 0,
    "f1": 0,
    "train_time": 0,
    "gpu_memory_mb": 0,
    "epochs": 0
  }
}