{
  "adaptive_gap_entropy": {
    "f1_mean": [
      0.049727543904181847,
      0.07258236167120316,
      0.10701918484925135,
      0.15639468982281585,
      0.18353143244845016,
      0.19128721244435784,
      0.21621632809311295,
      0.30094697503197043,
      0.3118641525811633,
      0.30057742800100484
    ],
    "f1_std": [
      0.0,
      0.0,
      0.0,
      0.0,
      0.0,
      0.0,
      0.0,
      0.0,
      0.0,
      0.0
    ],
    "acc_mean": [
      0.1299,
      0.1733,
      0.1944,
      0.2437,
      0.2572,
      0.2689,
      0.2954,
      0.3653,
      0.3586,
      0.3508
    ],
    "acc_std": [
      0.0,
      0.0,
      0.0,
      0.0,
      0.0,
      0.0,
      0.0,
      0.0,
      0.0,
      0.0
    ],
    "final_f1_mean": 0.30057742800100484,
    "final_f1_std": 0.0,
    "best_f1_mean": 0.3118641525811633,
    "best_f1_std": 0.0,
    "n_seeds": 1,
    "seeds": [
      456
    ],
    "avg_train_time_per_round": 5.666019082069397,
    "total_train_time": 56.66019082069397,
    "peak_gpu_memory_mb": 241.4228515625,
    "avg_query_time": 0.15691108703613282,
    "total_query_time": 1.5691108703613281,
    "n_human_labeled_mean": [
      100.0,
      200.0,
      300.0,
      400.0,
      500.0,
      600.0,
      700.0,
      800.0,
      900.0,
      1000.0
    ],
    "total_pseudo_labeled": 942
  },
  "class_aware_entropy": {
    "f1_mean": [
      0.049727543904181847,
      0.07804547964773312,
      0.11125072291773405,
      0.1523476621930871,
      0.20901201416541876,
      0.22632910035556547,
      0.22238694839996692,
      0.26888806842550517,
      0.2739851338505863,
      0.2993062275328745
    ],
    "f1_std": [
      0.0,
      0.0,
      0.0,
      0.0,
      0.0,
      0.0,
      0.0,
      0.0,
      0.0,
      0.0
    ],
    "acc_mean": [
      0.1299,
      0.1839,
      0.2028,
      0.2322,
      0.2786,
      0.2954,
      0.2907,
      0.3324,
      0.3392,
      0.3638
    ],
    "acc_std": [
      0.0,
      0.0,
      0.0,
      0.0,
      0.0,
      0.0,
      0.0,
      0.0,
      0.0,
      0.0
    ],
    "final_f1_mean": 0.2993062275328745,
    "final_f1_std": 0.0,
    "best_f1_mean": 0.2993062275328745,
    "best_f1_std": 0.0,
    "n_seeds": 1,
    "seeds": [
      456
    ],
    "avg_train_time_per_round": 5.619557881355286,
    "total_train_time": 56.195578813552856,
    "peak_gpu_memory_mb": 241.4228515625,
    "avg_query_time": 0.15448300838470458,
    "total_query_time": 1.544830083847046,
    "n_human_labeled_mean": [
      100.0,
      200.0,
      300.0,
      400.0,
      500.0,
      600.0,
      700.0,
      800.0,
      900.0,
      1000.0
    ],
    "total_pseudo_labeled": 751
  },
  "entropy": {
    "f1_mean": [
      0.049727543904181847,
      0.0799495051646922,
      0.10151530853114392,
      0.16370944614225375,
      0.17629556470804275,
      0.1945971695683482,
      0.2412132005397314,
      0.24609743199054052,
      0.26922784810399597,
      0.29439353257510853
    ],
    "f1_std": [
      0.0,
      0.0,
      0.0,
      0.0,
      0.0,
      0.0,
      0.0,
      0.0,
      0.0,
      0.0
    ],
    "acc_mean": [
      0.1299,
      0.1861,
      0.1991,
      0.2449,
      0.2609,
      0.28,
      0.3133,
      0.3255,
      0.3318,
      0.3579
    ],
    "acc_std": [
      0.0,
      0.0,
      0.0,
      0.0,
      0.0,
      0.0,
      0.0,
      0.0,
      0.0,
      0.0
    ],
    "final_f1_mean": 0.29439353257510853,
    "final_f1_std": 0.0,
    "best_f1_mean": 0.29439353257510853,
    "best_f1_std": 0.0,
    "n_seeds": 1,
    "seeds": [
      456
    ],
    "avg_train_time_per_round": 5.8522944211959835,
    "total_train_time": 58.52294421195984,
    "peak_gpu_memory_mb": 236.80224609375,
    "avg_query_time": 0.0005954980850219726,
    "total_query_time": 0.0059549808502197266,
    "n_human_labeled_mean": [
      100.0,
      200.0,
      300.0,
      400.0,
      500.0,
      600.0,
      700.0,
      800.0,
      900.0,
      1000.0
    ],
    "total_pseudo_labeled": 892
  },
  "gap_aware_entropy": {
    "f1_mean": [
      0.049727543904181847,
      0.07560756421845397,
      0.10498218024648294,
      0.15026413322788973,
      0.14657435880451794,
      0.15696743269145197,
      0.22321411739094593,
      0.2669838626999371,
      0.27325827820830995,
      0.2548136005055568
    ],
    "f1_std": [
      0.0,
      0.0,
      0.0,
      0.0,
      0.0,
      0.0,
      0.0,
      0.0,
      0.0,
      0.0
    ],
    "acc_mean": [
      0.1299,
      0.1726,
      0.1858,
      0.236,
      0.223,
      0.2372,
      0.2935,
      0.328,
      0.3349,
      0.3257
    ],
    "acc_std": [
      0.0,
      0.0,
      0.0,
      0.0,
      0.0,
      0.0,
      0.0,
      0.0,
      0.0,
      0.0
    ],
    "final_f1_mean": 0.2548136005055568,
    "final_f1_std": 0.0,
    "best_f1_mean": 0.27325827820830995,
    "best_f1_std": 0.0,
    "n_seeds": 1,
    "seeds": [
      456
    ],
    "avg_train_time_per_round": 5.573578906059265,
    "total_train_time": 55.73578906059265,
    "peak_gpu_memory_mb": 241.4228515625,
    "avg_query_time": 0.15371246337890626,
    "total_query_time": 1.5371246337890625,
    "n_human_labeled_mean": [
      100.0,
      200.0,
      300.0,
      400.0,
      500.0,
      600.0,
      700.0,
      800.0,
      900.0,
      1000.0
    ],
    "total_pseudo_labeled": 897
  },
  "full_supervision": {
    "accuracy": 0.6506,
    "f1": 0.6239700319415206,
    "train_time": 226.19472122192383,
    "gpu_memory_mb": 145.5634765625,
    "epochs": 50
  }
}