{
  "adaptive_gap_entropy": {
    "f1_mean": [
      0.13128829039838194,
      0.18679629841422601,
      0.16271092045669772,
      0.1996547555873863,
      0.21063788018275945,
      0.3019501388124424,
      0.3435487615195849,
      0.3462553785046993,
      0.3908093877788136,
      0.37186378167115797
    ],
    "f1_std": [
      0.0,
      0.0,
      0.0,
      0.0,
      0.0,
      0.0,
      0.0,
      0.0,
      0.0,
      0.0
    ],
    "acc_mean": [
      0.2103,
      0.2425,
      0.2109,
      0.2476,
      0.2462,
      0.3531,
      0.3666,
      0.3852,
      0.4204,
      0.3882
    ],
    "acc_std": [
      0.0,
      0.0,
      0.0,
      0.0,
      0.0,
      0.0,
      0.0,
      0.0,
      0.0,
      0.0
    ],
    "final_f1_mean": 0.37186378167115797,
    "final_f1_std": 0.0,
    "best_f1_mean": 0.3908093877788136,
    "best_f1_std": 0.0,
    "n_seeds": 1,
    "seeds": [
      456
    ],
    "avg_train_time_per_round": 0.6644888639450073,
    "total_train_time": 6.644888639450073,
    "peak_gpu_memory_mb": 143.1884765625,
    "avg_query_time": 0.08641116619110108,
    "total_query_time": 0.8641116619110107,
    "n_human_labeled_mean": [
      100.0,
      200.0,
      300.0,
      400.0,
      500.0,
      600.0,
      700.0,
      800.0,
      900.0,
      1000.0
    ],
    "total_pseudo_labeled": 0
  },
  "class_aware_entropy": {
    "f1_mean": [
      0.13128829039838194,
      0.1748732526038787,
      0.1404829428779139,
      0.2191947073260517,
      0.18058220627283733,
      0.308841082196027,
      0.3364557426361161,
      0.3502862290670644,
      0.392769885076497,
      0.4024640258528547
    ],
    "f1_std": [
      0.0,
      0.0,
      0.0,
      0.0,
      0.0,
      0.0,
      0.0,
      0.0,
      0.0,
      0.0
    ],
    "acc_mean": [
      0.2103,
      0.2271,
      0.1838,
      0.2497,
      0.2237,
      0.3298,
      0.3531,
      0.3579,
      0.4032,
      0.4105
    ],
    "acc_std": [
      0.0,
      0.0,
      0.0,
      0.0,
      0.0,
      0.0,
      0.0,
      0.0,
      0.0,
      0.0
    ],
    "final_f1_mean": 0.4024640258528547,
    "final_f1_std": 0.0,
    "best_f1_mean": 0.4024640258528547,
    "best_f1_std": 0.0,
    "n_seeds": 1,
    "seeds": [
      456
    ],
    "avg_train_time_per_round": 0.8364060401916504,
    "total_train_time": 8.364060401916504,
    "peak_gpu_memory_mb": 143.1884765625,
    "avg_query_time": 0.09608826637268067,
    "total_query_time": 0.9608826637268066,
    "n_human_labeled_mean": [
      100.0,
      200.0,
      300.0,
      400.0,
      500.0,
      600.0,
      700.0,
      800.0,
      900.0,
      1000.0
    ],
    "total_pseudo_labeled": 0
  },
  "entropy": {
    "f1_mean": [
      0.13128829039838194,
      0.1413440226237638,
      0.18248470249197674,
      0.21544542884321133,
      0.1886245637274348,
      0.2818681610477308,
      0.32397484333921445,
      0.3580631327027333,
      0.40100402934972673,
      0.4150314025446211
    ],
    "f1_std": [
      0.0,
      0.0,
      0.0,
      0.0,
      0.0,
      0.0,
      0.0,
      0.0,
      0.0,
      0.0
    ],
    "acc_mean": [
      0.2103,
      0.2078,
      0.2294,
      0.2407,
      0.2171,
      0.3137,
      0.336,
      0.3717,
      0.4055,
      0.4247
    ],
    "acc_std": [
      0.0,
      0.0,
      0.0,
      0.0,
      0.0,
      0.0,
      0.0,
      0.0,
      0.0,
      0.0
    ],
    "final_f1_mean": 0.4150314025446211,
    "final_f1_std": 0.0,
    "best_f1_mean": 0.4150314025446211,
    "best_f1_std": 0.0,
    "n_seeds": 1,
    "seeds": [
      456
    ],
    "avg_train_time_per_round": 0.8575697898864746,
    "total_train_time": 8.575697898864746,
    "peak_gpu_memory_mb": 139.31787109375,
    "avg_query_time": 0.0003079891204833984,
    "total_query_time": 0.0030798912048339844,
    "n_human_labeled_mean": [
      100.0,
      200.0,
      300.0,
      400.0,
      500.0,
      600.0,
      700.0,
      800.0,
      900.0,
      1000.0
    ],
    "total_pseudo_labeled": 0
  },
  "gap_aware_entropy": {
    "f1_mean": [
      0.13128829039838194,
      0.18756439850846252,
      0.17363055179914683,
      0.19523507988811256,
      0.1925791866061148,
      0.29637164526600135,
      0.3432712861830811,
      0.35342330993077475,
      0.3754182994123535,
      0.3797787967026508
    ],
    "f1_std": [
      0.0,
      0.0,
      0.0,
      0.0,
      0.0,
      0.0,
      0.0,
      0.0,
      0.0,
      0.0
    ],
    "acc_mean": [
      0.2103,
      0.2423,
      0.2144,
      0.246,
      0.2414,
      0.3406,
      0.3663,
      0.3821,
      0.4039,
      0.4073
    ],
    "acc_std": [
      0.0,
      0.0,
      0.0,
      0.0,
      0.0,
      0.0,
      0.0,
      0.0,
      0.0,
      0.0
    ],
    "final_f1_mean": 0.3797787967026508,
    "final_f1_std": 0.0,
    "best_f1_mean": 0.3797787967026508,
    "best_f1_std": 0.0,
    "n_seeds": 1,
    "seeds": [
      456
    ],
    "avg_train_time_per_round": 0.747108268737793,
    "total_train_time": 7.47108268737793,
    "peak_gpu_memory_mb": 143.1884765625,
    "avg_query_time": 0.1025468349456787,
    "total_query_time": 1.025468349456787,
    "n_human_labeled_mean": [
      100.0,
      200.0,
      300.0,
      400.0,
      500.0,
      600.0,
      700.0,
      800.0,
      900.0,
      1000.0
    ],
    "total_pseudo_labeled": 0
  },
  "full_supervision": {
    "accuracy": 0.7909,
    "f1": 0.7879676319018215,
    "train_time": 298.1276521682739,
    "gpu_memory_mb": 145.5634765625,
    "epochs": 50
  }
}