{
  "class_aware_entropy_ssl": {
    "f1_mean": [
      0.08077974316995014,
      0.14193895050355515,
      0.21163316657405162,
      0.2526019701012455,
      0.2757631462226515,
      0.30664888431886456,
      0.30464796406327327,
      0.33313230561125073,
      0.38389884552235964,
      0.3876321566340844
    ],
    "f1_std": [
      0.0,
      0.0,
      0.0,
      0.0,
      0.0,
      0.0,
      0.0,
      0.0,
      0.0,
      0.0
    ],
    "acc_mean": [
      0.1476,
      0.2153,
      0.2548,
      0.3016,
      0.317,
      0.3411,
      0.3459,
      0.3662,
      0.4051,
      0.4138
    ],
    "acc_std": [
      0.0,
      0.0,
      0.0,
      0.0,
      0.0,
      0.0,
      0.0,
      0.0,
      0.0,
      0.0
    ],
    "final_f1_mean": 0.3876321566340844,
    "final_f1_std": 0.0,
    "best_f1_mean": 0.3876321566340844,
    "best_f1_std": 0.0,
    "n_seeds": 1,
    "seeds": [
      456
    ],
    "avg_train_time_per_round": 4.191679835319519,
    "total_train_time": 41.91679835319519,
    "peak_gpu_memory_mb": 228.80078125,
    "avg_query_time": 0.15185964107513428,
    "total_query_time": 1.5185964107513428,
    "n_human_labeled_mean": [
      100.0,
      200.0,
      300.0,
      400.0,
      500.0,
      600.0,
      700.0,
      800.0,
      900.0,
      1000.0
    ],
    "total_pseudo_labeled": 380
  },
  "gap_aware_entropy_ssl": {
    "f1_mean": [
      0.08077974316995014,
      0.19360348207220637,
      0.222302351809266,
      0.2213027731469835,
      0.24215334039615563,
      0.2731253494608673,
      0.29746728324987826,
      0.32215964265042063,
      0.3319643691842555,
      0.3712825980557214
    ],
    "f1_std": [
      0.0,
      0.0,
      0.0,
      0.0,
      0.0,
      0.0,
      0.0,
      0.0,
      0.0,
      0.0
    ],
    "acc_mean": [
      0.1476,
      0.265,
      0.2709,
      0.2691,
      0.2986,
      0.322,
      0.3361,
      0.3503,
      0.362,
      0.3864
    ],
    "acc_std": [
      0.0,
      0.0,
      0.0,
      0.0,
      0.0,
      0.0,
      0.0,
      0.0,
      0.0,
      0.0
    ],
    "final_f1_mean": 0.3712825980557214,
    "final_f1_std": 0.0,
    "best_f1_mean": 0.3712825980557214,
    "best_f1_std": 0.0,
    "n_seeds": 1,
    "seeds": [
      456
    ],
    "avg_train_time_per_round": 4.2802297353744505,
    "total_train_time": 42.80229735374451,
    "peak_gpu_memory_mb": 228.673828125,
    "avg_query_time": 0.1560375213623047,
    "total_query_time": 1.5603752136230469,
    "n_human_labeled_mean": [
      100.0,
      200.0,
      300.0,
      400.0,
      500.0,
      600.0,
      700.0,
      800.0,
      900.0,
      1000.0
    ],
    "total_pseudo_labeled": 519
  },
  "full_supervision": {
    "accuracy": 0.7734,
    "f1": 0.767463908597943,
    "train_time": 563.5631921291351,
    "gpu_memory_mb": 134.19287109375,
    "epochs": 50
  }
}