{
  "entropy": {
    "f1_mean": [
      0.07118832751493621,
      0.10390051741805276,
      0.12342919307286851,
      0.1414852961388352,
      0.13260771561830986,
      0.15397035091646472,
      0.16048713736042985,
      0.20376932520422014,
      0.22289281871553954,
      0.25708333482257284
    ],
    "f1_std": [
      0.0,
      0.0,
      0.0,
      0.0,
      0.0,
      0.0,
      0.0,
      0.0,
      0.0,
      0.0
    ],
    "acc_mean": [
      0.1661,
      0.2012,
      0.21,
      0.239,
      0.2234,
      0.2498,
      0.2527,
      0.2895,
      0.2974,
      0.3321
    ],
    "acc_std": [
      0.0,
      0.0,
      0.0,
      0.0,
      0.0,
      0.0,
      0.0,
      0.0,
      0.0,
      0.0
    ],
    "final_f1_mean": 0.25708333482257284,
    "final_f1_std": 0.0,
    "best_f1_mean": 0.25708333482257284,
    "best_f1_std": 0.0,
    "n_seeds": 1,
    "seeds": [
      456
    ],
    "avg_train_time_per_round": 0.6205738544464111,
    "total_train_time": 6.205738544464111,
    "peak_gpu_memory_mb": 139.31787109375,
    "avg_query_time": 0.0002252817153930664,
    "total_query_time": 0.002252817153930664,
    "n_human_labeled_mean": [
      100.0,
      200.0,
      300.0,
      400.0,
      500.0,
      600.0,
      700.0,
      800.0,
      900.0,
      1000.0
    ],
    "total_pseudo_labeled": 0
  },
  "full_supervision": {
    "accuracy": 0.6191,
    "f1": 0.5831103916988993,
    "train_time": 160.75558757781982,
    "gpu_memory_mb": 145.5634765625,
    "epochs": 50
  }
}