{
  "badge": {
    "f1_mean": [
      0.08198449639390454,
      0.12353318525887085,
      0.1372511573269721,
      0.15578946773825136,
      0.17478669529382382,
      0.20466885311904015,
      0.23595939923470577,
      0.26770989187519223,
      0.319147711491726,
      0.32405890500261064
    ],
    "f1_std": [
      0.016506784515670513,
      0.012358064179070717,
      0.02964272616084652,
      0.030865164920450033,
      0.038179054292987354,
      0.02915905236881684,
      0.02239415865416868,
      0.018113564886580412,
      0.01308043470443542,
      0.03860835781855215
    ],
    "acc_mean": [
      0.1594,
      0.20864000000000002,
      0.22216,
      0.24008000000000002,
      0.2516999999999999,
      0.2802,
      0.30364,
      0.32761999999999997,
      0.36650000000000005,
      0.37120000000000003
    ],
    "acc_std": [
      0.014731055630877234,
      0.013771361588455946,
      0.020353338792443863,
      0.02023140133554768,
      0.02783573243153482,
      0.021744884455889846,
      0.015929293769655954,
      0.010966020244373067,
      0.009752948272189293,
      0.029229916181884613
    ],
    "final_f1_mean": 0.32405890500261064,
    "final_f1_std": 0.03860835781855215,
    "best_f1_mean": 0.3380872150498665,
    "best_f1_std": 0.026907630915730646,
    "n_seeds": 5,
    "seeds": [
      42,
      123,
      456,
      789,
      1024
    ],
    "avg_train_time_per_round": 3.5367638206481935,
    "total_train_time": 176.83819103240967,
    "peak_gpu_memory_mb": 294.77880859375,
    "avg_query_time": 17.48795692920685,
    "total_query_time": 874.3978464603424,
    "n_human_labeled_mean": [
      100.0,
      200.0,
      300.0,
      400.0,
      500.0,
      600.0,
      700.0,
      800.0,
      900.0,
      1000.0
    ],
    "total_pseudo_labeled": 2592
  },
  "coreset": {
    "f1_mean": [
      0.08198449639390454,
      0.11029680468894079,
      0.12230781720561763,
      0.14972198672815148,
      0.15345291908839992,
      0.1730180611882902,
      0.21238664139319993,
      0.2411317015091572,
      0.2673455051928903,
      0.3094765892337622
    ],
    "f1_std": [
      0.016506784515670513,
      0.009592462610313364,
      0.01927486362324941,
      0.03266703187199426,
      0.024962692062815508,
      0.01227828042119777,
      0.028053454499652145,
      0.01946689431728041,
      0.032524773933674436,
      0.02854634134757997
    ],
    "acc_mean": [
      0.1594,
      0.2003,
      0.21132,
      0.2326,
      0.24051999999999998,
      0.25628,
      0.28422000000000003,
      0.30484,
      0.32204,
      0.35644000000000003
    ],
    "acc_std": [
      0.014731055630877234,
      0.012381599250500716,
      0.018605741049471804,
      0.02438499538650767,
      0.019354524018947092,
      0.008629577046414275,
      0.01737312867620567,
      0.0174549248064837,
      0.023560696084793428,
      0.02059598019031869
    ],
    "final_f1_mean": 0.3094765892337622,
    "final_f1_std": 0.02854634134757997,
    "best_f1_mean": 0.3094765892337622,
    "best_f1_std": 0.02854634134757997,
    "n_seeds": 5,
    "seeds": [
      42,
      123,
      456,
      789,
      1024
    ],
    "avg_train_time_per_round": 3.2460829162597657,
    "total_train_time": 162.30414581298828,
    "peak_gpu_memory_mb": 294.77880859375,
    "avg_query_time": 7.971866087913513,
    "total_query_time": 398.59330439567566,
    "n_human_labeled_mean": [
      100.0,
      200.0,
      300.0,
      400.0,
      500.0,
      600.0,
      700.0,
      800.0,
      900.0,
      1000.0
    ],
    "total_pseudo_labeled": 3274
  },
  "entropy": {
    "f1_mean": [
      0.08198449639390454,
      0.11671311957433064,
      0.13421044906997828,
      0.17057048282101261,
      0.1931984287640328,
      0.20402521949396127,
      0.22416607073261816,
      0.2719395641592209,
      0.29638649604552436,
      0.3303922528521811
    ],
    "f1_std": [
      0.016506784515670513,
      0.0153873524445348,
      0.029002698334095484,
      0.027402815979247253,
      0.0327590729042353,
      0.028880796788038874,
      0.032038161942543726,
      0.01603470818366707,
      0.03798742638427174,
      0.020712489413715108
    ],
    "acc_mean": [
      0.1594,
      0.20343999999999998,
      0.22271999999999997,
      0.24642000000000003,
      0.2671,
      0.28164,
      0.29775999999999997,
      0.33199999999999996,
      0.34812,
      0.37694
    ],
    "acc_std": [
      0.014731055630877234,
      0.01452757378229414,
      0.02047460866536893,
      0.022179395843890795,
      0.027930986377140345,
      0.023169773412789352,
      0.028930025924634072,
      0.014706053175478451,
      0.02947231921651229,
      0.016968747744014575
    ],
    "final_f1_mean": 0.3303922528521811,
    "final_f1_std": 0.020712489413715108,
    "best_f1_mean": 0.3327250880036474,
    "best_f1_std": 0.022516874532665678,
    "n_seeds": 5,
    "seeds": [
      42,
      123,
      456,
      789,
      1024
    ],
    "avg_train_time_per_round": 3.2663761949539185,
    "total_train_time": 163.31880974769592,
    "peak_gpu_memory_mb": 276.03759765625,
    "avg_query_time": 0.00034472942352294924,
    "total_query_time": 0.01723647117614746,
    "n_human_labeled_mean": [
      100.0,
      200.0,
      300.0,
      400.0,
      500.0,
      600.0,
      700.0,
      800.0,
      900.0,
      1000.0
    ],
    "total_pseudo_labeled": 2084
  },
  "margin": {
    "f1_mean": [
      0.08198449639390454,
      0.11944740603482511,
      0.1419543644388893,
      0.17945857406305973,
      0.18268437376591842,
      0.22975269944265517,
      0.25429623761777764,
      0.2701150877987429,
      0.3057130774730104,
      0.30719743764235596
    ],
    "f1_std": [
      0.016506784515670513,
      0.01926202389304277,
      0.02236325714966186,
      0.017770194568717538,
      0.027245676866798168,
      0.01998282219895752,
      0.012769586672986707,
      0.01773697166426071,
      0.03145882373938977,
      0.03168476634979231
    ],
    "acc_mean": [
      0.1594,
      0.20916,
      0.22557999999999997,
      0.25744,
      0.25706,
      0.29838,
      0.32066,
      0.33931999999999995,
      0.36522,
      0.36673999999999995
    ],
    "acc_std": [
      0.014731055630877234,
      0.01268551930352085,
      0.014364316899873796,
      0.009183594067683949,
      0.025551015635391097,
      0.016980270904788305,
      0.008440521310914403,
      0.010500171427172019,
      0.01626018450079827,
      0.022191223490380156
    ],
    "final_f1_mean": 0.30719743764235596,
    "final_f1_std": 0.03168476634979231,
    "best_f1_mean": 0.31408247538425604,
    "best_f1_std": 0.026784181592786414,
    "n_seeds": 5,
    "seeds": [
      42,
      123,
      456,
      789,
      1024
    ],
    "avg_train_time_per_round": 3.1907137537002566,
    "total_train_time": 159.53568768501282,
    "peak_gpu_memory_mb": 303.02685546875,
    "avg_query_time": 0.0006406116485595703,
    "total_query_time": 0.032030582427978516,
    "n_human_labeled_mean": [
      100.0,
      200.0,
      300.0,
      400.0,
      500.0,
      600.0,
      700.0,
      800.0,
      900.0,
      1000.0
    ],
    "total_pseudo_labeled": 2161
  },
  "qbc": {
    "f1_mean": [
      0.08198449639390454,
      0.11199489869979848,
      0.1199137574997277,
      0.1279959714178937,
      0.14355016762257683,
      0.17925226437164382,
      0.2206831312171272,
      0.2506268379113616,
      0.26874316921532077,
      0.2958927505088369
    ],
    "f1_std": [
      0.016506784515670513,
      0.01187262530039506,
      0.01350048630520737,
      0.0175968449660948,
      0.01969016034227802,
      0.018402922777262194,
      0.022531784603852186,
      0.011320030711292523,
      0.03402459239218129,
      0.027306009178154567
    ],