{
  "adaptive_gap_entropy": {
    "f1_mean": [
      0.08110814979486924,
      0.17945270221133178,
      0.2137160155905229,
      0.23531200561985655,
      0.2654312158675371,
      0.3002686889476888,
      0.3280184006524627,
      0.347678767714876,
      0.38505280258825186,
      0.4132198012825545
    ],
    "f1_std": [
      0.0011735393516331943,
      0.00900588024569184,
      0.011123743077418903,
      0.01338854891266935,
      0.02998908319443064,
      0.008917999981277411,
      0.015229270943686339,
      0.009315317630589508,
      0.01702182732026442,
      0.012158585117532627
    ],
    "acc_mean": [
      0.1492666666666667,
      0.23496666666666668,
      0.26110000000000005,
      0.2825666666666667,
      0.3091,
      0.3393333333333333,
      0.3555,
      0.3778333333333333,
      0.4045666666666667,
      0.43016666666666664
    ],
    "acc_std": [
      0.005038738819276983,
      0.01963285228612718,
      0.012698293848650174,
      0.011893228699091294,
      0.012945269406234838,
      0.003746405684860573,
      0.0028083209693100645,
      0.010894137057253417,
      0.00896672862432127,
      0.005522278112840359
    ],
    "final_f1_mean": 0.4132198012825545,
    "final_f1_std": 0.012158585117532627,
    "best_f1_mean": 0.4132198012825545,
    "best_f1_std": 0.012158585117532627,
    "n_seeds": 3,
    "seeds": [
      42,
      123,
      456
    ],
    "avg_train_time_per_round": 6.158279156684875,
    "total_train_time": 184.74837470054626,
    "peak_gpu_memory_mb": 228.673828125,
    "avg_query_time": 0.24839454491933186,
    "total_query_time": 7.451836347579956,
    "n_human_labeled_mean": [
      100.0,
      200.0,
      300.0,
      400.0,
      500.0,
      600.0,
      700.0,
      800.0,
      900.0,
      1000.0
    ],
    "total_pseudo_labeled": 1005
  },
  "class_aware_entropy": {
    "f1_mean": [
      0.08110814979486924,
      0.14961807223039805,
      0.19005397505744362,
      0.23314053652557223,
      0.2573324802805259,
      0.2880518117206221,
      0.32463545206346955,
      0.3371720607171708,
      0.38586307390579333,
      0.40172919993270245
    ],
    "f1_std": [
      0.0011735393516331943,
      0.007078212964275997,
      0.01376348465379614,
      0.008900345414356041,
      0.014723138128757586,
      0.006514021451348686,
      0.011018726041827017,
      0.023924511730677642,
      0.00445062963927252,
      0.0042124300895519445
    ],
    "acc_mean": [
      0.1492666666666667,
      0.22283333333333333,
      0.24996666666666667,
      0.27923333333333333,
      0.3023,
      0.3320666666666667,
      0.35683333333333334,
      0.37493333333333334,
      0.41096666666666665,
      0.4226666666666667
    ],
    "acc_std": [
      0.005038738819276983,
      0.004981521409725712,
      0.017159124556793557,
      0.006728215877102109,
      0.014371035685247812,
      0.003564952859280048,
      0.00806570242170858,
      0.016824056849906573,
      0.0029408993333483644,
      0.0033489633553617257
    ],
    "final_f1_mean": 0.40172919993270245,
    "final_f1_std": 0.0042124300895519445,
    "best_f1_mean": 0.40172919993270245,
    "best_f1_std": 0.0042124300895519445,
    "n_seeds": 3,
    "seeds": [
      42,
      123,
      456
    ],
    "avg_train_time_per_round": 7.186235880851745,
    "total_train_time": 215.58707642555237,
    "peak_gpu_memory_mb": 228.80078125,
    "avg_query_time": 0.27519840399424234,
    "total_query_time": 8.25595211982727,
    "n_human_labeled_mean": [
      100.0,
      200.0,
      300.0,
      400.0,
      500.0,
      600.0,
      700.0,
      800.0,
      900.0,
      1000.0
    ],
    "total_pseudo_labeled": 933
  },
  "gap_aware_entropy": {
    "f1_mean": [
      0.08110814979486924,
      0.18210333723880742,
      0.20869512994852468,
      0.2301018095114471,
      0.2653164302713807,
      0.2893887705559716,
      0.3308268000321611,
      0.35304319147408386,
      0.37817094687023883,
      0.40998855187939337
    ],
    "f1_std": [
      0.0011735393516331943,
      0.014774022020834344,
      0.010698780114209562,
      0.00938654828006471,
      0.01704063597452616,
      0.013694866174092766,
      0.022368681916500065,
      0.027945492170376996,
      0.02127512712241919,
      0.021991129945218225
    ],
    "acc_mean": [
      0.1492666666666667,
      0.23723333333333332,
      0.2570333333333333,
      0.2663666666666667,
      0.30493333333333333,
      0.32283333333333336,
      0.3595,
      0.37683333333333335,
      0.3979333333333333,
      0.4272666666666667
    ],
    "acc_std": [
      0.005038738819276983,
      0.019727532931300754,
      0.010471018203700245,
      0.008231781230221216,
      0.005897645481225744,
      0.002007209228976606,
      0.010951103445163266,
      0.021732361941481548,
      0.01690174218502012,
      0.0179483208747287
    ],
    "final_f1_mean": 0.40998855187939337,
    "final_f1_std": 0.021991129945218225,
    "best_f1_mean": 0.40998855187939337,
    "best_f1_std": 0.021991129945218225,
    "n_seeds": 3,
    "seeds": [
      42,
      123,
      456
    ],
    "avg_train_time_per_round": 7.723443229993184,
    "total_train_time": 231.70329689979553,
    "peak_gpu_memory_mb": 228.673828125,
    "avg_query_time": 0.32477227052052815,
    "total_query_time": 9.743168115615845,
    "n_human_labeled_mean": [
      100.0,
      200.0,
      300.0,
      400.0,
      500.0,
      600.0,
      700.0,
      800.0,
      900.0,
      1000.0
    ],
    "total_pseudo_labeled": 939
  },
  "full_supervision": {
    "accuracy": 0.7734,
    "f1": 0.767463908597943,
    "train_time": 1212.428652048111,
    "gpu_memory_mb": 134.19287109375,
    "epochs": 50
  }
}