{
  "badge": {
    "f1_mean": [
      0.08020336038490257,
      0.1593959180538185,
      0.1966528958192666,
      0.2403634619503862,
      0.263580372631747,
      0.30859223512258616,
      0.3409597260768872,
      0.35698676716213057,
      0.3835283811926559,
      0.40595654155116073
    ],
    "f1_std": [
      0.009741348684568957,
      0.017197509322664447,
      0.01745769356355056,
      0.02883408716571862,
      0.015010057948949133,
      0.020993915935705598,
      0.028062062531108673,
      0.027249180607609128,
      0.014789557749101411,
      0.02209696355053354
    ],
    "acc_mean": [
      0.14629999999999999,
      0.22513999999999998,
      0.25306,
      0.28735999999999995,
      0.31414,
      0.34550000000000003,
      0.37346,
      0.38236,
      0.41482,
      0.42986
    ],
    "acc_std": [
      0.01120803283364213,
      0.011736029993145039,
      0.010977176321805168,
      0.02234516502512344,
      0.014674413105811062,
      0.013943026931050507,
      0.014130336160190955,
      0.0171597902085078,
      0.009937685847318786,
      0.012391384103480932
    ],
    "final_f1_mean": 0.40595654155116073,
    "final_f1_std": 0.02209696355053354,
    "best_f1_mean": 0.4100987900270069,
    "best_f1_std": 0.01740169094057646,
    "n_seeds": 5,
    "seeds": [
      42,
      123,
      456,
      789,
      1024
    ],
    "avg_train_time_per_round": 4.303955373764038,
    "total_train_time": 215.1977686882019,
    "peak_gpu_memory_mb": 294.77880859375,
    "avg_query_time": 26.61056963443756,
    "total_query_time": 1330.528481721878,
    "n_human_labeled_mean": [
      100.0,
      200.0,
      300.0,
      400.0,
      500.0,
      600.0,
      700.0,
      800.0,
      900.0,
      1000.0
    ],
    "total_pseudo_labeled": 1825
  },
  "coreset": {
    "f1_mean": [
      0.08020336038490257,
      0.16922502055179955,
      0.17663182117050233,
      0.22765004578696807,
      0.2638556955974113,
      0.29935628852461743,
      0.3194725064589382,
      0.34382064911731236,
      0.37595066398411303,
      0.3727044114531061
    ],
    "f1_std": [
      0.009741348684568957,
      0.024267743200342,
      0.016459773780246302,
      0.01713446840359308,
      0.023829204864575435,
      0.03270589719518217,
      0.01566067913628691,
      0.008521373590191419,
      0.022058788381180233,
      0.012733824721888701
    ],
    "acc_mean": [
      0.14629999999999999,
      0.23168000000000002,
      0.23693999999999998,
      0.27894,
      0.30766,
      0.34181999999999996,
      0.35394,
      0.37910000000000005,
      0.40223999999999993,
      0.4022
    ],
    "acc_std": [
      0.01120803283364213,
      0.020878831384921893,
      0.011059403238873248,
      0.023949663880731185,
      0.011336066337138306,
      0.022211474512062457,
      0.008132797796576517,
      0.015232859219463693,
      0.01748377533600796,
      0.012474774547060953
    ],
    "final_f1_mean": 0.3727044114531061,
    "final_f1_std": 0.012733824721888701,
    "best_f1_mean": 0.3853631662153136,
    "best_f1_std": 0.013143207872023829,
    "n_seeds": 5,
    "seeds": [
      42,
      123,
      456,
      789,
      1024
    ],
    "avg_train_time_per_round": 4.395388855934143,
    "total_train_time": 219.76944279670715,
    "peak_gpu_memory_mb": 294.77880859375,
    "avg_query_time": 13.525464878082275,
    "total_query_time": 676.2732439041138,
    "n_human_labeled_mean": [
      100.0,
      200.0,
      300.0,
      400.0,
      500.0,
      600.0,
      700.0,
      800.0,
      900.0,
      1000.0
    ],
    "total_pseudo_labeled": 1748
  },
  "entropy": {
    "f1_mean": [
      0.08020336038490257,
      0.16819044061145677,
      0.19487921325451307,
      0.2266997368151337,
      0.26420344423924325,
      0.2969407683249684,
      0.331644188260498,
      0.3536340135478572,
      0.3779448642630724,
      0.3884630414101197
    ],
    "f1_std": [
      0.009741348684568957,
      0.01844734546040092,
      0.02375403340081167,
      0.01988693715486131,
      0.013760425269361424,
      0.0185832641587227,
      0.016536499088012826,
      0.009882270867531037,
      0.007394857990353191,
      0.008135563276150393
    ],
    "acc_mean": [
      0.14629999999999999,
      0.22812000000000002,
      0.24925999999999998,
      0.2812,
      0.30761999999999995,
      0.33806,
      0.3661,
      0.3886,
      0.40863999999999995,
      0.41861999999999994
    ],
    "acc_std": [
      0.01120803283364213,
      0.010348023965956014,
      0.015095774243145002,
      0.01825113695088611,
      0.010697177197747088,
      0.009298946176852518,
      0.015162189815458724,
      0.0027964262908219124,
      0.00422449997041071,
      0.010759814124788589
    ],
    "final_f1_mean": 0.3884630414101197,
    "final_f1_std": 0.008135563276150393,
    "best_f1_mean": 0.3888038207449103,
    "best_f1_std": 0.008049546731402074,
    "n_seeds": 5,
    "seeds": [
      42,
      123,
      456,
      789,
      1024
    ],
    "avg_train_time_per_round": 3.8737881803512573,
    "total_train_time": 193.68940901756287,
    "peak_gpu_memory_mb": 276.03759765625,
    "avg_query_time": 0.0005162715911865235,
    "total_query_time": 0.025813579559326172,
    "n_human_labeled_mean": [
      100.0,
      200.0,
      300.0,
      400.0,
      500.0,
      600.0,
      700.0,
      800.0,
      900.0,
      1000.0
    ],
    "total_pseudo_labeled": 1960
  },
  "margin": {
    "f1_mean": [
      0.08020336038490257,
      0.17278691426158818,
      0.20225835980432874,
      0.23474106807144116,
      0.2546054645347419,
      0.29682530777262983,
      0.35075517238607856,
      0.36454062919220515,
      0.40299229935282677,
      0.42256339652589886
    ],
    "f1_std": [
      0.009741348684568957,
      0.023059414714064745,
      0.017328207368264688,
      0.027824507309526545,
      0.02047011745468693,
      0.021210794819958332,
      0.02347567312113186,
      0.024695031394055857,
      0.01747193912403487,
      0.014716734683955773
    ],
    "acc_mean": [
      0.14629999999999999,
      0.23062,
      0.2555,
      0.28468,
      0.30204000000000003,
      0.33802,
      0.37904,
      0.39258,
      0.42542,
      0.44123999999999997
    ],
    "acc_std": [
      0.01120803283364213,
      0.021807191474373763,
      0.017935997323817822,
      0.019163444366814657,
      0.011974071989093758,
      0.014620861807704772,
      0.016790783186022024,
      0.009745029502264215,
      0.007877664628555847,
      0.009367731849279201
    ],
    "final_f1_mean": 0.42256339652589886,
    "final_f1_std": 0.014716734683955773,
    "best_f1_mean": 0.42494564433208765,
    "best_f1_std": 0.013235925453640936,
    "n_seeds": 5,
    "seeds": [
      42,
      123,
      456,
      789,
      1024
    ],
    "avg_train_time_per_round": 4.516273040771484,
    "total_train_time": 225.81365203857422,
    "peak_gpu_memory_mb": 303.02685546875,
    "avg_query_time": 0.0007313680648803711,
    "total_query_time": 0.036568403244018555,
    "n_human_labeled_mean": [
      100.0,
      200.0,
      300.0,
      400.0,
      500.0,
      600.0,
      700.0,
      800.0,
      900.0,
      1000.0
    ],
    "total_pseudo_labeled": 1624
  },
  "qbc": {
    "f1_mean": [
      0.08020336038490257,
      0.14788467311984835,
      0.19319642270456158,
      0.22326311650396052,
      0.25433560167877267,
      0.32557779860116365,
      0.3486421980272628,
      0.38194015116735003,
      0.39356894276736637,
      0.41052651877435975
    ],
    "f1_std": [
      0.009741348684568957,
      0.011536760834122532,
      0.03665597491628407,
      0.018356133568650762,
      0.02117949019111546,
      0.015223094746443027,
      0.02679306946407766,
      0.020782971556716195,
      0.02718530985900811,
      0.02257512683225932
    ],