{
  "rho1_entropy": {
    "mean_f1": 0.447348872528941,
    "std_f1": 0.012439286845885014,
    "f1s": [
      0.44189274554373686,
      0.4355932626410672,
      0.46456060940201904
    ]
  },
  "rho1_fixed_lam+hard": {
    "mean_f1": 0.4242191402925364,
    "std_f1": 0.011598780964469388,
    "f1s": [
      0.4369455280554365,
      0.4268184723203284,
      0.40889342050184424
    ]
  },
  "rho1_adaptive_lam+hard": {
    "mean_f1": 0.42079991428612784,
    "std_f1": 0.009861434262874271,
    "f1s": [
      0.4183426426158925,
      0.4101397658883864,
      0.4339173343541047
    ]
  },
  "rho1_fixed_lam+soft": {
    "mean_f1": 0.4271018565652218,
    "std_f1": 0.014610054839223126,
    "f1s": [
      0.44237344812210927,
      0.40741349167901675,
      0.43151862989453954
    ]
  },
  "rho1_adaptive_lam+soft": {
    "mean_f1": 0.41831003285610596,
    "std_f1": 0.007418757623802723,
    "f1s": [
      0.4199605461131747,
      0.4085118279098626,
      0.42645772454528064
    ]
  },
  "rho10_entropy": {
    "mean_f1": 0.28977174805531614,
    "std_f1": 0.022499925932879198,
    "f1s": [
      0.3127981511445335,
      0.29727718397655223,
      0.25923990904486266
    ]
  },
  "rho10_fixed_lam+hard": {
    "mean_f1": 0.3062741267305528,
    "std_f1": 0.01824841080522298,
    "f1s": [
      0.280813943440854,
      0.3153516787773316,
      0.3226567579734728
    ]
  },
  "rho10_adaptive_lam+hard": {
    "mean_f1": 0.3337884879908631,
    "std_f1": 0.008574110467384585,
    "f1s": [
      0.3457403594916561,
      0.32958388822829326,
      0.32604121625263993
    ]
  },
  "rho10_fixed_lam+soft": {
    "mean_f1": 0.2958231893609423,
    "std_f1": 0.004344564959317755,
    "f1s": [
      0.2901197932780636,
      0.2966959175011577,
      0.3006538573036056
    ]
  },
  "rho10_adaptive_lam+soft": {
    "mean_f1": 0.30651110849357294,
    "std_f1": 0.012302395698299787,
    "f1s": [
      0.2891146951724732,
      0.3149924913837151,
      0.31542613892453064
    ]
  },
  "rho50_entropy": {
    "mean_f1": 0.19312876726981668,
    "std_f1": 0.012834365753629652,
    "f1s": [
      0.20061224903341665,
      0.17506642786814636,
      0.20370762490788702
    ]
  },
  "rho50_fixed_lam+hard": {
    "mean_f1": 0.27347346173696624,
    "std_f1": 0.006941972181030404,
    "f1s": [
      0.28310242117597306,
      0.2703169391142454,
      0.26700102492068034
    ]
  },
  "rho50_adaptive_lam+hard": {
    "mean_f1": 0.2740611335536133,
    "std_f1": 0.008386866646568618,
    "f1s": [
      0.27942790018791597,
      0.2805378626888661,
      0.2622176377840578
    ]
  },
  "rho50_fixed_lam+soft": {
    "mean_f1": 0.26289858365568947,
    "std_f1": 0.008981074367185678,
    "f1s": [
      0.25543375398843315,
      0.2755302559702829,
      0.2577317410083523
    ]
  },
  "rho50_adaptive_lam+soft": {
    "mean_f1": 0.28213794291621624,
    "std_f1": 0.010615169241042981,
    "f1s": [
      0.29418846498114914,
      0.2838658370799201,
      0.26835952668757956
    ]
  }
}