{
  "adaptive_gap_entropy": {
    "f1_mean": [
      0.1594937694379675,
      0.13131267792818394,
      0.17138621593599893,
      0.1765275339733773,
      0.24456876466710376,
      0.3268117648174193,
      0.33976005713629454,
      0.41217424750373677,
      0.4348505540306384,
      0.42059164926036957
    ],
    "f1_std": [
      0.0,
      0.0,
      0.0,
      0.0,
      0.0,
      0.0,
      0.0,
      0.0,
      0.0,
      0.0
    ],
    "acc_mean": [
      0.2272,
      0.1988,
      0.23,
      0.2325,
      0.2776,
      0.3364,
      0.3474,
      0.4123,
      0.4378,
      0.4195
    ],
    "acc_std": [
      0.0,
      0.0,
      0.0,
      0.0,
      0.0,
      0.0,
      0.0,
      0.0,
      0.0,
      0.0
    ],
    "final_f1_mean": 0.42059164926036957,
    "final_f1_std": 0.0,
    "best_f1_mean": 0.4348505540306384,
    "best_f1_std": 0.0,
    "n_seeds": 1,
    "seeds": [
      456
    ],
    "avg_train_time_per_round": 1.1001819133758546,
    "total_train_time": 11.001819133758545,
    "peak_gpu_memory_mb": 143.1884765625,
    "avg_query_time": 0.15632286071777343,
    "total_query_time": 1.5632286071777344,
    "n_human_labeled_mean": [
      100.0,
      200.0,
      300.0,
      400.0,
      500.0,
      600.0,
      700.0,
      800.0,
      900.0,
      1000.0
    ],
    "total_pseudo_labeled": 0
  },
  "class_aware_entropy": {
    "f1_mean": [
      0.1594937694379675,
      0.17731843919075682,
      0.10548543931802146,
      0.16600975184732952,
      0.1735323748300851,
      0.30850553226877553,
      0.3430451655449366,
      0.3767092034620735,
      0.3983232683356447,
      0.41632396669339206
    ],
    "f1_std": [
      0.0,
      0.0,
      0.0,
      0.0,
      0.0,
      0.0,
      0.0,
      0.0,
      0.0,
      0.0
    ],
    "acc_mean": [
      0.2272,
      0.2384,
      0.1799,
      0.2233,
      0.2432,
      0.3282,
      0.3612,
      0.3849,
      0.4208,
      0.4302
    ],
    "acc_std": [
      0.0,
      0.0,
      0.0,
      0.0,
      0.0,
      0.0,
      0.0,
      0.0,
      0.0,
      0.0
    ],
    "final_f1_mean": 0.41632396669339206,
    "final_f1_std": 0.0,
    "best_f1_mean": 0.41632396669339206,
    "best_f1_std": 0.0,
    "n_seeds": 1,
    "seeds": [
      456
    ],
    "avg_train_time_per_round": 1.0737739562988282,
    "total_train_time": 10.737739562988281,
    "peak_gpu_memory_mb": 143.1884765625,
    "avg_query_time": 0.15313072204589845,
    "total_query_time": 1.5313072204589844,
    "n_human_labeled_mean": [
      100.0,
      200.0,
      300.0,
      400.0,
      500.0,
      600.0,
      700.0,
      800.0,
      900.0,
      1000.0
    ],
    "total_pseudo_labeled": 0
  },
  "entropy": {
    "f1_mean": [
      0.1594937694379675,
      0.1893898210778026,
      0.13181027367389317,
      0.26296805148455515,
      0.19863274103001016,
      0.26219613897644745,
      0.2894134791214777,
      0.3462171758665134,
      0.38052475073204145,
      0.4025210925760832
    ],
    "f1_std": [
      0.0,
      0.0,
      0.0,
      0.0,
      0.0,
      0.0,
      0.0,
      0.0,
      0.0,
      0.0
    ],
    "acc_mean": [
      0.2272,
      0.2436,
      0.192,
      0.2922,
      0.2552,
      0.299,
      0.3151,
      0.3606,
      0.3942,
      0.4083
    ],
    "acc_std": [
      0.0,
      0.0,
      0.0,
      0.0,
      0.0,
      0.0,
      0.0,
      0.0,
      0.0,
      0.0
    ],
    "final_f1_mean": 0.4025210925760832,
    "final_f1_std": 0.0,
    "best_f1_mean": 0.4025210925760832,
    "best_f1_std": 0.0,
    "n_seeds": 1,
    "seeds": [
      456
    ],
    "avg_train_time_per_round": 1.2802660942077637,
    "total_train_time": 12.802660942077637,
    "peak_gpu_memory_mb": 139.31787109375,
    "avg_query_time": 0.0005179166793823243,
    "total_query_time": 0.005179166793823242,
    "n_human_labeled_mean": [
      100.0,
      200.0,
      300.0,
      400.0,
      500.0,
      600.0,
      700.0,
      800.0,
      900.0,
      1000.0
    ],
    "total_pseudo_labeled": 0
  },
  "gap_aware_entropy": {
    "f1_mean": [
      0.1594937694379675,
      0.1268568305375053,
      0.14907129534503688,
      0.20682161394741821,
      0.21822325117884706,
      0.32506110836290486,
      0.3204082543357287,
      0.34527267638172254,
      0.3848955519226979,
      0.42172926207339084
    ],
    "f1_std": [
      0.0,
      0.0,
      0.0,
      0.0,
      0.0,
      0.0,
      0.0,
      0.0,
      0.0,
      0.0
    ],
    "acc_mean": [
      0.2272,
      0.1941,
      0.2196,
      0.2479,
      0.2592,
      0.3355,
      0.3393,
      0.365,
      0.3999,
      0.4285
    ],
    "acc_std": [
      0.0,
      0.0,
      0.0,
      0.0,
      0.0,
      0.0,
      0.0,
      0.0,
      0.0,
      0.0
    ],
    "final_f1_mean": 0.42172926207339084,
    "final_f1_std": 0.0,
    "best_f1_mean": 0.42172926207339084,
    "best_f1_std": 0.0,
    "n_seeds": 1,
    "seeds": [
      456
    ],
    "avg_train_time_per_round": 1.0991607666015626,
    "total_train_time": 10.991607666015625,
    "peak_gpu_memory_mb": 143.1884765625,
    "avg_query_time": 0.15833234786987305,
    "total_query_time": 1.5833234786987305,
    "n_human_labeled_mean": [
      100.0,
      200.0,
      300.0,
      400.0,
      500.0,
      600.0,
      700.0,
      800.0,
      900.0,
      1000.0
    ],
    "total_pseudo_labeled": 0
  },
  "full_supervision": {
    "accuracy": 0.8542,
    "f1": 0.8537322602610752,
    "train_time": 1323.5308945178986,
    "gpu_memory_mb": 145.5634765625,
    "epochs": 50
  }
}