{
  "badge": {
    "f1_mean": [
      0.12585476092729803,
      0.14087207046100297,
      0.1273705741170906,
      0.15761919956920317,
      0.1897593309902126,
      0.2728665668077893,
      0.3286138537259237,
      0.36186894303574874,
      0.38631870478032904,
      0.42151611943052786
    ],
    "f1_std": [
      0.011669902311479947,
      0.03335515590273436,
      0.024622770964294022,
      0.03733924685644541,
      0.02813145181691373,
      0.0475966558306404,
      0.027633184349516,
      0.015802336089358084,
      0.023982451290933657,
      0.010849141256808845
    ],
    "acc_mean": [
      0.20337999999999998,
      0.1978,
      0.1788,
      0.20404,
      0.22991999999999999,
      0.30294,
      0.35466,
      0.38434,
      0.40253999999999995,
      0.42656
    ],
    "acc_std": [
      0.00804571935876463,
      0.03612168323874179,
      0.023150118790191992,
      0.030581602312501555,
      0.02703815082434448,
      0.04589786923158852,
      0.01998535463783418,
      0.014131185371369242,
      0.017556377758524103,
      0.010314378313790904
    ],
    "final_f1_mean": 0.42151611943052786,
    "final_f1_std": 0.010849141256808845,
    "best_f1_mean": 0.42151611943052786,
    "best_f1_std": 0.010849141256808845,
    "n_seeds": 5,
    "seeds": [
      42,
      123,
      456,
      789,
      1024
    ],
    "avg_train_time_per_round": 0.904143123626709,
    "total_train_time": 45.20715618133545,
    "peak_gpu_memory_mb": 196.5458984375,
    "avg_query_time": 20.1229337310791,
    "total_query_time": 1006.1466865539551,
    "n_human_labeled_mean": [
      100.0,
      200.0,
      300.0,
      400.0,
      500.0,
      600.0,
      700.0,
      800.0,
      900.0,
      1000.0
    ],
    "total_pseudo_labeled": 0
  },
  "coreset": {
    "f1_mean": [
      0.12585476092729803,
      0.1499173860836916,
      0.13455099066930756,
      0.16637321559414076,
      0.17268905049102845,
      0.25552652099048173,
      0.294895620806633,
      0.3217722542247354,
      0.35391438380632717,
      0.3693577910996394
    ],
    "f1_std": [
      0.011669902311479947,
      0.019611557660636415,
      0.017566920737602666,
      0.030091730859343344,
      0.02496070919815395,
      0.022941502156629417,
      0.015463907123049956,
      0.019832360314151618,
      0.01697733632495138,
      0.023730553209501872
    ],
    "acc_mean": [
      0.20337999999999998,
      0.20502000000000004,
      0.18122,
      0.21444000000000002,
      0.21963999999999997,
      0.2902,
      0.32752,
      0.34774,
      0.37316000000000005,
      0.3913
    ],
    "acc_std": [
      0.00804571935876463,
      0.023481175439061818,
      0.015236193750408925,
      0.033160735818132864,
      0.02310191334067375,
      0.02629121526289722,
      0.017849862744570337,
      0.019524917413397683,
      0.016726577653542882,
      0.024359802954868073
    ],
    "final_f1_mean": 0.3693577910996394,
    "final_f1_std": 0.023730553209501872,
    "best_f1_mean": 0.3693577910996394,
    "best_f1_std": 0.023730553209501872,
    "n_seeds": 5,
    "seeds": [
      42,
      123,
      456,
      789,
      1024
    ],
    "avg_train_time_per_round": 0.7704747486114502,
    "total_train_time": 38.52373743057251,
    "peak_gpu_memory_mb": 196.5458984375,
    "avg_query_time": 10.219365119934082,
    "total_query_time": 510.9682559967041,
    "n_human_labeled_mean": [
      100.0,
      200.0,
      300.0,
      400.0,
      500.0,
      600.0,
      700.0,
      800.0,
      900.0,
      1000.0
    ],
    "total_pseudo_labeled": 0
  },
  "entropy": {
    "f1_mean": [
      0.12585476092729803,
      0.1557231028943286,
      0.16811211120887792,
      0.18382914173027196,
      0.18558718345311806,
      0.271134920956003,
      0.30735515072469377,
      0.34505723808154737,
      0.36626596006322,
      0.3994551713973731
    ],
    "f1_std": [
      0.011669902311479947,
      0.014883251494525218,
      0.009945669258494296,
      0.030325974941963315,
      0.0201498522707072,
      0.020670671172835397,
      0.030994245277951908,
      0.030176586996539873,
      0.027374964312773392,
      0.015186603778593382
    ],
    "acc_mean": [
      0.20337999999999998,
      0.2141,
      0.21946000000000004,
      0.22881999999999997,
      0.23388,
      0.30957999999999997,
      0.33444,
      0.36978,
      0.38874,
      0.41578
    ],
    "acc_std": [
      0.00804571935876463,
      0.014616839603689983,
      0.016942679835256283,
      0.03145195701383302,
      0.02262409335199977,
      0.01985642465299329,
      0.02744846808111521,
      0.027322767063385062,
      0.019450100256811022,
      0.007522074182032513
    ],
    "final_f1_mean": 0.3994551713973731,
    "final_f1_std": 0.015186603778593382,
    "best_f1_mean": 0.3994551713973731,
    "best_f1_std": 0.015186603778593382,
    "n_seeds": 5,
    "seeds": [
      42,
      123,
      456,
      789,
      1024
    ],
    "avg_train_time_per_round": 0.5611729526519775,
    "total_train_time": 28.058647632598877,
    "peak_gpu_memory_mb": 178.4296875,
    "avg_query_time": 0.00030817985534667967,
    "total_query_time": 0.015408992767333984,
    "n_human_labeled_mean": [
      100.0,
      200.0,
      300.0,
      400.0,
      500.0,
      600.0,
      700.0,
      800.0,
      900.0,
      1000.0
    ],
    "total_pseudo_labeled": 0
  },
  "margin": {
    "f1_mean": [
      0.12585476092729803,
      0.15323251073893757,
      0.12346281808317909,
      0.17041696691286737,
      0.21098353959985724,
      0.2847150299196445,
      0.3308066773041205,
      0.363887134232174,
      0.3906099103336687,
      0.42694553105999616
    ],
    "f1_std": [
      0.011669902311479947,
      0.02614569713629138,
      0.025258006863681848,
      0.03324539214052868,
      0.020815325686174946,
      0.01651982868770364,
      0.021652847432163915,
      0.023672261144166946,
      0.022693828018322548,
      0.01992833675635814
    ],
    "acc_mean": [
      0.20337999999999998,
      0.20469999999999997,
      0.17679999999999998,
      0.21700000000000003,
      0.25182000000000004,
      0.32,
      0.3612,
      0.39314,
      0.41626,
      0.44445999999999997
    ],
    "acc_std": [
      0.00804571935876463,
      0.021371289151569682,
      0.027625857452756104,
      0.033252067604887366,
      0.02370960986604376,
      0.008246938826012953,
      0.016957712109833697,
      0.015434843698593114,
      0.01798750677553729,
      0.013044477758806607
    ],
    "final_f1_mean": 0.42694553105999616,
    "final_f1_std": 0.01992833675635814,
    "best_f1_mean": 0.42694553105999616,
    "best_f1_std": 0.01992833675635814,
    "n_seeds": 5,
    "seeds": [
      42,
      123,
      456,
      789,
      1024
    ],
    "avg_train_time_per_round": 0.5244468832015992,
    "total_train_time": 26.222344160079956,
    "peak_gpu_memory_mb": 205.0458984375,
    "avg_query_time": 0.00047157764434814454,
    "total_query_time": 0.023578882217407227,
    "n_human_labeled_mean": [
      100.0,
      200.0,
      300.0,
      400.0,
      500.0,
      600.0,
      700.0,
      800.0,
      900.0,
      1000.0
    ],
    "total_pseudo_labeled": 0
  },
  "qbc": {
    "f1_mean": [
      0.12585476092729803,
      0.1222261803942493,
      0.13781385397621387,
      0.15172005250925827,
      0.1946054099584932,
      0.26723659810566136,
      0.34701060478969276,
      0.36829686335060596,
      0.4019117481004134,
      0.4262784416987836
    ],
    "f1_std": [
      0.011669902311479947,
      0.03465591355314572,
      0.028964712960211986,
      0.01970516407314653,
      0.026374397262892632,
      0.01302461448858048,
      0.02892182283537167,
      0.01874363553233047,
      0.017059623141622987,
      0.024264027315905184
    ],