{
  "adaptive_gap_entropy": {
    "f1_mean": [
      0.049727543904181847,
      0.07258236167120316,
      0.10701918484925135,
      0.18367168800025516,
      0.21853330192680845,
      0.2360789037159438,
      0.26143033937959415,
      0.26904128757212686,
      0.3006917746586636,
      0.3321869922780618
    ],
    "f1_std": [
      0.0,
      0.0,
      0.0,
      0.0,
      0.0,
      0.0,
      0.0,
      0.0,
      0.0,
      0.0
    ],
    "acc_mean": [
      0.1299,
      0.1733,
      0.1944,
      0.266,
      0.2901,
      0.3129,
      0.3279,
      0.3367,
      0.3666,
      0.3752
    ],
    "acc_std": [
      0.0,
      0.0,
      0.0,
      0.0,
      0.0,
      0.0,
      0.0,
      0.0,
      0.0,
      0.0
    ],
    "final_f1_mean": 0.3321869922780618,
    "final_f1_std": 0.0,
    "best_f1_mean": 0.3321869922780618,
    "best_f1_std": 0.0,
    "n_seeds": 1,
    "seeds": [
      456
    ],
    "avg_train_time_per_round": 6.226237463951111,
    "total_train_time": 62.26237463951111,
    "peak_gpu_memory_mb": 241.4228515625,
    "avg_query_time": 0.15527863502502443,
    "total_query_time": 1.5527863502502441,
    "n_human_labeled_mean": [
      100.0,
      200.0,
      300.0,
      400.0,
      500.0,
      600.0,
      700.0,
      800.0,
      900.0,
      1000.0
    ],
    "total_pseudo_labeled": 1070
  },
  "class_aware_entropy": {
    "f1_mean": [
      0.049727543904181847,
      0.07804547964773312,
      0.11125072291773405,
      0.17631187904361834,
      0.2090273581298971,
      0.23805850300544598,
      0.22963575027304847,
      0.27191088660006374,
      0.2843732863940033,
      0.3193078063729248
    ],
    "f1_std": [
      0.0,
      0.0,
      0.0,
      0.0,
      0.0,
      0.0,
      0.0,
      0.0,
      0.0,
      0.0
    ],
    "acc_mean": [
      0.1299,
      0.1839,
      0.2028,
      0.2421,
      0.2852,
      0.3072,
      0.2999,
      0.3334,
      0.3528,
      0.3791
    ],
    "acc_std": [
      0.0,
      0.0,
      0.0,
      0.0,
      0.0,
      0.0,
      0.0,
      0.0,
      0.0,
      0.0
    ],
    "final_f1_mean": 0.3193078063729248,
    "final_f1_std": 0.0,
    "best_f1_mean": 0.3193078063729248,
    "best_f1_std": 0.0,
    "n_seeds": 1,
    "seeds": [
      456
    ],
    "avg_train_time_per_round": 6.308018708229065,
    "total_train_time": 63.08018708229065,
    "peak_gpu_memory_mb": 241.4228515625,
    "avg_query_time": 0.15584876537322997,
    "total_query_time": 1.5584876537322998,
    "n_human_labeled_mean": [
      100.0,
      200.0,
      300.0,
      400.0,
      500.0,
      600.0,
      700.0,
      800.0,
      900.0,
      1000.0
    ],
    "total_pseudo_labeled": 936
  },
  "entropy": {
    "f1_mean": [
      0.049727543904181847,
      0.0799495051646922,
      0.10151530853114392,
      0.1832593352310674,
      0.15333495363849586,
      0.22841729932088367,
      0.23284988182756225,
      0.24629364303215578,
      0.2656173637709092,
      0.28249218250185126
    ],
    "f1_std": [
      0.0,
      0.0,
      0.0,
      0.0,
      0.0,
      0.0,
      0.0,
      0.0,
      0.0,
      0.0
    ],
    "acc_mean": [
      0.1299,
      0.1861,
      0.1991,
      0.2645,
      0.2307,
      0.3025,
      0.3048,
      0.3278,
      0.3367,
      0.3513
    ],
    "acc_std": [
      0.0,
      0.0,
      0.0,
      0.0,
      0.0,
      0.0,
      0.0,
      0.0,
      0.0,
      0.0
    ],
    "final_f1_mean": 0.28249218250185126,
    "final_f1_std": 0.0,
    "best_f1_mean": 0.28249218250185126,
    "best_f1_std": 0.0,
    "n_seeds": 1,
    "seeds": [
      456
    ],
    "avg_train_time_per_round": 6.523991918563842,
    "total_train_time": 65.23991918563843,
    "peak_gpu_memory_mb": 236.80224609375,
    "avg_query_time": 0.0005561590194702148,
    "total_query_time": 0.0055615901947021484,
    "n_human_labeled_mean": [
      100.0,
      200.0,
      300.0,
      400.0,
      500.0,
      600.0,
      700.0,
      800.0,
      900.0,
      1000.0
    ],
    "total_pseudo_labeled": 1397
  },
  "gap_aware_entropy": {
    "f1_mean": [
      0.049727543904181847,
      0.07560756421845397,
      0.10498218024648294,
      0.1511647479959183,
      0.1336597943056082,
      0.20149266021665585,
      0.23987802299117583,
      0.29090268790295826,
      0.27774158226673407,
      0.3115735090804653
    ],
    "f1_std": [
      0.0,
      0.0,
      0.0,
      0.0,
      0.0,
      0.0,
      0.0,
      0.0,
      0.0,
      0.0
    ],
    "acc_mean": [
      0.1299,
      0.1726,
      0.1858,
      0.2281,
      0.2142,
      0.2714,
      0.3103,
      0.3512,
      0.3469,
      0.3717
    ],
    "acc_std": [
      0.0,
      0.0,
      0.0,
      0.0,
      0.0,
      0.0,
      0.0,
      0.0,
      0.0,
      0.0
    ],
    "final_f1_mean": 0.3115735090804653,
    "final_f1_std": 0.0,
    "best_f1_mean": 0.3115735090804653,
    "best_f1_std": 0.0,
    "n_seeds": 1,
    "seeds": [
      456
    ],
    "avg_train_time_per_round": 6.340944504737854,
    "total_train_time": 63.40944504737854,
    "peak_gpu_memory_mb": 241.4228515625,
    "avg_query_time": 0.154007887840271,
    "total_query_time": 1.54007887840271,
    "n_human_labeled_mean": [
      100.0,
      200.0,
      300.0,
      400.0,
      500.0,
      600.0,
      700.0,
      800.0,
      900.0,
      1000.0
    ],
    "total_pseudo_labeled": 1120
  },
  "full_supervision": {
    "accuracy": 0.6506,
    "f1": 0.6239700319415206,
    "train_time": 226.19472122192383,
    "gpu_memory_mb": 145.5634765625,
    "epochs": 50
  }
}