{
  "badge": {
    "f1_mean": [
      0.06814705729749314,
      0.07215055931970392,
      0.08430646257945873,
      0.11389133922946879,
      0.1291437865137315,
      0.17091994228392077,
      0.18499724586436755,
      0.2134675814490942,
      0.22936034448487136,
      0.25387410248023584
    ],
    "f1_std": [
      0.013324944362086009,
      0.014176367519830367,
      0.028364143057804547,
      0.02063861591605774,
      0.019429751496339836,
      0.04756281888731696,
      0.024012086350255396,
      0.017324655827460917,
      0.03838374218458577,
      0.02252601062141747
    ],
    "acc_mean": [
      0.17297999999999997,
      0.16428,
      0.15744,
      0.18976,
      0.20392000000000002,
      0.25312,
      0.26776,
      0.28668,
      0.3021,
      0.32092
    ],
    "acc_std": [
      0.011963009654764973,
      0.009989474460651066,
      0.02573453710483249,
      0.023162780489397204,
      0.013026956666850479,
      0.03358073257092525,
      0.01798072301104713,
      0.009789872317859926,
      0.031127929581004903,
      0.013062679663836218
    ],
    "final_f1_mean": 0.25387410248023584,
    "final_f1_std": 0.02252601062141747,
    "best_f1_mean": 0.2604831766950786,
    "best_f1_std": 0.02129678545479252,
    "n_seeds": 5,
    "seeds": [
      42,
      123,
      456,
      789,
      1024
    ],
    "avg_train_time_per_round": 0.9707054424285889,
    "total_train_time": 48.53527212142944,
    "peak_gpu_memory_mb": 196.5458984375,
    "avg_query_time": 23.224572257995604,
    "total_query_time": 1161.2286128997803,
    "n_human_labeled_mean": [
      100.0,
      200.0,
      300.0,
      400.0,
      500.0,
      600.0,
      700.0,
      800.0,
      900.0,
      1000.0
    ],
    "total_pseudo_labeled": 0
  },
  "coreset": {
    "f1_mean": [
      0.06814705729749314,
      0.07142019040603151,
      0.09585246166361713,
      0.11220356882858173,
      0.13074350513829133,
      0.15056956929060872,
      0.18069184425919543,
      0.2105641631122726,
      0.2287007155981776,
      0.2510444626650852
    ],
    "f1_std": [
      0.013324944362086009,
      0.01547086578576147,
      0.01863408226948458,
      0.02458813144888974,
      0.03967529161160305,
      0.03563753733394925,
      0.02466134654872205,
      0.026729753253717865,
      0.03228171491645653,
      0.0354325705200897
    ],
    "acc_mean": [
      0.17297999999999997,
      0.15446000000000001,
      0.17332,
      0.18546,
      0.20778,
      0.23810000000000003,
      0.26572000000000007,
      0.2841,
      0.3003,
      0.31792
    ],
    "acc_std": [
      0.011963009654764973,
      0.015251308140615349,
      0.023614012789020002,
      0.0230412326059176,
      0.035114122515022356,
      0.025420306843151993,
      0.01640370689813739,
      0.015281099436886058,
      0.022342157460728804,
      0.022861268556228463
    ],
    "final_f1_mean": 0.2510444626650852,
    "final_f1_std": 0.0354325705200897,
    "best_f1_mean": 0.2510444626650852,
    "best_f1_std": 0.0354325705200897,
    "n_seeds": 5,
    "seeds": [
      42,
      123,
      456,
      789,
      1024
    ],
    "avg_train_time_per_round": 1.0658661603927613,
    "total_train_time": 53.29330801963806,
    "peak_gpu_memory_mb": 196.5458984375,
    "avg_query_time": 12.637182941436768,
    "total_query_time": 631.8591470718384,
    "n_human_labeled_mean": [
      100.0,
      200.0,
      300.0,
      400.0,
      500.0,
      600.0,
      700.0,
      800.0,
      900.0,
      1000.0
    ],
    "total_pseudo_labeled": 0
  },
  "entropy": {
    "f1_mean": [
      0.06814705729749314,
      0.07368395625311394,
      0.08826381387526394,
      0.09202982218831504,
      0.10688586993971216,
      0.15544624756017605,
      0.18361901685138998,
      0.2133834827581408,
      0.23294925915861717,
      0.25847561895705323
    ],
    "f1_std": [
      0.013324944362086009,
      0.027461311914236602,
      0.018999096876503745,
      0.03146854440309294,
      0.025028981538207568,
      0.013603351437781566,
      0.01102094479582408,
      0.016445049110235685,
      0.023855452547254324,
      0.010914705616524911
    ],
    "acc_mean": [
      0.17297999999999997,
      0.16,
      0.17858000000000002,
      0.17622,
      0.19732,
      0.24017999999999998,
      0.26204,
      0.29316,
      0.3079,
      0.32646
    ],
    "acc_std": [
      0.011963009654764973,
      0.03409205185963438,
      0.025237384967543686,
      0.038012229611008086,
      0.022224437000743124,
      0.008776195075315948,
      0.006029461004103104,
      0.00768676785131436,
      0.014182242417897102,
      0.007341008105158307
    ],
    "final_f1_mean": 0.25847561895705323,
    "final_f1_std": 0.010914705616524911,
    "best_f1_mean": 0.25847561895705323,
    "best_f1_std": 0.010914705616524911,
    "n_seeds": 5,
    "seeds": [
      42,
      123,
      456,
      789,
      1024
    ],
    "avg_train_time_per_round": 1.107633810043335,
    "total_train_time": 55.38169050216675,
    "peak_gpu_memory_mb": 178.4296875,
    "avg_query_time": 0.0007362556457519531,
    "total_query_time": 0.036812782287597656,
    "n_human_labeled_mean": [
      100.0,
      200.0,
      300.0,
      400.0,
      500.0,
      600.0,
      700.0,
      800.0,
      900.0,
      1000.0
    ],
    "total_pseudo_labeled": 0
  },
  "margin": {
    "f1_mean": [
      0.06814705729749314,
      0.06843588557198635,
      0.08585183792683346,
      0.10718468562944325,
      0.1498358645543282,
      0.171489906608688,
      0.19675432950267663,
      0.21127521181796965,
      0.25259538597088776,
      0.26801616174528886
    ],
    "f1_std": [
      0.013324944362086009,
      0.01691347887828565,
      0.010051541445481182,
      0.011454887563961279,
      0.011894655630734871,
      0.007112597219186468,
      0.021198753872818346,
      0.020881430048663455,
      0.008929660234583588,
      0.015806056788104348
    ],
    "acc_mean": [
      0.17297999999999997,
      0.15354,
      0.16673999999999997,
      0.1799,
      0.22604000000000002,
      0.25472,
      0.27162,
      0.28478000000000003,
      0.32338,
      0.33574000000000004
    ],
    "acc_std": [
      0.011963009654764973,
      0.017643650415942843,
      0.009837804633148595,
      0.016332176829804413,
      0.010682434179530435,
      0.0056012141540919495,
      0.017909595193638522,
      0.014743595219619932,
      0.004391081871247684,
      0.012949378363458228
    ],
    "final_f1_mean": 0.26801616174528886,
    "final_f1_std": 0.015806056788104348,
    "best_f1_mean": 0.26974110694388964,
    "best_f1_std": 0.014538512186047244,
    "n_seeds": 5,
    "seeds": [
      42,
      123,
      456,
      789,
      1024
    ],
    "avg_train_time_per_round": 1.035623345375061,
    "total_train_time": 51.78116726875305,
    "peak_gpu_memory_mb": 205.0458984375,
    "avg_query_time": 0.0006789064407348633,
    "total_query_time": 0.033945322036743164,
    "n_human_labeled_mean": [
      100.0,
      200.0,
      300.0,
      400.0,
      500.0,
      600.0,
      700.0,
      800.0,
      900.0,
      1000.0
    ],
    "total_pseudo_labeled": 0
  },
  "qbc": {
    "f1_mean": [
      0.06814705729749314,
      0.06909832646183106,
      0.08133358752334922,
      0.09870456141222048,
      0.10640616268363064,
      0.14551289219740343,
      0.1737460380558401,
      0.21976657104779268,
      0.2450044083291881,
      0.2554160102560351
    ],
    "f1_std": [
      0.013324944362086009,
      0.012994231407222254,
      0.007664766674017989,
      0.02201477410261909,
      0.02503147492879627,
      0.027314524521080342,
      0.024533759631301746,
      0.02207365631886264,
      0.005553636742208716,
      0.014448470282127543
    ],