{
  "class_aware_entropy": {
    "f1_mean": [
      0.049727543904181847,
      0.07951191980759827,
      0.10395895451107032,
      0.12936428837704098,
      0.16593188030883912,
      0.2193140111703605,
      0.25342123436365027,
      0.2555477719209177,
      0.27881162267526477,
      0.2941330918768386
    ],
    "f1_std": [
      0.0,
      0.0,
      0.0,
      0.0,
      0.0,
      0.0,
      0.0,
      0.0,
      0.0,
      0.0
    ],
    "acc_mean": [
      0.1299,
      0.1837,
      0.2001,
      0.2178,
      0.2293,
      0.2844,
      0.3118,
      0.3234,
      0.347,
      0.3494
    ],
    "acc_std": [
      0.0,
      0.0,
      0.0,
      0.0,
      0.0,
      0.0,
      0.0,
      0.0,
      0.0,
      0.0
    ],
    "final_f1_mean": 0.2941330918768386,
    "final_f1_std": 0.0,
    "best_f1_mean": 0.2941330918768386,
    "best_f1_std": 0.0,
    "n_seeds": 1,
    "seeds": [
      456
    ],
    "avg_train_time_per_round": 3.1515878200531007,
    "total_train_time": 31.515878200531006,
    "peak_gpu_memory_mb": 228.80078125,
    "avg_query_time": 0.10025629997253419,
    "total_query_time": 1.0025629997253418,
    "n_human_labeled_mean": [
      100.0,
      200.0,
      300.0,
      400.0,
      500.0,
      600.0,
      700.0,
      800.0,
      900.0,
      1000.0
    ],
    "total_pseudo_labeled": 525
  },
  "full_supervision": {
    "accuracy": 0.578,
    "f1": 0.5441378065830934,
    "train_time": 93.42206954956055,
    "gpu_memory_mb": 134.19287109375,
    "epochs": 50
  }
}