{
  "adaptive_gap_entropy": {
    "f1_mean": [
      0.07118832751493621,
      0.10302847452585903,
      0.15753925330471658,
      0.13776881144235664,
      0.16667902992270256,
      0.16740304747619064,
      0.21739256991259998,
      0.222231578433697,
      0.2181743957040359,
      0.23968876126102784
    ],
    "f1_std": [
      0.0,
      0.0,
      0.0,
      0.0,
      0.0,
      0.0,
      0.0,
      0.0,
      0.0,
      0.0
    ],
    "acc_mean": [
      0.1661,
      0.203,
      0.2376,
      0.2171,
      0.2428,
      0.2557,
      0.2956,
      0.2947,
      0.3048,
      0.3152
    ],
    "acc_std": [
      0.0,
      0.0,
      0.0,
      0.0,
      0.0,
      0.0,
      0.0,
      0.0,
      0.0,
      0.0
    ],
    "final_f1_mean": 0.23968876126102784,
    "final_f1_std": 0.0,
    "best_f1_mean": 0.23968876126102784,
    "best_f1_std": 0.0,
    "n_seeds": 1,
    "seeds": [
      456
    ],
    "avg_train_time_per_round": 0.6629059314727783,
    "total_train_time": 6.629059314727783,
    "peak_gpu_memory_mb": 131.31787109375,
    "avg_query_time": 0.06161344051361084,
    "total_query_time": 0.6161344051361084,
    "n_human_labeled_mean": [
      100.0,
      200.0,
      300.0,
      400.0,
      500.0,
      600.0,
      700.0,
      800.0,
      900.0,
      1000.0
    ],
    "total_pseudo_labeled": 0
  },
  "class_aware_entropy": {
    "f1_mean": [
      0.07118832751493621,
      0.10417292526404612,
      0.15496848452791748,
      0.11285261627059173,
      0.13959925159414663,
      0.18845710778501296,
      0.20956726606060466,
      0.21068802119865504,
      0.23102705480829985,
      0.23111350615131446
    ],
    "f1_std": [
      0.0,
      0.0,
      0.0,
      0.0,
      0.0,
      0.0,
      0.0,
      0.0,
      0.0,
      0.0
    ],
    "acc_mean": [
      0.1661,
      0.206,
      0.2301,
      0.1861,
      0.2179,
      0.2754,
      0.2837,
      0.2885,
      0.3044,
      0.3056
    ],
    "acc_std": [
      0.0,
      0.0,
      0.0,
      0.0,
      0.0,
      0.0,
      0.0,
      0.0,
      0.0,
      0.0
    ],
    "final_f1_mean": 0.23111350615131446,
    "final_f1_std": 0.0,
    "best_f1_mean": 0.23111350615131446,
    "best_f1_std": 0.0,
    "n_seeds": 1,
    "seeds": [
      456
    ],
    "avg_train_time_per_round": 0.8895236253738403,
    "total_train_time": 8.895236253738403,
    "peak_gpu_memory_mb": 131.31787109375,
    "avg_query_time": 0.08044717311859131,
    "total_query_time": 0.8044717311859131,
    "n_human_labeled_mean": [
      100.0,
      200.0,
      300.0,
      400.0,
      500.0,
      600.0,
      700.0,
      800.0,
      900.0,
      1000.0
    ],
    "total_pseudo_labeled": 0
  },
  "gap_aware_entropy": {
    "f1_mean": [
      0.07118832751493621,
      0.1041849930685983,
      0.15915136501970634,
      0.12586285518408427,
      0.12397051391051221,
      0.19038786347790976,
      0.20557026573811665,
      0.21977461353374772,
      0.2311395521324239,
      0.255121543509649
    ],
    "f1_std": [
      0.0,
      0.0,
      0.0,
      0.0,
      0.0,
      0.0,
      0.0,
      0.0,
      0.0,
      0.0
    ],
    "acc_mean": [
      0.1661,
      0.2047,
      0.2369,
      0.2279,
      0.2169,
      0.2763,
      0.28,
      0.3016,
      0.3047,
      0.3263
    ],
    "acc_std": [
      0.0,
      0.0,
      0.0,
      0.0,
      0.0,
      0.0,
      0.0,
      0.0,
      0.0,
      0.0
    ],
    "final_f1_mean": 0.255121543509649,
    "final_f1_std": 0.0,
    "best_f1_mean": 0.255121543509649,
    "best_f1_std": 0.0,
    "n_seeds": 1,
    "seeds": [
      456
    ],
    "avg_train_time_per_round": 0.842884111404419,
    "total_train_time": 8.42884111404419,
    "peak_gpu_memory_mb": 131.31787109375,
    "avg_query_time": 0.12697649002075195,
    "total_query_time": 1.2697649002075195,
    "n_human_labeled_mean": [
      100.0,
      200.0,
      300.0,
      400.0,
      500.0,
      600.0,
      700.0,
      800.0,
      900.0,
      1000.0
    ],
    "total_pseudo_labeled": 0
  },
  "full_supervision": {
    "accuracy": 0.6192,
    "f1": 0.5814762394932611,
    "train_time": 232.67123818397522,
    "gpu_memory_mb": 133.69287109375,
    "epochs": 50
  }
}