{
  "badge": {
    "f1_mean": [
      0.07478487835695581,
      0.12195720655576513,
      0.1316479689071839,
      0.1842379310749441,
      0.19729506420716847,
      0.2254052754188606,
      0.23943688133544713,
      0.28104692209456755,
      0.3118060559467757,
      0.3318215761505047
    ],
    "f1_std": [
      0.014535166322107558,
      0.016247765377594356,
      0.017278956716420817,
      0.014248216237240034,
      0.004768752852518369,
      0.010769044386010188,
      0.02426691343478394,
      0.010804226919347109,
      0.008172075567096048,
      0.02073577513355722
    ],
    "acc_mean": [
      0.1543,
      0.20463333333333333,
      0.2059,
      0.25653333333333334,
      0.2677,
      0.2920666666666667,
      0.30256666666666665,
      0.33590000000000003,
      0.3625333333333334,
      0.3749
    ],
    "acc_std": [
      0.011484192033689899,
      0.011858705194450574,
      0.0088975652100261,
      0.010014766874748275,
      0.006468899958004199,
      0.007810391937810948,
      0.013094612972092336,
      0.007105397009785371,
      0.00420502345085284,
      0.01951887974927524
    ],
    "final_f1_mean": 0.3318215761505047,
    "final_f1_std": 0.02073577513355722,
    "best_f1_mean": 0.3318215761505047,
    "best_f1_std": 0.02073577513355722,
    "n_seeds": 3,
    "seeds": [
      42,
      123,
      456
    ],
    "avg_train_time_per_round": 5.953822596867879,
    "total_train_time": 178.61467790603638,
    "peak_gpu_memory_mb": 295.0302734375,
    "avg_query_time": 23.580841199556986,
    "total_query_time": 707.4252359867096,
    "n_human_labeled_mean": [
      100.0,
      200.0,
      300.0,
      400.0,
      500.0,
      600.0,
      700.0,
      800.0,
      900.0,
      1000.0
    ],
    "total_pseudo_labeled": 3210
  },
  "coreset": {
    "f1_mean": [
      0.07478487835695581,
      0.1247768290397064,
      0.13718157989149565,
      0.17404984551835714,
      0.19173190622889844,
      0.19663845021514836,
      0.24261631625738558,
      0.2897310523340102,
      0.29967194557507854,
      0.33131295075568246
    ],
    "f1_std": [
      0.014535166322107558,
      0.021489907062320308,
      0.022853559082588588,
      0.009840274264123778,
      0.017792890738899742,
      0.005417872094898296,
      0.014635032103154939,
      0.015445613202175076,
      0.014628871940036252,
      0.022210077306388472
    ],
    "acc_mean": [
      0.1543,
      0.20896666666666666,
      0.21433333333333335,
      0.2506,
      0.2662333333333333,
      0.27216666666666667,
      0.31006666666666666,
      0.3378333333333334,
      0.35319999999999996,
      0.38053333333333333
    ],
    "acc_std": [
      0.011484192033689899,
      0.02033999890746201,
      0.030867494589328463,
      0.008141662401909493,
      0.011542770705318358,
      0.0072582520087292445,
      0.012806335237772845,
      0.01352191636648529,
      0.012023310692151307,
      0.017846070217900138
    ],
    "final_f1_mean": 0.33131295075568246,
    "final_f1_std": 0.022210077306388472,
    "best_f1_mean": 0.33131295075568246,
    "best_f1_std": 0.022210077306388472,
    "n_seeds": 3,
    "seeds": [
      42,
      123,
      456
    ],
    "avg_train_time_per_round": 6.018602665265401,
    "total_train_time": 180.55807995796204,
    "peak_gpu_memory_mb": 295.0302734375,
    "avg_query_time": 13.16630208492279,
    "total_query_time": 394.9890625476837,
    "n_human_labeled_mean": [
      100.0,
      200.0,
      300.0,
      400.0,
      500.0,
      600.0,
      700.0,
      800.0,
      900.0,
      1000.0
    ],
    "total_pseudo_labeled": 3325
  },
  "entropy": {
    "f1_mean": [
      0.07478487835695581,
      0.12993244096818787,
      0.17090379337593645,
      0.18938229816793187,
      0.1832178783789097,
      0.23049653958993935,
      0.24481831198728798,
      0.28797962625622575,
      0.3146134929632843,
      0.3368418509998797
    ],
    "f1_std": [
      0.014535166322107558,
      0.0029899054369832,
      0.01511655889512386,
      0.02389499224624506,
      0.014388755584349886,
      0.007554222153219587,
      0.017368366165191867,
      0.03419697741214894,
      0.012864262355680547,
      0.03438357372731615
    ],
    "acc_mean": [
      0.1543,
      0.21423333333333336,
      0.24250000000000002,
      0.26176666666666665,
      0.2583666666666667,
      0.3064,
      0.3156666666666667,
      0.3474,
      0.3636333333333333,
      0.38223333333333337
    ],
    "acc_std": [
      0.011484192033689899,
      0.009988104035412443,
      0.010567875850898311,
      0.017469465424626542,
      0.0076613024712222045,
      0.003510935297989213,
      0.012055519713208354,
      0.01820604295282201,
      0.005471339466305812,
      0.020152143530872572
    ],
    "final_f1_mean": 0.3368418509998797,
    "final_f1_std": 0.03438357372731615,
    "best_f1_mean": 0.3368418509998797,
    "best_f1_std": 0.03438357372731615,
    "n_seeds": 3,
    "seeds": [
      42,
      123,
      456
    ],
    "avg_train_time_per_round": 5.610857836405436,
    "total_train_time": 168.3257350921631,
    "peak_gpu_memory_mb": 249.9228515625,
    "avg_query_time": 0.00046029885609944664,
    "total_query_time": 0.013808965682983398,
    "n_human_labeled_mean": [
      100.0,
      200.0,
      300.0,
      400.0,
      500.0,
      600.0,
      700.0,
      800.0,
      900.0,
      1000.0
    ],
    "total_pseudo_labeled": 3180
  },
  "margin": {
    "f1_mean": [
      0.07478487835695581,
      0.14142055994851127,
      0.14257913250515644,
      0.19014524231662513,
      0.2086312044305582,
      0.23201504815214466,
      0.2709780025132396,
      0.2923920088526879,
      0.3149789530014819,
      0.33604259297830863
    ],
    "f1_std": [
      0.014535166322107558,
      0.01823360830562116,
      0.010616819434523833,
      0.02240020882133758,
      0.0018413896758599183,
      0.011204577816533572,
      0.012219951304187236,
      0.026520461155463557,
      0.015530539084300904,
      0.023594235908387582
    ],
    "acc_mean": [
      0.1543,
      0.22196666666666665,
      0.2138,
      0.2549666666666666,
      0.28350000000000003,
      0.3045333333333333,
      0.33303333333333335,
      0.35263333333333335,
      0.36800000000000005,
      0.3892333333333333
    ],
    "acc_std": [
      0.011484192033689899,
      0.012385295941379664,
      0.00813183046224321,
      0.020595199009046307,
      0.010339568011607951,
      0.004120140234938072,
      0.007087234219982369,
      0.011983970775813644,
      0.011555085460523432,
      0.015138545357977947
    ],
    "final_f1_mean": 0.33604259297830863,
    "final_f1_std": 0.023594235908387582,
    "best_f1_mean": 0.33604259297830863,
    "best_f1_std": 0.023594235908387582,
    "n_seeds": 3,
    "seeds": [
      42,
      123,
      456
    ],
    "avg_train_time_per_round": 6.061829853057861,
    "total_train_time": 181.85489559173584,
    "peak_gpu_memory_mb": 289.78466796875,
    "avg_query_time": 0.0006872018178304037,
    "total_query_time": 0.02061605453491211,
    "n_human_labeled_mean": [
      100.0,
      200.0,
      300.0,
      400.0,
      500.0,
      600.0,
      700.0,
      800.0,
      900.0,
      1000.0
    ],
    "total_pseudo_labeled": 3573
  },
  "qbc": {
    "f1_mean": [
      0.07478487835695581,
      0.10328532084488029,
      0.12447392991734867,
      0.12003600337938182,
      0.16988369167670347,
      0.18879404050649162,
      0.22353626056684175,
      0.2526459407847012,
      0.2971877227919124,
      0.3198989217254649
    ],
    "f1_std": [
      0.014535166322107558,
      0.0099192159868378,
      0.007116560506873322,
      0.023016691056712342,
      0.030627631281533795,
      0.030351004777360205,
      0.026677048692382667,
      0.020681999816560596,
      0.011684689278471385,
      0.004441049691567237
    ],