{
  "entropy": {
    "f1_mean": [
      0.11790163326131034,
      0.15355084621459608,
      0.14968730235255417,
      0.19386690276856197,
      0.19372424152786177,
      0.24742419172016689,
      0.26038139871467175,
      0.2878601753403226,
      0.3150682201559679,
      0.3284803619033217
    ],
    "f1_std": [
      0.0,
      0.0,
      0.0,
      0.0,
      0.0,
      0.0,
      0.0,
      0.0,
      0.0,
      0.0
    ],
    "acc_mean": [
      0.1926,
      0.2328,
      0.2104,
      0.2587,
      0.2388,
      0.2944,
      0.3104,
      0.3305,
      0.36,
      0.3716
    ],
    "acc_std": [
      0.0,
      0.0,
      0.0,
      0.0,
      0.0,
      0.0,
      0.0,
      0.0,
      0.0,
      0.0
    ],
    "final_f1_mean": 0.3284803619033217,
    "final_f1_std": 0.0,
    "best_f1_mean": 0.3284803619033217,
    "best_f1_std": 0.0,
    "n_seeds": 1,
    "seeds": [
      456
    ],
    "avg_train_time_per_round": 1.4708906650543212,
    "total_train_time": 14.708906650543213,
    "peak_gpu_memory_mb": 139.31787109375,
    "avg_query_time": 0.0006872177124023438,
    "total_query_time": 0.0068721771240234375,
    "n_human_labeled_mean": [
      100.0,
      200.0,
      300.0,
      400.0,
      500.0,
      600.0,
      700.0,
      800.0,
      900.0,
      1000.0
    ],
    "total_pseudo_labeled": 0
  },
  "full_supervision": {
    "accuracy": 0.7654,
    "f1": 0.7592113243153591,
    "train_time": 608.5798587799072,
    "gpu_memory_mb": 145.5634765625,
    "epochs": 50
  }
}