{
  "adaptive_gap_entropy": {
    "f1_mean": [
      0.06937240661214626,
      0.08311475589069213,
      0.11549640475482459,
      0.12695484456484593,
      0.14297137306640684,
      0.1519635451954955,
      0.21972370241298242,
      0.22539508739029537,
      0.24154766437925557,
      0.26727014168850083
    ],
    "f1_std": [
      0.013752465332425079,
      0.01845997985513256,
      0.02302806052288075,
      0.03900889145457477,
      0.04044864577006477,
      0.02984229931643751,
      0.007671102553894735,
      0.009006684324598134,
      0.012726463205877767,
      0.012799657034463478
    ],
    "acc_mean": [
      0.1602,
      0.1808,
      0.20996666666666666,
      0.21416666666666664,
      0.23463333333333333,
      0.24116666666666667,
      0.2964,
      0.30463333333333337,
      0.31936666666666663,
      0.3409333333333333
    ],
    "acc_std": [
      0.02160185177247543,
      0.015005554527129837,
      0.020651123187102657,
      0.028202166977418997,
      0.035110903656208496,
      0.026159298325621992,
      0.008688306317497485,
      0.011625928875673645,
      0.008342794629033035,
      0.01063463941821985
    ],
    "final_f1_mean": 0.26727014168850083,
    "final_f1_std": 0.012799657034463478,
    "best_f1_mean": 0.26727014168850083,
    "best_f1_std": 0.012799657034463478,
    "n_seeds": 3,
    "seeds": [
      42,
      123,
      456
    ],
    "avg_train_time_per_round": 2.822563322385152,
    "total_train_time": 84.67689967155457,
    "peak_gpu_memory_mb": 228.673828125,
    "avg_query_time": 0.06424504121144613,
    "total_query_time": 1.9273512363433838,
    "n_human_labeled_mean": [
      100.0,
      200.0,
      300.0,
      400.0,
      500.0,
      600.0,
      700.0,
      800.0,
      900.0,
      1000.0
    ],
    "total_pseudo_labeled": 1726
  },
  "class_aware_entropy": {
    "f1_mean": [
      0.06937240661214626,
      0.09096155142166745,
      0.09747904254892198,
      0.13875827006233724,
      0.14411043245961339,
      0.16143816756333282,
      0.20905777723376506,
      0.22497445051553724,
      0.2420940639062403,
      0.24403073274000106
    ],
    "f1_std": [
      0.013752465332425079,
      0.023160875307476195,
      0.02099341874677792,
      0.00628971130005017,
      0.021712816383150663,
      0.030617247920068362,
      0.014126059239908081,
      0.017529897633599578,
      0.013403559292226046,
      0.005885820972237944
    ],
    "acc_mean": [
      0.1602,
      0.19173333333333334,
      0.20036666666666667,
      0.2251,
      0.22763333333333333,
      0.25203333333333333,
      0.2894333333333334,
      0.2978,
      0.3174666666666667,
      0.32666666666666666
    ],
    "acc_std": [
      0.02160185177247543,
      0.017277023920674397,
      0.01999705533877982,
      0.005880476171195657,
      0.02160961720057889,
      0.02164506615579839,
      0.015564132556047638,
      0.01572831840979829,
      0.005289192334899117,
      0.007896975511056257
    ],
    "final_f1_mean": 0.24403073274000106,
    "final_f1_std": 0.005885820972237944,
    "best_f1_mean": 0.25012101362197775,
    "best_f1_std": 0.009457948663032614,
    "n_seeds": 3,
    "seeds": [
      42,
      123,
      456
    ],
    "avg_train_time_per_round": 2.8791890223821004,
    "total_train_time": 86.37567067146301,
    "peak_gpu_memory_mb": 228.80078125,
    "avg_query_time": 0.06417121092478434,
    "total_query_time": 1.9251363277435303,
    "n_human_labeled_mean": [
      100.0,
      200.0,
      300.0,
      400.0,
      500.0,
      600.0,
      700.0,
      800.0,
      900.0,
      1000.0
    ],
    "total_pseudo_labeled": 1869
  },
  "gap_aware_entropy": {
    "f1_mean": [
      0.06937240661214626,
      0.08443380671012564,
      0.1054545885782719,
      0.09958690114138986,
      0.1331309144529062,
      0.1506679155762173,
      0.17954860631131406,
      0.20861934928973658,
      0.23461567285906634,
      0.23345757763078243
    ],
    "f1_std": [
      0.013752465332425079,
      0.019280586083046183,
      0.02140679681694999,
      0.033784681059119095,
      0.042274220275601654,
      0.032327972644925276,
      0.026008707032941662,
      0.015429235030187219,
      0.03238391903930659,
      0.003928436374269398
    ],
    "acc_mean": [
      0.1602,
      0.18256666666666668,
      0.20199999999999999,
      0.18866666666666665,
      0.21903333333333333,
      0.2343666666666667,
      0.2604666666666667,
      0.2913666666666666,
      0.3141666666666667,
      0.3143
    ],
    "acc_std": [
      0.02160185177247543,
      0.014971602749501765,
      0.015428761021762789,
      0.03373715393383911,
      0.028444253471581134,
      0.03283761393415924,
      0.018302883804350484,
      0.016620536159288678,
      0.026268400957973986,
      0.002698147512646413
    ],
    "final_f1_mean": 0.23345757763078243,
    "final_f1_std": 0.003928436374269398,
    "best_f1_mean": 0.24711490536143121,
    "best_f1_std": 0.02252635957592076,
    "n_seeds": 3,
    "seeds": [
      42,
      123,
      456
    ],
    "avg_train_time_per_round": 2.822403152783712,
    "total_train_time": 84.67209458351135,
    "peak_gpu_memory_mb": 228.673828125,
    "avg_query_time": 0.06380713780721028,
    "total_query_time": 1.9142141342163086,
    "n_human_labeled_mean": [
      100.0,
      200.0,
      300.0,
      400.0,
      500.0,
      600.0,
      700.0,
      800.0,
      900.0,
      1000.0
    ],
    "total_pseudo_labeled": 2041
  },
  "full_supervision": {
    "accuracy": 0.6012,
    "f1": 0.5577247057769623,
    "train_time": 123.53077507019043,
    "gpu_memory_mb": 134.19287109375,
    "epochs": 50
  }
}