{
  "entropy": {
    "f1_mean": [
      0.0794601650974233,
      0.16009003952272885,
      0.1906421780324915,
      0.23615606416675336,
      0.24831730046992936,
      0.3075302104443046,
      0.33743279562701717,
      0.3753121462390126,
      0.39089984269414885,
      0.4153155073844319
    ],
    "f1_std": [
      0.011867434133445357,
      0.041848577345046885,
      0.012265687079887892,
      0.019710421559927645,
      0.017216144210507028,
      0.014266490539469058,
      0.015184487302109546,
      0.013939838730200329,
      0.03738108748850478,
      0.00933067155996918
    ],
    "acc_mean": [
      0.143,
      0.2179,
      0.2566333333333333,
      0.2863333333333334,
      0.29463333333333336,
      0.3469333333333333,
      0.3716,
      0.4026666666666667,
      0.41183333333333333,
      0.43550000000000005
    ],
    "acc_std": [
      0.010822507411254872,
      0.03317900942865334,
      0.01596252555901547,
      0.012203915582941234,
      0.01518647058696948,
      0.012051371521762798,
      0.006265780079128223,
      0.01524583731893908,
      0.02772535943059269,
      0.006341923998283166
    ],
    "final_f1_mean": 0.4153155073844319,
    "final_f1_std": 0.00933067155996918,
    "best_f1_mean": 0.418116938670466,
    "best_f1_std": 0.01326991961135181,
    "n_seeds": 3,
    "seeds": [
      42,
      123,
      456
    ],
    "avg_train_time_per_round": 2.9402246554692586,
    "total_train_time": 88.20673966407776,
    "peak_gpu_memory_mb": 249.54833984375,
    "avg_query_time": 0.00023125807444254558,
    "total_query_time": 0.006937742233276367,
    "n_human_labeled_mean": [
      100.0,
      200.0,
      300.0,
      400.0,
      500.0,
      600.0,
      700.0,
      800.0,
      900.0,
      1000.0
    ],
    "total_pseudo_labeled": 389
  },
  "full_supervision": {
    "accuracy": 0.7857,
    "f1": 0.7836371204134284,
    "train_time": 270.50906682014465,
    "gpu_memory_mb": 146.8134765625,
    "epochs": 50
  }
}