{
  "badge": {
    "f1_mean": [
      0.0019570058872611026,
      0.005961934386086011,
      0.013837350236693918,
      0.018180648878814685,
      0.019886976959109185,
      0.028937093701741218,
      0.03683215145829684,
      0.04287711905210714,
      0.04926746721846806,
      0.055611070452533384
    ],
    "f1_std": [
      0.0,
      0.0,
      0.0,
      0.0,
      0.0,
      0.0,
      0.0,
      0.0,
      0.0,
      0.0
    ],
    "acc_mean": [
      0.0204,
      0.0306,
      0.0495,
      0.0528,
      0.0572,
      0.0691,
      0.0816,
      0.0882,
      0.0962,
      0.1035
    ],
    "acc_std": [
      0.0,
      0.0,
      0.0,
      0.0,
      0.0,
      0.0,
      0.0,
      0.0,
      0.0,
      0.0
    ],
    "final_f1_mean": 0.055611070452533384,
    "final_f1_std": 0.0,
    "best_f1_mean": 0.055611070452533384,
    "best_f1_std": 0.0,
    "n_seeds": 1,
    "seeds": [
      42
    ],
    "avg_train_time_per_round": 2.441793131828308,
    "total_train_time": 24.41793131828308,
    "peak_gpu_memory_mb": 229.876953125,
    "avg_query_time": 129.04508438110352,
    "total_query_time": 1290.4508438110352,
    "n_human_labeled_mean": [
      100.0,
      200.0,
      300.0,
      400.0,
      500.0,
      600.0,
      700.0,
      800.0,
      900.0,
      1000.0
    ],
    "total_pseudo_labeled": 65
  },
  "coreset": {
    "f1_mean": [
      0.0019570058872611026,
      0.008357518351351963,
      0.013781938829560358,
      0.016730261826515647,
      0.020364690702268692,
      0.024903540113664538,
      0.02846877434013268,
      0.03613855583513393,
      0.043580777947066274,
      0.04915750274701048
    ],
    "f1_std": [
      0.0,
      0.0,
      0.0,
      0.0,
      0.0,
      0.0,
      0.0,
      0.0,
      0.0,
      0.0
    ],
    "acc_mean": [
      0.0204,
      0.036,
      0.0456,
      0.0504,
      0.055,
      0.0609,
      0.0702,
      0.0766,
      0.0822,
      0.0899
    ],
    "acc_std": [
      0.0,
      0.0,
      0.0,
      0.0,
      0.0,
      0.0,
      0.0,
      0.0,
      0.0,
      0.0
    ],
    "final_f1_mean": 0.04915750274701048,
    "final_f1_std": 0.0,
    "best_f1_mean": 0.04915750274701048,
    "best_f1_std": 0.0,
    "n_seeds": 1,
    "seeds": [
      42
    ],
    "avg_train_time_per_round": 2.4695938348770143,
    "total_train_time": 24.69593834877014,
    "peak_gpu_memory_mb": 259.2216796875,
    "avg_query_time": 7.271952962875366,
    "total_query_time": 72.71952962875366,
    "n_human_labeled_mean": [
      100.0,
      200.0,
      300.0,
      400.0,
      500.0,
      600.0,
      700.0,
      800.0,
      900.0,
      1000.0
    ],
    "total_pseudo_labeled": 30
  },
  "entropy": {
    "f1_mean": [
      0.0019570058872611026,
      0.009859701450634336,
      0.013235740362603398,
      0.01236887792715464,
      0.019358170324353236,
      0.026641346489622148,
      0.03112797101265056,
      0.04030467537966134,
      0.04894191209261587,
      0.048626265403254695
    ],
    "f1_std": [
      0.0,
      0.0,
      0.0,
      0.0,
      0.0,
      0.0,
      0.0,
      0.0,
      0.0,
      0.0
    ],
    "acc_mean": [
      0.0204,
      0.0371,
      0.0497,
      0.0515,
      0.0568,
      0.0694,
      0.0755,
      0.0838,
      0.0878,
      0.0923
    ],
    "acc_std": [
      0.0,
      0.0,
      0.0,
      0.0,
      0.0,
      0.0,
      0.0,
      0.0,
      0.0,
      0.0
    ],
    "final_f1_mean": 0.048626265403254695,
    "final_f1_std": 0.0,
    "best_f1_mean": 0.04894191209261587,
    "best_f1_std": 0.0,
    "n_seeds": 1,
    "seeds": [
      42
    ],
    "avg_train_time_per_round": 2.390439248085022,
    "total_train_time": 23.90439248085022,
    "peak_gpu_memory_mb": 238.001953125,
    "avg_query_time": 0.0017424821853637695,
    "total_query_time": 0.017424821853637695,
    "n_human_labeled_mean": [
      100.0,
      200.0,
      300.0,
      400.0,
      500.0,
      600.0,
      700.0,
      800.0,
      900.0,
      1000.0
    ],
    "total_pseudo_labeled": 52
  },
  "margin": {
    "f1_mean": [
      0.0019570058872611026,
      0.007744526765959297,
      0.010428707394577536,
      0.015577038556507779,
      0.014558587796648568,
      0.027818934367792078,
      0.031285414305856775,
      0.046345774731567445,
      0.05219519626039685,
      0.059422227776179934
    ],
    "f1_std": [
      0.0,
      0.0,
      0.0,
      0.0,
      0.0,
      0.0,
      0.0,
      0.0,
      0.0,
      0.0
    ],
    "acc_mean": [
      0.0204,
      0.032,
      0.048,
      0.0497,
      0.0482,
      0.0634,
      0.0703,
      0.0868,
      0.096,
      0.106
    ],
    "acc_std": [
      0.0,
      0.0,
      0.0,
      0.0,
      0.0,
      0.0,
      0.0,
      0.0,
      0.0,
      0.0
    ],
    "final_f1_mean": 0.059422227776179934,
    "final_f1_std": 0.0,
    "best_f1_mean": 0.059422227776179934,
    "best_f1_std": 0.0,
    "n_seeds": 1,
    "seeds": [
      42
    ],
    "avg_train_time_per_round": 2.34474663734436,
    "total_train_time": 23.447466373443604,
    "peak_gpu_memory_mb": 250.80029296875,
    "avg_query_time": 0.006017947196960449,
    "total_query_time": 0.06017947196960449,
    "n_human_labeled_mean": [
      100.0,
      200.0,
      300.0,
      400.0,
      500.0,
      600.0,
      700.0,
      800.0,
      900.0,
      1000.0
    ],
    "total_pseudo_labeled": 53
  },
  "qbc": {
    "f1_mean": [
      0.0019570058872611026,
      0.0084404579397086,
      0.011073553837110674,
      0.01852396644649396,
      0.022442579954997998,
      0.030981313658477058,
      0.03434311920081592,
      0.04431574736650426,
      0.0483986810229978,
      0.05342481618716839
    ],
    "f1_std": [
      0.0,
      0.0,
      0.0,
      0.0,
      0.0,
      0.0,
      0.0,
      0.0,
      0.0,
      0.0
    ],
    "acc_mean": [
      0.0204,
      0.0393,
      0.0478,
      0.0542,
      0.0605,
      0.0749,
      0.0788,
      0.0866,
      0.0945,
      0.0996
    ],
    "acc_std": [
      0.0,
      0.0,
      0.0,
      0.0,
      0.0,
      0.0,
      0.0,
      0.0,
      0.0,
      0.0
    ],
    "final_f1_mean": 0.05342481618716839,
    "final_f1_std": 0.0,
    "best_f1_mean": 0.05342481618716839,
    "best_f1_std": 0.0,
    "n_seeds": 1,
    "seeds": [
      42
    ],
    "avg_train_time_per_round": 2.5018808841705322,
    "total_train_time": 25.018808841705322,
    "peak_gpu_memory_mb": 245.4755859375,
    "avg_query_time": 1.7102927446365357,
    "total_query_time": 17.102927446365356,
    "n_human_labeled_mean": [
      100.0,
      200.0,
      300.0,
      400.0,
      500.0,
      600.0,
      700.0,
      800.0,
      900.0,
      1000.0
    ],
    "total_pseudo_labeled": 77
  },
  "random": {
    "f1_mean": [
      0.0019570058872611026,
      0.01175972353134423,
      0.01206906355719334,
      0.021347202571389577,
      0.01797948413149442,
      0.030859772058193454,
      0.03301450169835224,
      0.04451532110328188,
      0.048234464644699715,
      0.05692247064996526
    ],
    "f1_std": [
      0.0,
      0.0,
      0.0,
      0.0,
      0.0,
      0.0,
      0.0,
      0.0,
      0.0,
      0.0
    ],
    "acc_mean": [
      0.0204,
      0.0358,
      0.0449,
      0.0579,
      0.0577,
      0.0718,
      0.0758,
      0.0909,
      0.097,
      0.1067
    ],
    "acc_std": [
      0.0,
      0.0,
      0.0,
      0.0,
      0.0,
      0.0,
      0.0,
      0.0,
      0.0,
      0.0
    ],
    "final_f1_mean": 0.05692247064996526,
    "final_f1_std": 0.0,
    "best_f1_mean": 0.05692247064996526,
    "best_f1_std": 0.0,
    "n_seeds": 1,
    "seeds": [
      42
    ],
    "avg_train_time_per_round": 2.580648422241211,
    "total_train_time": 25.80648422241211,
    "peak_gpu_memory_mb": 229.50390625,
    "avg_query_time": 0.00011048316955566406,
    "total_query_time": 0.0011048316955566406,