{
  "class_aware_entropy": {
    "f1_mean": [
      0.07180495693983355,
      0.16892489200511385,
      0.19569936494978338,
      0.1941750459734383,
      0.22171543342743116,
      0.2774801431182793,
      0.2889150201237708,
      0.34644042899050936,
      0.3472106632092384,
      0.40486539434021873
    ],
    "f1_std": [
      0.0,
      0.0,
      0.0,
      0.0,
      0.0,
      0.0,
      0.0,
      0.0,
      0.0,
      0.0
    ],
    "acc_mean": [
      0.1321,
      0.2211,
      0.2517,
      0.2619,
      0.2876,
      0.3329,
      0.3381,
      0.3807,
      0.3881,
      0.424
    ],
    "acc_std": [
      0.0,
      0.0,
      0.0,
      0.0,
      0.0,
      0.0,
      0.0,
      0.0,
      0.0,
      0.0
    ],
    "final_f1_mean": 0.40486539434021873,
    "final_f1_std": 0.0,
    "best_f1_mean": 0.40486539434021873,
    "best_f1_std": 0.0,
    "n_seeds": 1,
    "seeds": [
      42
    ],
    "avg_train_time_per_round": 4.374728798866272,
    "total_train_time": 43.74728798866272,
    "peak_gpu_memory_mb": 241.4228515625,
    "avg_query_time": 0.06095097064971924,
    "total_query_time": 0.6095097064971924,
    "n_human_labeled_mean": [
      100.0,
      200.0,
      300.0,
      400.0,
      500.0,
      600.0,
      700.0,
      800.0,
      900.0,
      1000.0
    ],
    "total_pseudo_labeled": 1142
  },
  "entropy": {
    "f1_mean": [
      0.07180495693983355,
      0.13800938731185494,
      0.16213144277676586,
      0.1555618617382952,
      0.2282826990201237,
      0.26620514342000073,
      0.2716643794762684,
      0.3281185028015045,
      0.3214602310413994,
      0.36008404483739487
    ],
    "f1_std": [
      0.0,
      0.0,
      0.0,
      0.0,
      0.0,
      0.0,
      0.0,
      0.0,
      0.0,
      0.0
    ],
    "acc_mean": [
      0.1321,
      0.2267,
      0.2301,
      0.2128,
      0.2766,
      0.3214,
      0.3165,
      0.3636,
      0.3648,
      0.401
    ],
    "acc_std": [
      0.0,
      0.0,
      0.0,
      0.0,
      0.0,
      0.0,
      0.0,
      0.0,
      0.0,
      0.0
    ],
    "final_f1_mean": 0.36008404483739487,
    "final_f1_std": 0.0,
    "best_f1_mean": 0.36008404483739487,
    "best_f1_std": 0.0,
    "n_seeds": 1,
    "seeds": [
      42
    ],
    "avg_train_time_per_round": 4.5276939392089846,
    "total_train_time": 45.276939392089844,
    "peak_gpu_memory_mb": 236.80224609375,
    "avg_query_time": 0.00023124217987060546,
    "total_query_time": 0.0023124217987060547,
    "n_human_labeled_mean": [
      100.0,
      200.0,
      300.0,
      400.0,
      500.0,
      600.0,
      700.0,
      800.0,
      900.0,
      1000.0
    ],
    "total_pseudo_labeled": 982
  },
  "full_supervision": {
    "accuracy": 0.726,
    "f1": 0.7201544567810199,
    "train_time": 137.1608374118805,
    "gpu_memory_mb": 146.5634765625,
    "epochs": 50
  }
}