{
  "adaptive_gap_entropy": {
    "f1_mean": [
      0.049727543904181847,
      0.07258236167120316,
      0.10701918484925135,
      0.15639468982281585,
      0.18353143244845016,
      0.21836244199267618,
      0.24042115290095195,
      0.27653415071572884,
      0.3042791173995541,
      0.29912481398305635
    ],
    "f1_std": [
      0.0,
      0.0,
      0.0,
      0.0,
      0.0,
      0.0,
      0.0,
      0.0,
      0.0,
      0.0
    ],
    "acc_mean": [
      0.1299,
      0.1733,
      0.1944,
      0.2437,
      0.2572,
      0.2909,
      0.3112,
      0.3403,
      0.3681,
      0.3652
    ],
    "acc_std": [
      0.0,
      0.0,
      0.0,
      0.0,
      0.0,
      0.0,
      0.0,
      0.0,
      0.0,
      0.0
    ],
    "final_f1_mean": 0.29912481398305635,
    "final_f1_std": 0.0,
    "best_f1_mean": 0.3042791173995541,
    "best_f1_std": 0.0,
    "n_seeds": 1,
    "seeds": [
      456
    ],
    "avg_train_time_per_round": 6.1084167718887326,
    "total_train_time": 61.08416771888733,
    "peak_gpu_memory_mb": 241.4228515625,
    "avg_query_time": 0.15561311244964598,
    "total_query_time": 1.55613112449646,
    "n_human_labeled_mean": [
      100.0,
      200.0,
      300.0,
      400.0,
      500.0,
      600.0,
      700.0,
      800.0,
      900.0,
      1000.0
    ],
    "total_pseudo_labeled": 1104
  },
  "class_aware_entropy": {
    "f1_mean": [
      0.049727543904181847,
      0.07804547964773312,
      0.11125072291773405,
      0.1523476621930871,
      0.20901201416541876,
      0.2514704007813821,
      0.23894368286599596,
      0.23677719478175768,
      0.2886834194813427,
      0.3112943486671184
    ],
    "f1_std": [
      0.0,
      0.0,
      0.0,
      0.0,
      0.0,
      0.0,
      0.0,
      0.0,
      0.0,
      0.0
    ],
    "acc_mean": [
      0.1299,
      0.1839,
      0.2028,
      0.2322,
      0.2786,
      0.3089,
      0.3098,
      0.3054,
      0.3518,
      0.3655
    ],
    "acc_std": [
      0.0,
      0.0,
      0.0,
      0.0,
      0.0,
      0.0,
      0.0,
      0.0,
      0.0,
      0.0
    ],
    "final_f1_mean": 0.3112943486671184,
    "final_f1_std": 0.0,
    "best_f1_mean": 0.3112943486671184,
    "best_f1_std": 0.0,
    "n_seeds": 1,
    "seeds": [
      456
    ],
    "avg_train_time_per_round": 6.1252779245376585,
    "total_train_time": 61.25277924537659,
    "peak_gpu_memory_mb": 241.4228515625,
    "avg_query_time": 0.15372164249420167,
    "total_query_time": 1.5372164249420166,
    "n_human_labeled_mean": [
      100.0,
      200.0,
      300.0,
      400.0,
      500.0,
      600.0,
      700.0,
      800.0,
      900.0,
      1000.0
    ],
    "total_pseudo_labeled": 1039
  },
  "entropy": {
    "f1_mean": [
      0.049727543904181847,
      0.0799495051646922,
      0.10151530853114392,
      0.16370944614225375,
      0.17629556470804275,
      0.20173754525396753,
      0.21909886082071045,
      0.2788073235598029,
      0.2681846322296357,
      0.2920327452947055
    ],
    "f1_std": [
      0.0,
      0.0,
      0.0,
      0.0,
      0.0,
      0.0,
      0.0,
      0.0,
      0.0,
      0.0
    ],
    "acc_mean": [
      0.1299,
      0.1861,
      0.1991,
      0.2449,
      0.2609,
      0.2793,
      0.3042,
      0.3454,
      0.329,
      0.35
    ],
    "acc_std": [
      0.0,
      0.0,
      0.0,
      0.0,
      0.0,
      0.0,
      0.0,
      0.0,
      0.0,
      0.0
    ],
    "final_f1_mean": 0.2920327452947055,
    "final_f1_std": 0.0,
    "best_f1_mean": 0.2920327452947055,
    "best_f1_std": 0.0,
    "n_seeds": 1,
    "seeds": [
      456
    ],
    "avg_train_time_per_round": 6.37230076789856,
    "total_train_time": 63.723007678985596,
    "peak_gpu_memory_mb": 236.80224609375,
    "avg_query_time": 0.0005638599395751953,
    "total_query_time": 0.005638599395751953,
    "n_human_labeled_mean": [
      100.0,
      200.0,
      300.0,
      400.0,
      500.0,
      600.0,
      700.0,
      800.0,
      900.0,
      1000.0
    ],
    "total_pseudo_labeled": 1087
  },
  "gap_aware_entropy": {
    "f1_mean": [
      0.049727543904181847,
      0.07560756421845397,
      0.10498218024648294,
      0.15026413322788973,
      0.14657435880451794,
      0.17873275880363101,
      0.24133579713842623,
      0.2851559403519626,
      0.30172263054527926,
      0.3228062954682712
    ],
    "f1_std": [
      0.0,
      0.0,
      0.0,
      0.0,
      0.0,
      0.0,
      0.0,
      0.0,
      0.0,
      0.0
    ],
    "acc_mean": [
      0.1299,
      0.1726,
      0.1858,
      0.236,
      0.223,
      0.257,
      0.304,
      0.3454,
      0.3569,
      0.3715
    ],
    "acc_std": [
      0.0,
      0.0,
      0.0,
      0.0,
      0.0,
      0.0,
      0.0,
      0.0,
      0.0,
      0.0
    ],
    "final_f1_mean": 0.3228062954682712,
    "final_f1_std": 0.0,
    "best_f1_mean": 0.3228062954682712,
    "best_f1_std": 0.0,
    "n_seeds": 1,
    "seeds": [
      456
    ],
    "avg_train_time_per_round": 6.155572628974914,
    "total_train_time": 61.555726289749146,
    "peak_gpu_memory_mb": 241.4228515625,
    "avg_query_time": 0.1530229330062866,
    "total_query_time": 1.5302293300628662,
    "n_human_labeled_mean": [
      100.0,
      200.0,
      300.0,
      400.0,
      500.0,
      600.0,
      700.0,
      800.0,
      900.0,
      1000.0
    ],
    "total_pseudo_labeled": 824
  },
  "full_supervision": {
    "accuracy": 0.6506,
    "f1": 0.6239700319415206,
    "train_time": 226.19472122192383,
    "gpu_memory_mb": 145.5634765625,
    "epochs": 50
  }
}