{
  "gap_aware_entropy_ssl": {
    "f1_mean": [
      0.049727543904181847,
      0.07616612836572148,
      0.10798845888984394,
      0.16248970575814092,
      0.18215433522311758,
      0.22475131269802917,
      0.23480232926550354,
      0.29034141245405365,
      0.3080838941432401,
      0.30765267042420474
    ],
    "f1_std": [
      0.0,
      0.0,
      0.0,
      0.0,
      0.0,
      0.0,
      0.0,
      0.0,
      0.0,
      0.0
    ],
    "acc_mean": [
      0.1299,
      0.1714,
      0.1981,
      0.2378,
      0.2412,
      0.2843,
      0.3119,
      0.3572,
      0.3601,
      0.3552
    ],
    "acc_std": [
      0.0,
      0.0,
      0.0,
      0.0,
      0.0,
      0.0,
      0.0,
      0.0,
      0.0,
      0.0
    ],
    "final_f1_mean": 0.30765267042420474,
    "final_f1_std": 0.0,
    "best_f1_mean": 0.3080838941432401,
    "best_f1_std": 0.0,
    "n_seeds": 1,
    "seeds": [
      456
    ],
    "avg_train_time_per_round": 3.945394206047058,
    "total_train_time": 39.45394206047058,
    "peak_gpu_memory_mb": 228.80078125,
    "avg_query_time": 0.14773275852203369,
    "total_query_time": 1.477327585220337,
    "n_human_labeled_mean": [
      100.0,
      200.0,
      300.0,
      400.0,
      500.0,
      600.0,
      700.0,
      800.0,
      900.0,
      1000.0
    ],
    "total_pseudo_labeled": 476
  },
  "full_supervision": {
    "accuracy": 0.578,
    "f1": 0.5441378065830934,
    "train_time": 142.2878556251526,
    "gpu_memory_mb": 134.19287109375,
    "epochs": 50
  }
}