{
  "class_aware_entropy_ssl": {
    "final_f1_mean": 0.34593521408944133,
    "final_f1_std": 0.016699096886197702,
    "n_seeds": 3
  },
  "gap_aware_entropy_ssl": {
    "final_f1_mean": 0.3331985108544069,
    "final_f1_std": 0.033181024593528355,
    "n_seeds": 3
  }
}