{
  "adaptive_gap_entropy": {
    "f1_mean": [
      0.08816755465991738,
      0.09815102578913507,
      0.11848610188592683,
      0.1625167265793521,
      0.15510240259499755,
      0.17213145619226275,
      0.23053404345024647,
      0.2129976227708738,
      0.2565751689560998,
      0.28440446906735256
    ],
    "f1_std": [
      0.0,
      0.0,
      0.0,
      0.0,
      0.0,
      0.0,
      0.0,
      0.0,
      0.0,
      0.0
    ],
    "acc_mean": [
      0.1856,
      0.2003,
      0.214,
      0.2376,
      0.24,
      0.2584,
      0.3006,
      0.2882,
      0.326,
      0.3505
    ],
    "acc_std": [
      0.0,
      0.0,
      0.0,
      0.0,
      0.0,
      0.0,
      0.0,
      0.0,
      0.0,
      0.0
    ],
    "final_f1_mean": 0.28440446906735256,
    "final_f1_std": 0.0,
    "best_f1_mean": 0.28440446906735256,
    "best_f1_std": 0.0,
    "n_seeds": 1,
    "seeds": [
      456
    ],
    "avg_train_time_per_round": 4.123086476325989,
    "total_train_time": 41.23086476325989,
    "peak_gpu_memory_mb": 241.42138671875,
    "avg_query_time": 0.1545149564743042,
    "total_query_time": 1.545149564743042,
    "n_human_labeled_mean": [
      100.0,
      200.0,
      300.0,
      400.0,
      500.0,
      600.0,
      700.0,
      800.0,
      900.0,
      1000.0
    ],
    "total_pseudo_labeled": 674
  },
  "class_aware_entropy": {
    "f1_mean": [
      0.08816755465991738,
      0.10756498491433557,
      0.10120320019295966,
      0.12997804093845283,
      0.15005734161415382,
      0.19091604359122444,
      0.22252745589552117,
      0.23113655119893783,
      0.2358739476383338,
      0.23775017180530403
    ],
    "f1_std": [
      0.0,
      0.0,
      0.0,
      0.0,
      0.0,
      0.0,
      0.0,
      0.0,
      0.0,
      0.0
    ],
    "acc_mean": [
      0.1856,
      0.2105,
      0.2034,
      0.2169,
      0.2327,
      0.2713,
      0.2988,
      0.2996,
      0.3155,
      0.318
    ],
    "acc_std": [
      0.0,
      0.0,
      0.0,
      0.0,
      0.0,
      0.0,
      0.0,
      0.0,
      0.0,
      0.0
    ],
    "final_f1_mean": 0.23775017180530403,
    "final_f1_std": 0.0,
    "best_f1_mean": 0.23775017180530403,
    "best_f1_std": 0.0,
    "n_seeds": 1,
    "seeds": [
      456
    ],
    "avg_train_time_per_round": 4.167847657203675,
    "total_train_time": 41.67847657203674,
    "peak_gpu_memory_mb": 241.42138671875,
    "avg_query_time": 0.15565183162689208,
    "total_query_time": 1.556518316268921,
    "n_human_labeled_mean": [
      100.0,
      200.0,
      300.0,
      400.0,
      500.0,
      600.0,
      700.0,
      800.0,
      900.0,
      1000.0
    ],
    "total_pseudo_labeled": 693
  },
  "entropy": {
    "f1_mean": [
      0.08816755465991738,
      0.09829029798871614,
      0.10032899162750752,
      0.14005490128578946,
      0.16067593308026126,
      0.16292812125001813,
      0.1843595200114229,
      0.21758477066756252,
      0.23865238062442634,
      0.27299391660703864
    ],
    "f1_std": [
      0.0,
      0.0,
      0.0,
      0.0,
      0.0,
      0.0,
      0.0,
      0.0,
      0.0,
      0.0
    ],
    "acc_mean": [
      0.1856,
      0.2026,
      0.2081,
      0.2325,
      0.2427,
      0.2515,
      0.2699,
      0.2923,
      0.3084,
      0.3423
    ],
    "acc_std": [
      0.0,
      0.0,
      0.0,
      0.0,
      0.0,
      0.0,
      0.0,
      0.0,
      0.0,
      0.0
    ],
    "final_f1_mean": 0.27299391660703864,
    "final_f1_std": 0.0,
    "best_f1_mean": 0.27299391660703864,
    "best_f1_std": 0.0,
    "n_seeds": 1,
    "seeds": [
      456
    ],
    "avg_train_time_per_round": 4.359914708137512,
    "total_train_time": 43.59914708137512,
    "peak_gpu_memory_mb": 236.80078125,
    "avg_query_time": 0.0005500316619873047,
    "total_query_time": 0.005500316619873047,
    "n_human_labeled_mean": [
      100.0,
      200.0,
      300.0,
      400.0,
      500.0,
      600.0,
      700.0,
      800.0,
      900.0,
      1000.0
    ],
    "total_pseudo_labeled": 679
  },
  "gap_aware_entropy": {
    "f1_mean": [
      0.08816755465991738,
      0.09856129676945358,
      0.12003642588803336,
      0.1366191713914356,
      0.17989697090862497,
      0.1821807642513939,
      0.20547274359657072,
      0.21452016347272265,
      0.27878469764958175,
      0.23781271445763533
    ],
    "f1_std": [
      0.0,
      0.0,
      0.0,
      0.0,
      0.0,
      0.0,
      0.0,
      0.0,
      0.0,
      0.0
    ],
    "acc_mean": [
      0.1856,
      0.2002,
      0.2137,
      0.2206,
      0.2483,
      0.2553,
      0.2762,
      0.2908,
      0.3446,
      0.3165
    ],
    "acc_std": [
      0.0,
      0.0,
      0.0,
      0.0,
      0.0,
      0.0,
      0.0,
      0.0,
      0.0,
      0.0
    ],
    "final_f1_mean": 0.23781271445763533,
    "final_f1_std": 0.0,
    "best_f1_mean": 0.27878469764958175,
    "best_f1_std": 0.0,
    "n_seeds": 1,
    "seeds": [
      456
    ],
    "avg_train_time_per_round": 4.1554861783981325,
    "total_train_time": 41.55486178398132,
    "peak_gpu_memory_mb": 241.42138671875,
    "avg_query_time": 0.15615620613098144,
    "total_query_time": 1.5615620613098145,
    "n_human_labeled_mean": [
      100.0,
      200.0,
      300.0,
      400.0,
      500.0,
      600.0,
      700.0,
      800.0,
      900.0,
      1000.0
    ],
    "total_pseudo_labeled": 688
  },
  "full_supervision": {
    "accuracy": 0.6192,
    "f1": 0.5814762394932611,
    "train_time": 404.3370659351349,
    "gpu_memory_mb": 145.5634765625,
    "epochs": 50
  }
}