{
  "curriculum_penalty_entropy": {
    "f1_mean": [
      0.08816755465991738,
      0.1012391045243863,
      0.1311054660762934,
      0.15774271353725872,
      0.15762759347473132,
      0.2245232095175309,
      0.2419842616689111,
      0.2418562950558683,
      0.23280039992743964,
      0.2993900523512426
    ],
    "f1_std": [
      0.0,
      0.0,
      0.0,
      0.0,
      0.0,
      0.0,
      0.0,
      0.0,
      0.0,
      0.0
    ],
    "acc_mean": [
      0.1856,
      0.2057,
      0.2236,
      0.2366,
      0.2388,
      0.2993,
      0.3036,
      0.3098,
      0.3028,
      0.3641
    ],
    "acc_std": [
      0.0,
      0.0,
      0.0,
      0.0,
      0.0,
      0.0,
      0.0,
      0.0,
      0.0,
      0.0
    ],
    "final_f1_mean": 0.2993900523512426,
    "final_f1_std": 0.0,
    "best_f1_mean": 0.2993900523512426,
    "best_f1_std": 0.0,
    "n_seeds": 1,
    "seeds": [
      456
    ],
    "avg_train_time_per_round": 2.8824337244033815,
    "total_train_time": 28.824337244033813,
    "peak_gpu_memory_mb": 228.673828125,
    "avg_query_time": 0.06363053321838379,
    "total_query_time": 0.6363053321838379,
    "n_human_labeled_mean": [
      100.0,
      200.0,
      300.0,
      400.0,
      500.0,
      600.0,
      700.0,
      800.0,
      900.0,
      1000.0
    ],
    "total_pseudo_labeled": 527
  },
  "two_stage_entropy_balance": {
    "f1_mean": [
      0.08816755465991738,
      0.10049012429216879,
      0.10787767796392433,
      0.15401364701064613,
      0.16405711821141472,
      0.15368529210862208,
      0.19634140002032077,
      0.20751847745666158,
      0.24096620716767733,
      0.23580356403174654
    ],
    "f1_std": [
      0.0,
      0.0,
      0.0,
      0.0,
      0.0,
      0.0,
      0.0,
      0.0,
      0.0,
      0.0
    ],
    "acc_mean": [
      0.1856,
      0.1974,
      0.1981,
      0.2339,
      0.242,
      0.2398,
      0.2754,
      0.292,
      0.3259,
      0.3119
    ],
    "acc_std": [
      0.0,
      0.0,
      0.0,
      0.0,
      0.0,
      0.0,
      0.0,
      0.0,
      0.0,
      0.0
    ],
    "final_f1_mean": 0.23580356403174654,
    "final_f1_std": 0.0,
    "best_f1_mean": 0.24096620716767733,
    "best_f1_std": 0.0,
    "n_seeds": 1,
    "seeds": [
      456
    ],
    "avg_train_time_per_round": 3.0369005680084227,
    "total_train_time": 30.36900568008423,
    "peak_gpu_memory_mb": 228.80078125,
    "avg_query_time": 0.11108744144439697,
    "total_query_time": 1.1108744144439697,
    "n_human_labeled_mean": [
      100.0,
      200.0,
      300.0,
      400.0,
      500.0,
      600.0,
      700.0,
      800.0,
      900.0,
      1000.0
    ],
    "total_pseudo_labeled": 728
  },
  "full_supervision": {
    "accuracy": 0.6166,
    "f1": 0.5797065173417167,
    "train_time": 154.22456550598145,
    "gpu_memory_mb": 134.19287109375,
    "epochs": 50
  }
}