{
  "adaptive_gap_entropy": {
    "f1_mean": [
      0.17412489289919833,
      0.288279259419798,
      0.3472289651799139,
      0.380037669941711,
      0.4310728054452528,
      0.47988455239939615,
      0.46590273685238887,
      0.5392793337313866,
      0.5345912248746502,
      0.5532880228048532
    ],
    "f1_std": [
      0.010926293891687804,
      0.02140919504096637,
      0.023514430599729453,
      0.011185263767365112,
      0.03143516190665424,
      0.008209844305529448,
      0.020568739616598348,
      0.013709139767794802,
      0.014361149032547916,
      0.002913424100825076
    ],
    "acc_mean": [
      0.21383333333333332,
      0.3053666666666667,
      0.3639333333333334,
      0.39766666666666667,
      0.4397333333333333,
      0.4862333333333333,
      0.4739,
      0.5449333333333334,
      0.5351666666666667,
      0.5556
    ],
    "acc_std": [
      0.0065545573627989705,
      0.025288908416317403,
      0.018852821775238008,
      0.008560503619660592,
      0.03289035657385847,
      0.009921133447791601,
      0.01725243944103752,
      0.010277591589905157,
      0.014570594436131349,
      0.002706781606754919
    ],
    "final_f1_mean": 0.5532880228048532,
    "final_f1_std": 0.002913424100825076,
    "best_f1_mean": 0.5549285945398192,
    "best_f1_std": 0.0007137480667546061,
    "n_seeds": 3,
    "seeds": [
      42,
      123,
      456
    ],
    "avg_train_time_per_round": 0.5309552987416585,
    "total_train_time": 15.928658962249756,
    "peak_gpu_memory_mb": 341.27001953125,
    "avg_query_time": 0.06483991146087646,
    "total_query_time": 1.945197343826294,
    "n_human_labeled_mean": [
      100.0,
      200.0,
      300.0,
      400.0,
      500.0,
      600.0,
      700.0,
      800.0,
      900.0,
      1000.0
    ],
    "total_pseudo_labeled": 0
  },
  "badge": {
    "f1_mean": [
      0.17412489289919833,
      0.29147725417665477,
      0.3726986924953475,
      0.4100752382994078,
      0.4449273216376932,
      0.4514719416948159,
      0.4992846381201978,
      0.5396738819907821,
      0.5638908163029058,
      0.5701593432539027
    ],
    "f1_std": [
      0.010926293891687804,
      0.03371960975007057,
      0.013009747108130831,
      0.014511397746128482,
      0.010402189158319182,
      0.0030428309428499295,
      0.020505087449591775,
      0.012719243135498541,
      0.005740121403839857,
      0.0052287681042155094
    ],
    "acc_mean": [
      0.21383333333333332,
      0.3188,
      0.39223333333333327,
      0.42,
      0.45646666666666674,
      0.45763333333333334,
      0.5057,
      0.5394333333333333,
      0.5623333333333332,
      0.5718666666666666
    ],
    "acc_std": [
      0.0065545573627989705,
      0.022801754318472936,
      0.014124525557420399,
      0.012473171208638154,
      0.007122421560739629,
      0.002960105103239101,
      0.019558288950382807,
      0.017531748977846512,
      0.009431978701323602,
      0.006984427121978046
    ],
    "final_f1_mean": 0.5701593432539027,
    "final_f1_std": 0.0052287681042155094,
    "best_f1_mean": 0.5701593432539027,
    "best_f1_std": 0.0052287681042155094,
    "n_seeds": 3,
    "seeds": [
      42,
      123,
      456
    ],
    "avg_train_time_per_round": 0.6332964897155762,
    "total_train_time": 18.998894691467285,
    "peak_gpu_memory_mb": 693.0390625,
    "avg_query_time": 3.066436227162679,
    "total_query_time": 91.99308681488037,
    "n_human_labeled_mean": [
      100.0,
      200.0,
      300.0,
      400.0,
      500.0,
      600.0,
      700.0,
      800.0,
      900.0,
      1000.0
    ],
    "total_pseudo_labeled": 0
  },
  "class_aware_entropy": {
    "f1_mean": [
      0.17412489289919833,
      0.3029723360646619,
      0.35653778259610475,
      0.39669677606517006,
      0.40880095221035956,
      0.45612036785308124,
      0.44137590881517,
      0.5102674974532034,
      0.5305422404185268,
      0.5268199355415297
    ],
    "f1_std": [
      0.010926293891687804,
      0.02459665686023442,
      0.014887149248517476,
      0.032063631006524124,
      0.010216350647173168,
      0.013331672446643272,
      0.040651194382030596,
      0.008624099078513974,
      0.012850912174929455,
      0.00600094357620804
    ],
    "acc_mean": [
      0.21383333333333332,
      0.3263333333333333,
      0.3752333333333333,
      0.4076666666666667,
      0.4226666666666667,
      0.4659333333333333,
      0.4523,
      0.5135333333333333,
      0.5330333333333334,
      0.5328333333333334
    ],
    "acc_std": [
      0.0065545573627989705,
      0.02589135419830764,
      0.014074642288724615,
      0.027581918392711957,
      0.013840600500781102,
      0.009286669059583322,
      0.03933725969103595,
      0.007552630152617211,
      0.013775662920124365,
      0.01015228490975743
    ],
    "final_f1_mean": 0.5268199355415297,
    "final_f1_std": 0.00600094357620804,
    "best_f1_mean": 0.5336813414323686,
    "best_f1_std": 0.009102219552739195,
    "n_seeds": 3,
    "seeds": [
      42,
      123,
      456
    ],
    "avg_train_time_per_round": 0.5228481451670329,
    "total_train_time": 15.685444355010986,
    "peak_gpu_memory_mb": 429.2119140625,
    "avg_query_time": 0.06502908070882162,
    "total_query_time": 1.9508724212646484,
    "n_human_labeled_mean": [
      100.0,
      200.0,
      300.0,
      400.0,
      500.0,
      600.0,
      700.0,
      800.0,
      900.0,
      1000.0
    ],
    "total_pseudo_labeled": 0
  },
  "coreset": {
    "f1_mean": [
      0.17412489289919833,
      0.31619578628095707,
      0.34137754435416373,
      0.38460721431249034,
      0.4024394467022369,
      0.46342999532585716,
      0.4669674936293727,
      0.5056552086651812,
      0.533038770556715,
      0.5411847398678123
    ],
    "f1_std": [
      0.010926293891687804,
      0.007497598827728362,
      0.04385628401723017,
      0.017534525332782835,
      0.02934824764525007,
      0.006457145865176233,
      0.025416988791755513,
      0.02423282673503648,
      0.012625845021866412,
      0.011640180334788489
    ],
    "acc_mean": [
      0.21383333333333332,
      0.32630000000000003,
      0.36336666666666667,
      0.4026666666666667,
      0.42560000000000003,
      0.4686666666666666,
      0.47346666666666665,
      0.5087666666666667,
      0.5364,
      0.5468000000000001
    ],
    "acc_std": [
      0.0065545573627989705,
      0.00793263302231148,
      0.03931465658278375,
      0.015750202820563573,
      0.016589956801229683,
      0.0070759373152176055,
      0.020411979053704937,
      0.023168561073623497,
      0.01062167595062099,
      0.011887248069535141
    ],
    "final_f1_mean": 0.5411847398678123,
    "final_f1_std": 0.011640180334788489,
    "best_f1_mean": 0.5420915634860557,
    "best_f1_std": 0.010371663913566833,
    "n_seeds": 3,
    "seeds": [
      42,
      123,
      456
    ],
    "avg_train_time_per_round": 0.5662578821182251,
    "total_train_time": 16.987736463546753,
    "peak_gpu_memory_mb": 693.0390625,
    "avg_query_time": 1.5552377780278523,
    "total_query_time": 46.65713334083557,
    "n_human_labeled_mean": [
      100.0,
      200.0,
      300.0,
      400.0,
      500.0,
      600.0,
      700.0,
      800.0,
      900.0,
      1000.0
    ],
    "total_pseudo_labeled": 0
  },
  "entropy": {
    "f1_mean": [
      0.17412489289919833,
      0.2686363672911778,
      0.29730008840873323,
      0.33345684464208847,
      0.38306036350386874,
      0.4478840667576363,
      0.46255986325070353,
      0.5047354921715462,
      0.5437432108719119,
      0.525472233548247
    ],
    "f1_std": [
      0.010926293891687804,
      0.04410099457383124,
      0.049208470461158275,
      0.06029558849738326,
      0.015302728767531993,
      0.027608760124448663,
      0.010313474508215806,
      0.012208851366288768,
      0.004847075756375419,
      0.015189218118799164
    ],