{
  "adaptive_gap_entropy": {
    "f1_mean": [
      0.10684351540913498,
      0.28719477600372945,
      0.2877392698785549,
      0.28158751958567607,
      0.33895568041823215,
      0.35736518801062656,
      0.36803424015134617,
      0.3818256938557359,
      0.4076338349603893,
      0.4084512849967699
    ],
    "f1_std": [
      0.0,
      0.0,
      0.0,
      0.0,
      0.0,
      0.0,
      0.0,
      0.0,
      0.0,
      0.0
    ],
    "acc_mean": [
      0.1911,
      0.3153,
      0.3107,
      0.3152,
      0.3593,
      0.3687,
      0.3815,
      0.4007,
      0.4227,
      0.4297
    ],
    "acc_std": [
      0.0,
      0.0,
      0.0,
      0.0,
      0.0,
      0.0,
      0.0,
      0.0,
      0.0,
      0.0
    ],
    "final_f1_mean": 0.4084512849967699,
    "final_f1_std": 0.0,
    "best_f1_mean": 0.4084512849967699,
    "best_f1_std": 0.0,
    "n_seeds": 1,
    "seeds": [
      456
    ],
    "avg_train_time_per_round": 8.31852216720581,
    "total_train_time": 83.1852216720581,
    "peak_gpu_memory_mb": 241.4228515625,
    "avg_query_time": 0.14993245601654054,
    "total_query_time": 1.4993245601654053,
    "n_human_labeled_mean": [
      100.0,
      200.0,
      300.0,
      400.0,
      500.0,
      600.0,
      700.0,
      800.0,
      900.0,
      1000.0
    ],
    "total_pseudo_labeled": 1146
  },
  "class_aware_entropy": {
    "f1_mean": [
      0.10684351540913498,
      0.24511281208770191,
      0.27995611549338983,
      0.3279153574080167,
      0.3016265924353292,
      0.3283884614547289,
      0.34116426316286813,
      0.3631041123014346,
      0.38489912023236605,
      0.3504865484609751
    ],
    "f1_std": [
      0.0,
      0.0,
      0.0,
      0.0,
      0.0,
      0.0,
      0.0,
      0.0,
      0.0,
      0.0
    ],
    "acc_mean": [
      0.1911,
      0.2945,
      0.3054,
      0.3485,
      0.3346,
      0.3532,
      0.379,
      0.3897,
      0.4163,
      0.3933
    ],
    "acc_std": [
      0.0,
      0.0,
      0.0,
      0.0,
      0.0,
      0.0,
      0.0,
      0.0,
      0.0,
      0.0
    ],
    "final_f1_mean": 0.3504865484609751,
    "final_f1_std": 0.0,
    "best_f1_mean": 0.38489912023236605,
    "best_f1_std": 0.0,
    "n_seeds": 1,
    "seeds": [
      456
    ],
    "avg_train_time_per_round": 8.291490530967712,
    "total_train_time": 82.91490530967712,
    "peak_gpu_memory_mb": 241.4228515625,
    "avg_query_time": 0.15340170860290528,
    "total_query_time": 1.5340170860290527,
    "n_human_labeled_mean": [
      100.0,
      200.0,
      300.0,
      400.0,
      500.0,
      600.0,
      700.0,
      800.0,
      900.0,
      1000.0
    ],
    "total_pseudo_labeled": 1273
  },
  "entropy": {
    "f1_mean": [
      0.10684351540913498,
      0.2876612040703353,
      0.32016280691013177,
      0.30462308924473386,
      0.32411239828496763,
      0.31772274261867456,
      0.3932602874221468,
      0.33520182552177896,
      0.3635520142775543,
      0.4212866586261474
    ],
    "f1_std": [
      0.0,
      0.0,
      0.0,
      0.0,
      0.0,
      0.0,
      0.0,
      0.0,
      0.0,
      0.0
    ],
    "acc_mean": [
      0.1911,
      0.3236,
      0.3366,
      0.3263,
      0.3548,
      0.3637,
      0.4093,
      0.3618,
      0.3887,
      0.4415
    ],
    "acc_std": [
      0.0,
      0.0,
      0.0,
      0.0,
      0.0,
      0.0,
      0.0,
      0.0,
      0.0,
      0.0
    ],
    "final_f1_mean": 0.4212866586261474,
    "final_f1_std": 0.0,
    "best_f1_mean": 0.4212866586261474,
    "best_f1_std": 0.0,
    "n_seeds": 1,
    "seeds": [
      456
    ],
    "avg_train_time_per_round": 8.55943796634674,
    "total_train_time": 85.59437966346741,
    "peak_gpu_memory_mb": 236.80224609375,
    "avg_query_time": 0.000510406494140625,
    "total_query_time": 0.00510406494140625,
    "n_human_labeled_mean": [
      100.0,
      200.0,
      300.0,
      400.0,
      500.0,
      600.0,
      700.0,
      800.0,
      900.0,
      1000.0
    ],
    "total_pseudo_labeled": 1323
  },
  "gap_aware_entropy": {
    "f1_mean": [
      0.10684351540913498,
      0.27523559099734957,
      0.26440659898146973,
      0.28507112067455564,
      0.33890869941616214,
      0.3214043000476171,
      0.3875711487297553,
      0.39991857293024113,
      0.3908292815333311,
      0.4161708423001249
    ],
    "f1_std": [
      0.0,
      0.0,
      0.0,
      0.0,
      0.0,
      0.0,
      0.0,
      0.0,
      0.0,
      0.0
    ],
    "acc_mean": [
      0.1911,
      0.3031,
      0.2971,
      0.3192,
      0.3551,
      0.3509,
      0.4006,
      0.4219,
      0.4054,
      0.4305
    ],
    "acc_std": [
      0.0,
      0.0,
      0.0,
      0.0,
      0.0,
      0.0,
      0.0,
      0.0,
      0.0,
      0.0
    ],
    "final_f1_mean": 0.4161708423001249,
    "final_f1_std": 0.0,
    "best_f1_mean": 0.4161708423001249,
    "best_f1_std": 0.0,
    "n_seeds": 1,
    "seeds": [
      456
    ],
    "avg_train_time_per_round": 8.171664071083068,
    "total_train_time": 81.71664071083069,
    "peak_gpu_memory_mb": 241.4228515625,
    "avg_query_time": 0.14654548168182374,
    "total_query_time": 1.4654548168182373,
    "n_human_labeled_mean": [
      100.0,
      200.0,
      300.0,
      400.0,
      500.0,
      600.0,
      700.0,
      800.0,
      900.0,
      1000.0
    ],
    "total_pseudo_labeled": 1092
  },
  "full_supervision": {
    "accuracy": 0.85,
    "f1": 0.8492748746070922,
    "train_time": 1219.7867624759674,
    "gpu_memory_mb": 146.5634765625,
    "epochs": 50
  }
}