{
  "adaptive_gap_entropy": {
    "f1_mean": [
      0.10464035790381332,
      0.11581453442034348,
      0.15519443115795412,
      0.1725787684779439,
      0.19645162788161014,
      0.2564195241997183,
      0.25424003874993956,
      0.29349471265948884,
      0.31307167364109667,
      0.3591688220804313
    ],
    "f1_std": [
      0.0,
      0.0,
      0.0,
      0.0,
      0.0,
      0.0,
      0.0,
      0.0,
      0.0,
      0.0
    ],
    "acc_mean": [
      0.1712,
      0.2102,
      0.2502,
      0.2465,
      0.2809,
      0.3223,
      0.3181,
      0.3476,
      0.3589,
      0.3877
    ],
    "acc_std": [
      0.0,
      0.0,
      0.0,
      0.0,
      0.0,
      0.0,
      0.0,
      0.0,
      0.0,
      0.0
    ],
    "final_f1_mean": 0.3591688220804313,
    "final_f1_std": 0.0,
    "best_f1_mean": 0.3591688220804313,
    "best_f1_std": 0.0,
    "n_seeds": 1,
    "seeds": [
      456
    ],
    "avg_train_time_per_round": 7.211108016967773,
    "total_train_time": 72.11108016967773,
    "peak_gpu_memory_mb": 241.4228515625,
    "avg_query_time": 0.15925204753875732,
    "total_query_time": 1.5925204753875732,
    "n_human_labeled_mean": [
      100.0,
      200.0,
      300.0,
      400.0,
      500.0,
      600.0,
      700.0,
      800.0,
      900.0,
      1000.0
    ],
    "total_pseudo_labeled": 1128
  },
  "class_aware_entropy": {
    "f1_mean": [
      0.10464035790381332,
      0.13078421149748748,
      0.17154019320892386,
      0.20723283195367403,
      0.2116494511029186,
      0.24803154052103576,
      0.27734528171021977,
      0.3125088974546474,
      0.3285054564284663,
      0.3667420710450286
    ],
    "f1_std": [
      0.0,
      0.0,
      0.0,
      0.0,
      0.0,
      0.0,
      0.0,
      0.0,
      0.0,
      0.0
    ],
    "acc_mean": [
      0.1712,
      0.2121,
      0.2553,
      0.2812,
      0.2889,
      0.3156,
      0.333,
      0.3614,
      0.3732,
      0.399
    ],
    "acc_std": [
      0.0,
      0.0,
      0.0,
      0.0,
      0.0,
      0.0,
      0.0,
      0.0,
      0.0,
      0.0
    ],
    "final_f1_mean": 0.3667420710450286,
    "final_f1_std": 0.0,
    "best_f1_mean": 0.3667420710450286,
    "best_f1_std": 0.0,
    "n_seeds": 1,
    "seeds": [
      456
    ],
    "avg_train_time_per_round": 6.858825922012329,
    "total_train_time": 68.58825922012329,
    "peak_gpu_memory_mb": 241.4228515625,
    "avg_query_time": 0.16372284889221192,
    "total_query_time": 1.6372284889221191,
    "n_human_labeled_mean": [
      100.0,
      200.0,
      300.0,
      400.0,
      500.0,
      600.0,
      700.0,
      800.0,
      900.0,
      1000.0
    ],
    "total_pseudo_labeled": 871
  },
  "entropy": {
    "f1_mean": [
      0.10464035790381332,
      0.13567730957221807,
      0.1276274428766497,
      0.18556398725152595,
      0.2397583806028077,
      0.22615715706647568,
      0.25064277489124487,
      0.3027489862803695,
      0.3079038513683284,
      0.3379267590341732
    ],
    "f1_std": [
      0.0,
      0.0,
      0.0,
      0.0,
      0.0,
      0.0,
      0.0,
      0.0,
      0.0,
      0.0
    ],
    "acc_mean": [
      0.1712,
      0.2321,
      0.2171,
      0.2649,
      0.3087,
      0.3025,
      0.3191,
      0.3542,
      0.3534,
      0.3687
    ],
    "acc_std": [
      0.0,
      0.0,
      0.0,
      0.0,
      0.0,
      0.0,
      0.0,
      0.0,
      0.0,
      0.0
    ],
    "final_f1_mean": 0.3379267590341732,
    "final_f1_std": 0.0,
    "best_f1_mean": 0.3379267590341732,
    "best_f1_std": 0.0,
    "n_seeds": 1,
    "seeds": [
      456
    ],
    "avg_train_time_per_round": 6.573567271232605,
    "total_train_time": 65.73567271232605,
    "peak_gpu_memory_mb": 236.80224609375,
    "avg_query_time": 0.001427912712097168,
    "total_query_time": 0.01427912712097168,
    "n_human_labeled_mean": [
      100.0,
      200.0,
      300.0,
      400.0,
      500.0,
      600.0,
      700.0,
      800.0,
      900.0,
      1000.0
    ],
    "total_pseudo_labeled": 885
  },
  "gap_aware_entropy": {
    "f1_mean": [
      0.10464035790381332,
      0.12734524479723683,
      0.15142879329357511,
      0.1855237899412518,
      0.18953059807072914,
      0.21407576669736011,
      0.25347276975111355,
      0.29345909005879334,
      0.33137088528015746,
      0.3503180888876072
    ],
    "f1_std": [
      0.0,
      0.0,
      0.0,
      0.0,
      0.0,
      0.0,
      0.0,
      0.0,
      0.0,
      0.0
    ],
    "acc_mean": [
      0.1712,
      0.2213,
      0.2442,
      0.2692,
      0.2686,
      0.2954,
      0.3291,
      0.3339,
      0.3583,
      0.3776
    ],
    "acc_std": [
      0.0,
      0.0,
      0.0,
      0.0,
      0.0,
      0.0,
      0.0,
      0.0,
      0.0,
      0.0
    ],
    "final_f1_mean": 0.3503180888876072,
    "final_f1_std": 0.0,
    "best_f1_mean": 0.3503180888876072,
    "best_f1_std": 0.0,
    "n_seeds": 1,
    "seeds": [
      456
    ],
    "avg_train_time_per_round": 8.047197794914245,
    "total_train_time": 80.47197794914246,
    "peak_gpu_memory_mb": 241.4228515625,
    "avg_query_time": 0.19147729873657227,
    "total_query_time": 1.9147729873657227,
    "n_human_labeled_mean": [
      100.0,
      200.0,
      300.0,
      400.0,
      500.0,
      600.0,
      700.0,
      800.0,
      900.0,
      1000.0
    ],
    "total_pseudo_labeled": 1078
  },
  "full_supervision": {
    "accuracy": 0,
    "f1": 0,
    "train_time": 0,
    "gpu_memory_mb": 0,
    "epochs": 0
  }
}