{
  "badge": {
    "f1_mean": [
      0.002449069842454699,
      0.005223358813821774,
      0.010941397246093186,
      0.01989435321281335,
      0.02486803732318577,
      0.0331853086706331,
      0.03617152276253986,
      0.04573627661301341,
      0.05405128407722688,
      0.061287030584935565
    ],
    "f1_std": [
      0.0,
      0.0,
      0.0,
      0.0,
      0.0,
      0.0,
      0.0,
      0.0,
      0.0,
      0.0
    ],
    "acc_mean": [
      0.0213,
      0.027,
      0.0388,
      0.0562,
      0.0585,
      0.0737,
      0.0795,
      0.09,
      0.0969,
      0.1002
    ],
    "acc_std": [
      0.0,
      0.0,
      0.0,
      0.0,
      0.0,
      0.0,
      0.0,
      0.0,
      0.0,
      0.0
    ],
    "final_f1_mean": 0.061287030584935565,
    "final_f1_std": 0.0,
    "best_f1_mean": 0.061287030584935565,
    "best_f1_std": 0.0,
    "n_seeds": 1,
    "seeds": [
      789
    ],
    "avg_train_time_per_round": 2.5890427589416505,
    "total_train_time": 25.890427589416504,
    "peak_gpu_memory_mb": 229.876953125,
    "avg_query_time": 166.47183740139008,
    "total_query_time": 1664.7183740139008,
    "n_human_labeled_mean": [
      100.0,
      200.0,
      300.0,
      400.0,
      500.0,
      600.0,
      700.0,
      800.0,
      900.0,
      1000.0
    ],
    "total_pseudo_labeled": 61
  },
  "coreset": {
    "f1_mean": [
      0.002449069842454699,
      0.006907309928585168,
      0.010017621200074371,
      0.016731333672149188,
      0.023296361128145593,
      0.025905012471023486,
      0.03090587918744503,
      0.03742064238980414,
      0.04634638546613979,
      0.0502198391345405
    ],
    "f1_std": [
      0.0,
      0.0,
      0.0,
      0.0,
      0.0,
      0.0,
      0.0,
      0.0,
      0.0,
      0.0
    ],
    "acc_mean": [
      0.0213,
      0.0271,
      0.0367,
      0.0462,
      0.0501,
      0.0602,
      0.0688,
      0.0686,
      0.082,
      0.086
    ],
    "acc_std": [
      0.0,
      0.0,
      0.0,
      0.0,
      0.0,
      0.0,
      0.0,
      0.0,
      0.0,
      0.0
    ],
    "final_f1_mean": 0.0502198391345405,
    "final_f1_std": 0.0,
    "best_f1_mean": 0.0502198391345405,
    "best_f1_std": 0.0,
    "n_seeds": 1,
    "seeds": [
      789
    ],
    "avg_train_time_per_round": 3.015677881240845,
    "total_train_time": 30.156778812408447,
    "peak_gpu_memory_mb": 259.2216796875,
    "avg_query_time": 13.19239001274109,
    "total_query_time": 131.9239001274109,
    "n_human_labeled_mean": [
      100.0,
      200.0,
      300.0,
      400.0,
      500.0,
      600.0,
      700.0,
      800.0,
      900.0,
      1000.0
    ],
    "total_pseudo_labeled": 57
  },
  "entropy": {
    "f1_mean": [
      0.002449069842454699,
      0.012032387086918292,
      0.013642589878716806,
      0.01660670016159612,
      0.026095236528287394,
      0.02855358928880333,
      0.03894837276015941,
      0.047116848772813115,
      0.04888766222850038,
      0.05108984056955186
    ],
    "f1_std": [
      0.0,
      0.0,
      0.0,
      0.0,
      0.0,
      0.0,
      0.0,
      0.0,
      0.0,
      0.0
    ],
    "acc_mean": [
      0.0213,
      0.0382,
      0.0382,
      0.0462,
      0.0539,
      0.0608,
      0.0688,
      0.0831,
      0.087,
      0.0876
    ],
    "acc_std": [
      0.0,
      0.0,
      0.0,
      0.0,
      0.0,
      0.0,
      0.0,
      0.0,
      0.0,
      0.0
    ],
    "final_f1_mean": 0.05108984056955186,
    "final_f1_std": 0.0,
    "best_f1_mean": 0.05108984056955186,
    "best_f1_std": 0.0,
    "n_seeds": 1,
    "seeds": [
      789
    ],
    "avg_train_time_per_round": 2.908632206916809,
    "total_train_time": 29.08632206916809,
    "peak_gpu_memory_mb": 238.001953125,
    "avg_query_time": 0.003779959678649902,
    "total_query_time": 0.03779959678649902,
    "n_human_labeled_mean": [
      100.0,
      200.0,
      300.0,
      400.0,
      500.0,
      600.0,
      700.0,
      800.0,
      900.0,
      1000.0
    ],
    "total_pseudo_labeled": 37
  },
  "margin": {
    "f1_mean": [
      0.002449069842454699,
      0.006568507340188856,
      0.01175587610181501,
      0.01655793180328227,
      0.028990027207558472,
      0.02856619821123644,
      0.037897403685308056,
      0.05200291403849034,
      0.05596087151028062,
      0.07081019100325044
    ],
    "f1_std": [
      0.0,
      0.0,
      0.0,
      0.0,
      0.0,
      0.0,
      0.0,
      0.0,
      0.0,
      0.0
    ],
    "acc_mean": [
      0.0213,
      0.0274,
      0.0349,
      0.0443,
      0.0645,
      0.0634,
      0.0707,
      0.0887,
      0.0891,
      0.1036
    ],
    "acc_std": [
      0.0,
      0.0,
      0.0,
      0.0,
      0.0,
      0.0,
      0.0,
      0.0,
      0.0,
      0.0
    ],
    "final_f1_mean": 0.07081019100325044,
    "final_f1_std": 0.0,
    "best_f1_mean": 0.07081019100325044,
    "best_f1_std": 0.0,
    "n_seeds": 1,
    "seeds": [
      789
    ],
    "avg_train_time_per_round": 2.9183237075805666,
    "total_train_time": 29.183237075805664,
    "peak_gpu_memory_mb": 250.80029296875,
    "avg_query_time": 0.009833288192749024,
    "total_query_time": 0.09833288192749023,
    "n_human_labeled_mean": [
      100.0,
      200.0,
      300.0,
      400.0,
      500.0,
      600.0,
      700.0,
      800.0,
      900.0,
      1000.0
    ],
    "total_pseudo_labeled": 38
  },
  "qbc": {
    "f1_mean": [
      0.002449069842454699,
      0.007930253380294107,
      0.015906617901458066,
      0.024175851556024756,
      0.02464429095874194,
      0.03585935414863558,
      0.04173388315257489,
      0.04984646064476841,
      0.0590405077406522,
      0.06780095561540964
    ],
    "f1_std": [
      0.0,
      0.0,
      0.0,
      0.0,
      0.0,
      0.0,
      0.0,
      0.0,
      0.0,
      0.0
    ],
    "acc_mean": [
      0.0213,
      0.031,
      0.0438,
      0.0559,
      0.0556,
      0.07,
      0.0801,
      0.0919,
      0.103,
      0.1068
    ],
    "acc_std": [
      0.0,
      0.0,
      0.0,
      0.0,
      0.0,
      0.0,
      0.0,
      0.0,
      0.0,
      0.0
    ],
    "final_f1_mean": 0.06780095561540964,
    "final_f1_std": 0.0,
    "best_f1_mean": 0.06780095561540964,
    "best_f1_std": 0.0,
    "n_seeds": 1,
    "seeds": [
      789
    ],
    "avg_train_time_per_round": 2.337342405319214,
    "total_train_time": 23.37342405319214,
    "peak_gpu_memory_mb": 245.4755859375,
    "avg_query_time": 1.3549556493759156,
    "total_query_time": 13.549556493759155,
    "n_human_labeled_mean": [
      100.0,
      200.0,
      300.0,
      400.0,
      500.0,
      600.0,
      700.0,
      800.0,
      900.0,
      1000.0
    ],
    "total_pseudo_labeled": 39
  },
  "random": {
    "f1_mean": [
      0.002449069842454699,
      0.007266500495961185,
      0.015471760364333982,
      0.02120924443584928,
      0.027029651564902113,
      0.036161425825187624,
      0.04401485098416174,
      0.05419630417419767,
      0.07049930457608122,
      0.07635578033295422
    ],
    "f1_std": [
      0.0,
      0.0,
      0.0,
      0.0,
      0.0,
      0.0,
      0.0,
      0.0,
      0.0,
      0.0
    ],
    "acc_mean": [
      0.0213,
      0.0277,
      0.0485,
      0.0553,
      0.0662,
      0.0768,
      0.0853,
      0.0944,
      0.1101,
      0.1157
    ],
    "acc_std": [
      0.0,
      0.0,
      0.0,
      0.0,
      0.0,
      0.0,
      0.0,
      0.0,
      0.0,
      0.0
    ],
    "final_f1_mean": 0.07635578033295422,
    "final_f1_std": 0.0,
    "best_f1_mean": 0.07635578033295422,
    "best_f1_std": 0.0,
    "n_seeds": 1,
    "seeds": [
      789
    ],
    "avg_train_time_per_round": 3.261045551300049,
    "total_train_time": 32.61045551300049,
    "peak_gpu_memory_mb": 229.50390625,
    "avg_query_time": 0.00019392967224121093,
    "total_query_time": 0.0019392967224121094,