{
  "adaptive_gap_entropy": {
    "f1_mean": [
      0.07986348699187304,
      0.1803404233585034,
      0.1981613308754324,
      0.2220955122546505,
      0.2453014934251656,
      0.26598127542564776,
      0.3450663351119093,
      0.3581872963666185,
      0.37960888119405045,
      0.4077136835036927
    ],
    "f1_std": [
      0.0,
      0.0,
      0.0,
      0.0,
      0.0,
      0.0,
      0.0,
      0.0,
      0.0,
      0.0
    ],
    "acc_mean": [
      0.1441,
      0.2181,
      0.2454,
      0.2695,
      0.2942,
      0.3089,
      0.3659,
      0.383,
      0.401,
      0.4159
    ],
    "acc_std": [
      0.0,
      0.0,
      0.0,
      0.0,
      0.0,
      0.0,
      0.0,
      0.0,
      0.0,
      0.0
    ],
    "final_f1_mean": 0.4077136835036927,
    "final_f1_std": 0.0,
    "best_f1_mean": 0.4077136835036927,
    "best_f1_std": 0.0,
    "n_seeds": 1,
    "seeds": [
      42
    ],
    "avg_train_time_per_round": 3.6454545497894286,
    "total_train_time": 36.45454549789429,
    "peak_gpu_memory_mb": 228.67529296875,
    "avg_query_time": 0.06138780117034912,
    "total_query_time": 0.6138780117034912,
    "n_human_labeled_mean": [
      100.0,
      200.0,
      300.0,
      400.0,
      500.0,
      600.0,
      700.0,
      800.0,
      900.0,
      1000.0
    ],
    "total_pseudo_labeled": 888
  },
  "gap_aware_entropy": {
    "f1_mean": [
      0.07986348699187304,
      0.191460137152815,
      0.19616190482322504,
      0.18741046617097729,
      0.240187687374302,
      0.3008053977880897,
      0.33312970131333663,
      0.37808634409116243,
      0.36971190754034833,
      0.42103609856347174
    ],
    "f1_std": [
      0.0,
      0.0,
      0.0,
      0.0,
      0.0,
      0.0,
      0.0,
      0.0,
      0.0,
      0.0
    ],
    "acc_mean": [
      0.1441,
      0.2257,
      0.2456,
      0.2376,
      0.2769,
      0.335,
      0.3552,
      0.3864,
      0.4034,
      0.4286
    ],
    "acc_std": [
      0.0,
      0.0,
      0.0,
      0.0,
      0.0,
      0.0,
      0.0,
      0.0,
      0.0,
      0.0
    ],
    "final_f1_mean": 0.42103609856347174,
    "final_f1_std": 0.0,
    "best_f1_mean": 0.42103609856347174,
    "best_f1_std": 0.0,
    "n_seeds": 1,
    "seeds": [
      42
    ],
    "avg_train_time_per_round": 3.642989993095398,
    "total_train_time": 36.42989993095398,
    "peak_gpu_memory_mb": 228.80224609375,
    "avg_query_time": 0.05755581855773926,
    "total_query_time": 0.5755581855773926,
    "n_human_labeled_mean": [
      100.0,
      200.0,
      300.0,
      400.0,
      500.0,
      600.0,
      700.0,
      800.0,
      900.0,
      1000.0
    ],
    "total_pseudo_labeled": 957
  },
  "full_supervision": {
    "accuracy": 0.763,
    "f1": 0.7565821180980006,
    "train_time": 221.4079785346985,
    "gpu_memory_mb": 134.19287109375,
    "epochs": 50
  }
}