{
  "adaptive_gap_entropy": {
    "f1_mean": [
      0.10339743455101177,
      0.23669605277589892,
      0.23306614099919992,
      0.26760690845077956,
      0.33221798691462945,
      0.3538947992490743,
      0.37551346077484876,
      0.37090364182644586,
      0.40299724066204207,
      0.42547810495259564
    ],
    "f1_std": [
      0.0,
      0.0,
      0.0,
      0.0,
      0.0,
      0.0,
      0.0,
      0.0,
      0.0,
      0.0
    ],
    "acc_mean": [
      0.1952,
      0.2604,
      0.2744,
      0.3002,
      0.3497,
      0.3739,
      0.392,
      0.3904,
      0.4083,
      0.4418
    ],
    "acc_std": [
      0.0,
      0.0,
      0.0,
      0.0,
      0.0,
      0.0,
      0.0,
      0.0,
      0.0,
      0.0
    ],
    "final_f1_mean": 0.42547810495259564,
    "final_f1_std": 0.0,
    "best_f1_mean": 0.42547810495259564,
    "best_f1_std": 0.0,
    "n_seeds": 1,
    "seeds": [
      456
    ],
    "avg_train_time_per_round": 6.403225636482238,
    "total_train_time": 64.03225636482239,
    "peak_gpu_memory_mb": 241.4228515625,
    "avg_query_time": 0.1347036600112915,
    "total_query_time": 1.347036600112915,
    "n_human_labeled_mean": [
      100.0,
      200.0,
      300.0,
      400.0,
      500.0,
      600.0,
      700.0,
      800.0,
      900.0,
      1000.0
    ],
    "total_pseudo_labeled": 944
  },
  "class_aware_entropy": {
    "f1_mean": [
      0.10339743455101177,
      0.24723099008271107,
      0.28544986656546667,
      0.29502026385148855,
      0.33148616164587563,
      0.3420107881308185,
      0.39586920212032684,
      0.316196161260463,
      0.3714780243149655,
      0.3836835387291267
    ],
    "f1_std": [
      0.0,
      0.0,
      0.0,
      0.0,
      0.0,
      0.0,
      0.0,
      0.0,
      0.0,
      0.0
    ],
    "acc_mean": [
      0.1952,
      0.2861,
      0.3099,
      0.3118,
      0.3502,
      0.3713,
      0.411,
      0.3508,
      0.3957,
      0.4063
    ],
    "acc_std": [
      0.0,
      0.0,
      0.0,
      0.0,
      0.0,
      0.0,
      0.0,
      0.0,
      0.0,
      0.0
    ],
    "final_f1_mean": 0.3836835387291267,
    "final_f1_std": 0.0,
    "best_f1_mean": 0.39586920212032684,
    "best_f1_std": 0.0,
    "n_seeds": 1,
    "seeds": [
      456
    ],
    "avg_train_time_per_round": 7.157897782325745,
    "total_train_time": 71.57897782325745,
    "peak_gpu_memory_mb": 241.4228515625,
    "avg_query_time": 0.14444217681884766,
    "total_query_time": 1.4444217681884766,
    "n_human_labeled_mean": [
      100.0,
      200.0,
      300.0,
      400.0,
      500.0,
      600.0,
      700.0,
      800.0,
      900.0,
      1000.0
    ],
    "total_pseudo_labeled": 894
  },
  "entropy": {
    "f1_mean": [
      0.10339743455101177,
      0.28208294691748836,
      0.25116028119245115,
      0.29384369301620644,
      0.300699051808541,
      0.35151961254682107,
      0.3601974616909262,
      0.33147963176299633,
      0.39038571962793134,
      0.3212330416986757
    ],
    "f1_std": [
      0.0,
      0.0,
      0.0,
      0.0,
      0.0,
      0.0,
      0.0,
      0.0,
      0.0,
      0.0
    ],
    "acc_mean": [
      0.1952,
      0.3077,
      0.2832,
      0.3287,
      0.3365,
      0.3656,
      0.3796,
      0.3581,
      0.4127,
      0.3613
    ],
    "acc_std": [
      0.0,
      0.0,
      0.0,
      0.0,
      0.0,
      0.0,
      0.0,
      0.0,
      0.0,
      0.0
    ],
    "final_f1_mean": 0.3212330416986757,
    "final_f1_std": 0.0,
    "best_f1_mean": 0.39038571962793134,
    "best_f1_std": 0.0,
    "n_seeds": 1,
    "seeds": [
      456
    ],
    "avg_train_time_per_round": 6.366135311126709,
    "total_train_time": 63.66135311126709,
    "peak_gpu_memory_mb": 236.80224609375,
    "avg_query_time": 0.0005682468414306641,
    "total_query_time": 0.005682468414306641,
    "n_human_labeled_mean": [
      100.0,
      200.0,
      300.0,
      400.0,
      500.0,
      600.0,
      700.0,
      800.0,
      900.0,
      1000.0
    ],
    "total_pseudo_labeled": 1040
  },
  "gap_aware_entropy": {
    "f1_mean": [
      0.10339743455101177,
      0.19275308037065328,
      0.21229072223452441,
      0.24311744225572474,
      0.2844064655480524,
      0.35597632932604323,
      0.3676906681373096,
      0.37198863616802813,
      0.37615549844387575,
      0.4231340450688813
    ],
    "f1_std": [
      0.0,
      0.0,
      0.0,
      0.0,
      0.0,
      0.0,
      0.0,
      0.0,
      0.0,
      0.0
    ],
    "acc_mean": [
      0.1952,
      0.2465,
      0.2607,
      0.2849,
      0.3177,
      0.368,
      0.3831,
      0.3915,
      0.3894,
      0.4293
    ],
    "acc_std": [
      0.0,
      0.0,
      0.0,
      0.0,
      0.0,
      0.0,
      0.0,
      0.0,
      0.0,
      0.0
    ],
    "final_f1_mean": 0.4231340450688813,
    "final_f1_std": 0.0,
    "best_f1_mean": 0.4231340450688813,
    "best_f1_std": 0.0,
    "n_seeds": 1,
    "seeds": [
      456
    ],
    "avg_train_time_per_round": 6.799145817756653,
    "total_train_time": 67.99145817756653,
    "peak_gpu_memory_mb": 241.4228515625,
    "avg_query_time": 0.14132630825042725,
    "total_query_time": 1.4132630825042725,
    "n_human_labeled_mean": [
      100.0,
      200.0,
      300.0,
      400.0,
      500.0,
      600.0,
      700.0,
      800.0,
      900.0,
      1000.0
    ],
    "total_pseudo_labeled": 915
  },
  "full_supervision": {
    "accuracy": 0.8534,
    "f1": 0.8527761411307855,
    "train_time": 1244.004507780075,
    "gpu_memory_mb": 146.5634765625,
    "epochs": 50
  }
}