{
  "entropy": {
    "f1_mean": [
      0.11311060335726746,
      0.2960714960895776,
      0.28212518996806135,
      0.34575960300043057,
      0.3276819727841628,
      0.39007015185836297,
      0.3915876346282904,
      0.40629021601397586,
      0.41323525843219083,
      0.45449231048419547
    ],
    "f1_std": [
      0.0,
      0.0,
      0.0,
      0.0,
      0.0,
      0.0,
      0.0,
      0.0,
      0.0,
      0.0
    ],
    "acc_mean": [
      0.2023,
      0.3204,
      0.3089,
      0.3616,
      0.3517,
      0.3958,
      0.4003,
      0.4234,
      0.4254,
      0.4664
    ],
    "acc_std": [
      0.0,
      0.0,
      0.0,
      0.0,
      0.0,
      0.0,
      0.0,
      0.0,
      0.0,
      0.0
    ],
    "final_f1_mean": 0.45449231048419547,
    "final_f1_std": 0.0,
    "best_f1_mean": 0.45449231048419547,
    "best_f1_std": 0.0,
    "n_seeds": 1,
    "seeds": [
      456
    ],
    "avg_train_time_per_round": 3.1435451984405516,
    "total_train_time": 31.435451984405518,
    "peak_gpu_memory_mb": 233.17578125,
    "avg_query_time": 0.000572657585144043,
    "total_query_time": 0.00572657585144043,
    "n_human_labeled_mean": [
      100.0,
      200.0,
      300.0,
      400.0,
      500.0,
      600.0,
      700.0,
      800.0,
      900.0,
      1000.0
    ],
    "total_pseudo_labeled": 9
  },
  "full_supervision": {
    "accuracy": 0.8537,
    "f1": 0.8534507928685233,
    "train_time": 953.6883087158203,
    "gpu_memory_mb": 148.5634765625,
    "epochs": 50
  }
}