{
  "adaptive_gap_entropy": {
    "f1_mean": [
      0.07986348699187304,
      0.1803404233585034,
      0.1981613308754324,
      0.21801711482343333,
      0.2727561851087058,
      0.29732997005377715,
      0.32503508830272276,
      0.34849366567185697,
      0.3762502211437231,
      0.4066638932578496
    ],
    "f1_std": [
      0.0,
      0.0,
      0.0,
      0.0,
      0.0,
      0.0,
      0.0,
      0.0,
      0.0,
      0.0
    ],
    "acc_mean": [
      0.1441,
      0.2181,
      0.2454,
      0.2669,
      0.3112,
      0.3372,
      0.3561,
      0.3868,
      0.3992,
      0.4291
    ],
    "acc_std": [
      0.0,
      0.0,
      0.0,
      0.0,
      0.0,
      0.0,
      0.0,
      0.0,
      0.0,
      0.0
    ],
    "final_f1_mean": 0.4066638932578496,
    "final_f1_std": 0.0,
    "best_f1_mean": 0.4066638932578496,
    "best_f1_std": 0.0,
    "n_seeds": 1,
    "seeds": [
      42
    ],
    "avg_train_time_per_round": 3.114796686172485,
    "total_train_time": 31.147966861724854,
    "peak_gpu_memory_mb": 228.673828125,
    "avg_query_time": 0.05936286449432373,
    "total_query_time": 0.5936286449432373,
    "n_human_labeled_mean": [
      100.0,
      200.0,
      300.0,
      400.0,
      500.0,
      600.0,
      700.0,
      800.0,
      900.0,
      1000.0
    ],
    "total_pseudo_labeled": 286
  },
  "gap_aware_entropy": {
    "f1_mean": [
      0.07986348699187304,
      0.191460137152815,
      0.19616190482322504,
      0.22589356072345868,
      0.27113790904629526,
      0.30662816412402644,
      0.3385747337911546,
      0.39049221892509867,
      0.40490186110938914,
      0.41653659144511546
    ],
    "f1_std": [
      0.0,
      0.0,
      0.0,
      0.0,
      0.0,
      0.0,
      0.0,
      0.0,
      0.0,
      0.0
    ],
    "acc_mean": [
      0.1441,
      0.2257,
      0.2456,
      0.2552,
      0.3034,
      0.3256,
      0.3615,
      0.405,
      0.4187,
      0.4378
    ],
    "acc_std": [
      0.0,
      0.0,
      0.0,
      0.0,
      0.0,
      0.0,
      0.0,
      0.0,
      0.0,
      0.0
    ],
    "final_f1_mean": 0.41653659144511546,
    "final_f1_std": 0.0,
    "best_f1_mean": 0.41653659144511546,
    "best_f1_std": 0.0,
    "n_seeds": 1,
    "seeds": [
      42
    ],
    "avg_train_time_per_round": 3.3144200325012205,
    "total_train_time": 33.14420032501221,
    "peak_gpu_memory_mb": 228.80078125,
    "avg_query_time": 0.05912590026855469,
    "total_query_time": 0.5912590026855469,
    "n_human_labeled_mean": [
      100.0,
      200.0,
      300.0,
      400.0,
      500.0,
      600.0,
      700.0,
      800.0,
      900.0,
      1000.0
    ],
    "total_pseudo_labeled": 292
  },
  "full_supervision": {
    "accuracy": 0.7699,
    "f1": 0.763882073422541,
    "train_time": 273.8680384159088,
    "gpu_memory_mb": 134.19287109375,
    "epochs": 50
  }
}