{
  "ce_full_rho10": {
    "mean_f1": 0.7340734648496857,
    "std_f1": 0.0027867725115810417,
    "best_f1_mean": 0.7392767345172704
  },
  "ldam_full_rho10": {
    "mean_f1": 0.7364531602934798,
    "std_f1": 0.0016200838322491034,
    "best_f1_mean": 0.7418393796198645
  },
  "ce_full_rho50": {
    "mean_f1": 0.5831169777048607,
    "std_f1": 0.0016063996366127106,
    "best_f1_mean": 0.6000889789636729
  },
  "ldam_full_rho50": {
    "mean_f1": 0.604940586764766,
    "std_f1": 0.002787245378886092,
    "best_f1_mean": 0.6283338370480469
  },
  "ce_full_rho100": {
    "mean_f1": 0.5114364901721343,
    "std_f1": 0.007125559047598402,
    "best_f1_mean": 0.5289382944575808
  },
  "ldam_full_rho100": {
    "mean_f1": 0.540147263831606,
    "std_f1": 0.007086031023800141,
    "best_f1_mean": 0.5768347964110208
  }
}