{
  "badge": {
    "f1_mean": [
      0.06171550385106536,
      0.09446721478355691,
      0.10428499704267939,
      0.1397911865039193,
      0.14334667844887722,
      0.1637130498383514,
      0.17825363094750535,
      0.21143653383308805,
      0.24700533949097833,
      0.2564766222806687
    ],
    "f1_std": [
      0.013303503110756952,
      0.014891601582002909,
      0.008623631986523678,
      0.003359726066645608,
      0.006710885830099761,
      0.008518381468757994,
      0.017759872891713276,
      0.0026850973742579025,
      0.01972226971122796,
      0.035006387519377125
    ],
    "acc_mean": [
      0.14606666666666665,
      0.18796666666666664,
      0.1956,
      0.23446666666666668,
      0.23840000000000003,
      0.25489999999999996,
      0.26930000000000004,
      0.2915666666666667,
      0.3212333333333333,
      0.3235333333333333
    ],
    "acc_std": [
      0.015184714536518481,
      0.010720800135976583,
      0.007751128950030443,
      0.007746110134914311,
      0.005376492040974918,
      0.007839642849007865,
      0.012749117616525465,
      0.007982202425117742,
      0.015479089838301943,
      0.023292965080088504
    ],
    "final_f1_mean": 0.2564766222806687,
    "final_f1_std": 0.035006387519377125,
    "best_f1_mean": 0.26372549746838564,
    "best_f1_std": 0.02511092560369276,
    "n_seeds": 3,
    "seeds": [
      42,
      123,
      456
    ],
    "avg_train_time_per_round": 5.958790016174317,
    "total_train_time": 178.7637004852295,
    "peak_gpu_memory_mb": 295.0302734375,
    "avg_query_time": 23.94886771043142,
    "total_query_time": 718.4660313129425,
    "n_human_labeled_mean": [
      100.0,
      200.0,
      300.0,
      400.0,
      500.0,
      600.0,
      700.0,
      800.0,
      900.0,
      1000.0
    ],
    "total_pseudo_labeled": 3846
  },
  "coreset": {
    "f1_mean": [
      0.06171550385106536,
      0.09518115880236049,
      0.12653274331746625,
      0.14344442748916095,
      0.13754094964926186,
      0.15937084331495838,
      0.18395666587215373,
      0.21045528798207477,
      0.2543832563375545,
      0.28662831516999526
    ],
    "f1_std": [
      0.013303503110756952,
      0.012528907484014059,
      0.009153250753518687,
      0.0034352010709504926,
      0.009596279306832435,
      0.015675797371741795,
      0.013794210560027652,
      0.013213822839406824,
      0.024012773527578208,
      0.02247131238092505
    ],
    "acc_mean": [
      0.14606666666666665,
      0.19166666666666665,
      0.21863333333333335,
      0.23463333333333333,
      0.22696666666666665,
      0.25216666666666665,
      0.2704666666666667,
      0.2887,
      0.32430000000000003,
      0.3496666666666666
    ],
    "acc_std": [
      0.015184714536518481,
      0.009644457245255207,
      0.008538670206120447,
      0.009054035318881614,
      0.012005646819541027,
      0.007214953607304461,
      0.009355687515564464,
      0.00994082491546853,
      0.022087251224782733,
      0.01986291910962624
    ],
    "final_f1_mean": 0.28662831516999526,
    "final_f1_std": 0.02247131238092505,
    "best_f1_mean": 0.28662831516999526,
    "best_f1_std": 0.02247131238092505,
    "n_seeds": 3,
    "seeds": [
      42,
      123,
      456
    ],
    "avg_train_time_per_round": 5.803062009811401,
    "total_train_time": 174.09186029434204,
    "peak_gpu_memory_mb": 295.0302734375,
    "avg_query_time": 12.195122647285462,
    "total_query_time": 365.85367941856384,
    "n_human_labeled_mean": [
      100.0,
      200.0,
      300.0,
      400.0,
      500.0,
      600.0,
      700.0,
      800.0,
      900.0,
      1000.0
    ],
    "total_pseudo_labeled": 3552
  },
  "entropy": {
    "f1_mean": [
      0.06171550385106536,
      0.08586358728930134,
      0.1302652209548445,
      0.14263780022864211,
      0.17851206769095374,
      0.20448924724974885,
      0.2210383753741143,
      0.24737256926001858,
      0.29270616709098907,
      0.30578089601183595
    ],
    "f1_std": [
      0.013303503110756952,
      0.009348913294655623,
      0.006961491285824783,
      0.007695638060453972,
      0.009430426819330446,
      0.0038322786159132147,
      0.005677750329490096,
      0.02840053399253961,
      0.02517213211062429,
      0.028909408583419144
    ],
    "acc_mean": [
      0.14606666666666665,
      0.1827,
      0.21966666666666668,
      0.22740000000000002,
      0.2614666666666667,
      0.28836666666666666,
      0.30223333333333335,
      0.3230333333333333,
      0.3557333333333334,
      0.36343333333333333
    ],
    "acc_std": [
      0.015184714536518481,
      0.010022308449986299,
      0.012071269840226228,
      0.02088109192547171,
      0.008145482729027733,
      0.004490236321422525,
      0.0016679994670929113,
      0.015585106850950872,
      0.017906113170894713,
      0.01740772497740267
    ],
    "final_f1_mean": 0.30578089601183595,
    "final_f1_std": 0.028909408583419144,
    "best_f1_mean": 0.30578089601183595,
    "best_f1_std": 0.028909408583419144,
    "n_seeds": 3,
    "seeds": [
      42,
      123,
      456
    ],
    "avg_train_time_per_round": 6.081962251663208,
    "total_train_time": 182.45886754989624,
    "peak_gpu_memory_mb": 249.9228515625,
    "avg_query_time": 0.0005634546279907227,
    "total_query_time": 0.01690363883972168,
    "n_human_labeled_mean": [
      100.0,
      200.0,
      300.0,
      400.0,
      500.0,
      600.0,
      700.0,
      800.0,
      900.0,
      1000.0
    ],
    "total_pseudo_labeled": 3264
  },
  "margin": {
    "f1_mean": [
      0.06171550385106536,
      0.09370202405211779,
      0.124330344730551,
      0.14137069940643562,
      0.1573184585533717,
      0.1930526171807275,
      0.2254231200402601,
      0.25197490304940673,
      0.27179415771314835,
      0.2789397357329109
    ],
    "f1_std": [
      0.013303503110756952,
      0.013565404395935371,
      0.04812071785205095,
      0.016518998597853034,
      0.023472511103275008,
      0.02920039474431547,
      0.012553906884448072,
      0.02593018097986283,
      0.026725251192562798,
      0.012495657730639369
    ],
    "acc_mean": [
      0.14606666666666665,
      0.1895,
      0.2121333333333333,
      0.23123333333333332,
      0.24266666666666667,
      0.2722,
      0.2981333333333333,
      0.32173333333333337,
      0.342,
      0.34863333333333335
    ],
    "acc_std": [
      0.015184714536518481,
      0.007128814768248641,
      0.03227479236528443,
      0.016001944326306795,
      0.01909525828285358,
      0.025638382684301013,
      0.01130673349036857,
      0.025575031226221834,
      0.02933337121209676,
      0.014182696812979137
    ],
    "final_f1_mean": 0.2789397357329109,
    "final_f1_std": 0.012495657730639369,
    "best_f1_mean": 0.28292441024722975,
    "best_f1_std": 0.017168379047390374,
    "n_seeds": 3,
    "seeds": [
      42,
      123,
      456
    ],
    "avg_train_time_per_round": 5.9576290369033815,
    "total_train_time": 178.72887110710144,
    "peak_gpu_memory_mb": 289.78466796875,
    "avg_query_time": 0.0006424585978190104,
    "total_query_time": 0.019273757934570312,
    "n_human_labeled_mean": [
      100.0,
      200.0,
      300.0,
      400.0,
      500.0,
      600.0,
      700.0,
      800.0,
      900.0,
      1000.0
    ],
    "total_pseudo_labeled": 3215
  },
  "qbc": {
    "f1_mean": [
      0.06171550385106536,
      0.09601031935867582,
      0.10177042510524174,
      0.10165343576935863,
      0.12465819570029363,
      0.16950896910596394,
      0.21084227801397604,
      0.2408998400477914,
      0.270163638374649,
      0.28850394296774784
    ],
    "f1_std": [
      0.013303503110756952,
      0.014447067722992188,
      0.008100919171959743,
      0.017762373769054787,
      0.009749349162578401,
      0.00666657889556528,
      0.009694843963659683,
      0.008180660581050323,
      0.013177442780361334,
      0.008412560520937746
    ],