{
  "entropy": {
    "f1_mean": [
      0.08816755465991738,
      0.09829029798871614,
      0.10032899162750752,
      0.14005490128578946,
      0.16067593308026126,
      0.16292812125001813,
      0.1843595200114229,
      0.21758477066756252,
      0.23865238062442634,
      0.27299391660703864
    ],
    "f1_std": [
      0.0,
      0.0,
      0.0,
      0.0,
      0.0,
      0.0,
      0.0,
      0.0,
      0.0,
      0.0
    ],
    "acc_mean": [
      0.1856,
      0.2026,
      0.2081,
      0.2325,
      0.2427,
      0.2515,
      0.2699,
      0.2923,
      0.3084,
      0.3423
    ],
    "acc_std": [
      0.0,
      0.0,
      0.0,
      0.0,
      0.0,
      0.0,
      0.0,
      0.0,
      0.0,
      0.0
    ],
    "final_f1_mean": 0.27299391660703864,
    "final_f1_std": 0.0,
    "best_f1_mean": 0.27299391660703864,
    "best_f1_std": 0.0,
    "n_seeds": 1,
    "seeds": [
      456
    ],
    "avg_train_time_per_round": 3.948773241043091,
    "total_train_time": 39.48773241043091,
    "peak_gpu_memory_mb": 236.80078125,
    "avg_query_time": 0.00047562122344970705,
    "total_query_time": 0.00475621223449707,
    "n_human_labeled_mean": [
      100.0,
      200.0,
      300.0,
      400.0,
      500.0,
      600.0,
      700.0,
      800.0,
      900.0,
      1000.0
    ],
    "total_pseudo_labeled": 679
  },
  "full_supervision": {
    "accuracy": 0.584,
    "f1": 0.5419671406431751,
    "train_time": 239.8929567337036,
    "gpu_memory_mb": 146.5634765625,
    "epochs": 50
  }
}