{
  "adaptive_gap_entropy": {
    "f1_mean": [
      0.07986348699187304,
      0.1803404233585034,
      0.1981613308754324,
      0.21801711482343333,
      0.2727561851087058,
      0.2906746570531062,
      0.30783344485649405,
      0.36397371783914434,
      0.39363802853278407,
      0.3984830731391748
    ],
    "f1_std": [
      0.0,
      0.0,
      0.0,
      0.0,
      0.0,
      0.0,
      0.0,
      0.0,
      0.0,
      0.0
    ],
    "acc_mean": [
      0.1441,
      0.2181,
      0.2454,
      0.2669,
      0.3112,
      0.3271,
      0.3388,
      0.3817,
      0.4198,
      0.4235
    ],
    "acc_std": [
      0.0,
      0.0,
      0.0,
      0.0,
      0.0,
      0.0,
      0.0,
      0.0,
      0.0,
      0.0
    ],
    "final_f1_mean": 0.3984830731391748,
    "final_f1_std": 0.0,
    "best_f1_mean": 0.3984830731391748,
    "best_f1_std": 0.0,
    "n_seeds": 1,
    "seeds": [
      42
    ],
    "avg_train_time_per_round": 3.549024534225464,
    "total_train_time": 35.49024534225464,
    "peak_gpu_memory_mb": 228.67529296875,
    "avg_query_time": 0.06241719722747803,
    "total_query_time": 0.6241719722747803,
    "n_human_labeled_mean": [
      100.0,
      200.0,
      300.0,
      400.0,
      500.0,
      600.0,
      700.0,
      800.0,
      900.0,
      1000.0
    ],
    "total_pseudo_labeled": 921
  },
  "gap_aware_entropy": {
    "f1_mean": [
      0.07986348699187304,
      0.191460137152815,
      0.19616190482322504,
      0.22589356072345868,
      0.27113790904629526,
      0.3058085878430007,
      0.3180013257172868,
      0.35895659103091704,
      0.3802457301387114,
      0.3373947378312979
    ],
    "f1_std": [
      0.0,
      0.0,
      0.0,
      0.0,
      0.0,
      0.0,
      0.0,
      0.0,
      0.0,
      0.0
    ],
    "acc_mean": [
      0.1441,
      0.2257,
      0.2456,
      0.2552,
      0.3034,
      0.3305,
      0.3414,
      0.3778,
      0.4074,
      0.3673
    ],
    "acc_std": [
      0.0,
      0.0,
      0.0,
      0.0,
      0.0,
      0.0,
      0.0,
      0.0,
      0.0,
      0.0
    ],
    "final_f1_mean": 0.3373947378312979,
    "final_f1_std": 0.0,
    "best_f1_mean": 0.3802457301387114,
    "best_f1_std": 0.0,
    "n_seeds": 1,
    "seeds": [
      42
    ],
    "avg_train_time_per_round": 3.6733860969543457,
    "total_train_time": 36.73386096954346,
    "peak_gpu_memory_mb": 228.80224609375,
    "avg_query_time": 0.06227378845214844,
    "total_query_time": 0.6227378845214844,
    "n_human_labeled_mean": [
      100.0,
      200.0,
      300.0,
      400.0,
      500.0,
      600.0,
      700.0,
      800.0,
      900.0,
      1000.0
    ],
    "total_pseudo_labeled": 1178
  },
  "full_supervision": {
    "accuracy": 0.759,
    "f1": 0.7523448758609257,
    "train_time": 192.01807260513306,
    "gpu_memory_mb": 134.19287109375,
    "epochs": 50
  }
}