{
  "adaptive_gap_entropy": {
    "f1_mean": [
      0.003150232370271261,
      0.010746280563967436,
      0.009608438612936412,
      0.015693202020495827,
      0.017702642127262868,
      0.02612627568727458,
      0.028734071027182062,
      0.04004922875163741,
      0.05353591310858602,
      0.062468831142571436
    ],
    "f1_std": [
      0.0,
      0.0,
      0.0,
      0.0,
      0.0,
      0.0,
      0.0,
      0.0,
      0.0,
      0.0
    ],
    "acc_mean": [
      0.0183,
      0.0299,
      0.0291,
      0.0369,
      0.0372,
      0.0452,
      0.054,
      0.0623,
      0.0755,
      0.0863
    ],
    "acc_std": [
      0.0,
      0.0,
      0.0,
      0.0,
      0.0,
      0.0,
      0.0,
      0.0,
      0.0,
      0.0
    ],
    "final_f1_mean": 0.062468831142571436,
    "final_f1_std": 0.0,
    "best_f1_mean": 0.062468831142571436,
    "best_f1_std": 0.0,
    "n_seeds": 1,
    "seeds": [
      42
    ],
    "avg_train_time_per_round": 0.6052931547164917,
    "total_train_time": 6.052931547164917,
    "peak_gpu_memory_mb": 131.71337890625,
    "avg_query_time": 0.06161444187164307,
    "total_query_time": 0.6161444187164307,
    "n_human_labeled_mean": [
      100.0,
      200.0,
      300.0,
      400.0,
      500.0,
      600.0,
      700.0,
      800.0,
      900.0,
      1000.0
    ],
    "total_pseudo_labeled": 0
  },
  "class_aware_entropy": {
    "f1_mean": [
      0.003150232370271261,
      0.008281729532778486,
      0.01472544533221323,
      0.020403441333927786,
      0.022385453662300124,
      0.03466069723177966,
      0.04570275807004322,
      0.06178147851423576,
      0.06378322828134005,
      0.07360993394436832
    ],
    "f1_std": [
      0.0,
      0.0,
      0.0,
      0.0,
      0.0,
      0.0,
      0.0,
      0.0,
      0.0,
      0.0
    ],
    "acc_mean": [
      0.0183,
      0.0306,
      0.034,
      0.0429,
      0.0393,
      0.0568,
      0.0663,
      0.0841,
      0.0859,
      0.0951
    ],
    "acc_std": [
      0.0,
      0.0,
      0.0,
      0.0,
      0.0,
      0.0,
      0.0,
      0.0,
      0.0,
      0.0
    ],
    "final_f1_mean": 0.07360993394436832,
    "final_f1_std": 0.0,
    "best_f1_mean": 0.07360993394436832,
    "best_f1_std": 0.0,
    "n_seeds": 1,
    "seeds": [
      42
    ],
    "avg_train_time_per_round": 0.9149112701416016,
    "total_train_time": 9.149112701416016,
    "peak_gpu_memory_mb": 131.71337890625,
    "avg_query_time": 0.12855665683746337,
    "total_query_time": 1.2855665683746338,
    "n_human_labeled_mean": [
      100.0,
      200.0,
      300.0,
      400.0,
      500.0,
      600.0,
      700.0,
      800.0,
      900.0,
      1000.0
    ],
    "total_pseudo_labeled": 0
  },
  "gap_aware_entropy": {
    "f1_mean": [
      0.003150232370271261,
      0.010425061672383823,
      0.010006200330017727,
      0.017184181523734857,
      0.017506918554681086,
      0.027114622952426656,
      0.03552205038863192,
      0.049536727605189707,
      0.05429633662596292,
      0.07125101025911643
    ],
    "f1_std": [
      0.0,
      0.0,
      0.0,
      0.0,
      0.0,
      0.0,
      0.0,
      0.0,
      0.0,
      0.0
    ],
    "acc_mean": [
      0.0183,
      0.0282,
      0.03,
      0.0332,
      0.0421,
      0.051,
      0.0605,
      0.0706,
      0.0787,
      0.0939
    ],
    "acc_std": [
      0.0,
      0.0,
      0.0,
      0.0,
      0.0,
      0.0,
      0.0,
      0.0,
      0.0,
      0.0
    ],
    "final_f1_mean": 0.07125101025911643,
    "final_f1_std": 0.0,
    "best_f1_mean": 0.07125101025911643,
    "best_f1_std": 0.0,
    "n_seeds": 1,
    "seeds": [
      42
    ],
    "avg_train_time_per_round": 1.09525408744812,
    "total_train_time": 10.952540874481201,
    "peak_gpu_memory_mb": 131.71337890625,
    "avg_query_time": 0.1561861515045166,
    "total_query_time": 1.561861515045166,
    "n_human_labeled_mean": [
      100.0,
      200.0,
      300.0,
      400.0,
      500.0,
      600.0,
      700.0,
      800.0,
      900.0,
      1000.0
    ],
    "total_pseudo_labeled": 0
  },
  "full_supervision": {
    "accuracy": 0.5697,
    "f1": 0.5651151619108652,
    "train_time": 996.6170561313629,
    "gpu_memory_mb": 134.17626953125,
    "epochs": 50
  }
}