{
  "class_aware_entropy_ssl": {
    "final_f1_mean": 0.42240961419172635,
    "final_f1_std": 0.007002596797371858,
    "n_seeds": 3
  },
  "gap_aware_entropy_ssl": {
    "final_f1_mean": 0.4317415681362171,
    "final_f1_std": 0.013678003604379842,
    "n_seeds": 3
  }
}