{
  "class_aware_entropy_ssl": {
    "f1_mean": [
      0.049727543904181847,
      0.07951191980759827,
      0.10395895451107032,
      0.12936428837704098,
      0.16593188030883912,
      0.2193140111703605,
      0.25342123436365027,
      0.2555477719209177,
      0.27699562624241797,
      0.2944967619839202
    ],
    "f1_std": [
      0.0,
      0.0,
      0.0,
      0.0,
      0.0,
      0.0,
      0.0,
      0.0,
      0.0,
      0.0
    ],
    "acc_mean": [
      0.1299,
      0.1837,
      0.2001,
      0.2178,
      0.2293,
      0.2844,
      0.3118,
      0.3234,
      0.3439,
      0.3462
    ],
    "acc_std": [
      0.0,
      0.0,
      0.0,
      0.0,
      0.0,
      0.0,
      0.0,
      0.0,
      0.0,
      0.0
    ],
    "final_f1_mean": 0.2944967619839202,
    "final_f1_std": 0.0,
    "best_f1_mean": 0.2944967619839202,
    "best_f1_std": 0.0,
    "n_seeds": 1,
    "seeds": [
      456
    ],
    "avg_train_time_per_round": 3.3007364511489867,
    "total_train_time": 33.00736451148987,
    "peak_gpu_memory_mb": 228.80078125,
    "avg_query_time": 0.07260098457336425,
    "total_query_time": 0.7260098457336426,
    "n_human_labeled_mean": [
      100.0,
      200.0,
      300.0,
      400.0,
      500.0,
      600.0,
      700.0,
      800.0,
      900.0,
      1000.0
    ],
    "total_pseudo_labeled": 449
  },
  "gap_aware_entropy_ssl": {
    "f1_mean": [
      0.049727543904181847,
      0.07560756421845397,
      0.10498218024648294,
      0.15026413322788973,
      0.14657435880451794,
      0.15696743269145197,
      0.22321411739094593,
      0.2477097275569641,
      0.2735561537635407,
      0.29116295255118674
    ],
    "f1_std": [
      0.0,
      0.0,
      0.0,
      0.0,
      0.0,
      0.0,
      0.0,
      0.0,
      0.0,
      0.0
    ],
    "acc_mean": [
      0.1299,
      0.1726,
      0.1858,
      0.236,
      0.223,
      0.2372,
      0.2935,
      0.3194,
      0.3305,
      0.3584
    ],
    "acc_std": [
      0.0,
      0.0,
      0.0,
      0.0,
      0.0,
      0.0,
      0.0,
      0.0,
      0.0,
      0.0
    ],
    "final_f1_mean": 0.29116295255118674,
    "final_f1_std": 0.0,
    "best_f1_mean": 0.29116295255118674,
    "best_f1_std": 0.0,
    "n_seeds": 1,
    "seeds": [
      456
    ],
    "avg_train_time_per_round": 3.3573609590530396,
    "total_train_time": 33.573609590530396,
    "peak_gpu_memory_mb": 228.673828125,
    "avg_query_time": 0.07290501594543457,
    "total_query_time": 0.7290501594543457,
    "n_human_labeled_mean": [
      100.0,
      200.0,
      300.0,
      400.0,
      500.0,
      600.0,
      700.0,
      800.0,
      900.0,
      1000.0
    ],
    "total_pseudo_labeled": 511
  },
  "full_supervision": {
    "accuracy": 0.578,
    "f1": 0.5441378065830934,
    "train_time": 83.02033638954163,
    "gpu_memory_mb": 134.19287109375,
    "epochs": 50
  }
}