{
  "class_aware_entropy": {
    "f1_mean": [
      0.08077974316995014,
      0.14193895050355515,
      0.21163316657405162,
      0.2526019701012455,
      0.2757631462226515,
      0.30664888431886456,
      0.3100754942059655,
      0.3432271524909948,
      0.36275285940222357,
      0.3902089338789764
    ],
    "f1_std": [
      0.0,
      0.0,
      0.0,
      0.0,
      0.0,
      0.0,
      0.0,
      0.0,
      0.0,
      0.0
    ],
    "acc_mean": [
      0.1476,
      0.2153,
      0.2548,
      0.3016,
      0.317,
      0.3411,
      0.3506,
      0.3754,
      0.3877,
      0.4176
    ],
    "acc_std": [
      0.0,
      0.0,
      0.0,
      0.0,
      0.0,
      0.0,
      0.0,
      0.0,
      0.0,
      0.0
    ],
    "final_f1_mean": 0.3902089338789764,
    "final_f1_std": 0.0,
    "best_f1_mean": 0.3902089338789764,
    "best_f1_std": 0.0,
    "n_seeds": 1,
    "seeds": [
      456
    ],
    "avg_train_time_per_round": 4.273291230201721,
    "total_train_time": 42.73291230201721,
    "peak_gpu_memory_mb": 228.80078125,
    "avg_query_time": 0.1538695812225342,
    "total_query_time": 1.5386958122253418,
    "n_human_labeled_mean": [
      100.0,
      200.0,
      300.0,
      400.0,
      500.0,
      600.0,
      700.0,
      800.0,
      900.0,
      1000.0
    ],
    "total_pseudo_labeled": 435
  },
  "gap_aware_entropy": {
    "f1_mean": [
      0.08077974316995014,
      0.19360348207220637,
      0.222302351809266,
      0.2213027731469835,
      0.24215334039615563,
      0.2731253494608673,
      0.30039131892865933,
      0.32338233666955196,
      0.3528455474821141,
      0.3803847565983342
    ],
    "f1_std": [
      0.0,
      0.0,
      0.0,
      0.0,
      0.0,
      0.0,
      0.0,
      0.0,
      0.0,
      0.0
    ],
    "acc_mean": [
      0.1476,
      0.265,
      0.2709,
      0.2691,
      0.2986,
      0.322,
      0.3452,
      0.3521,
      0.3773,
      0.402
    ],
    "acc_std": [
      0.0,
      0.0,
      0.0,
      0.0,
      0.0,
      0.0,
      0.0,
      0.0,
      0.0,
      0.0
    ],
    "final_f1_mean": 0.3803847565983342,
    "final_f1_std": 0.0,
    "best_f1_mean": 0.3803847565983342,
    "best_f1_std": 0.0,
    "n_seeds": 1,
    "seeds": [
      456
    ],
    "avg_train_time_per_round": 4.027842402458191,
    "total_train_time": 40.27842402458191,
    "peak_gpu_memory_mb": 228.673828125,
    "avg_query_time": 0.15309996604919435,
    "total_query_time": 1.5309996604919434,
    "n_human_labeled_mean": [
      100.0,
      200.0,
      300.0,
      400.0,
      500.0,
      600.0,
      700.0,
      800.0,
      900.0,
      1000.0
    ],
    "total_pseudo_labeled": 444
  },
  "full_supervision": {
    "accuracy": 0.7734,
    "f1": 0.767463908597943,
    "train_time": 592.7355327606201,
    "gpu_memory_mb": 134.19287109375,
    "epochs": 50
  }
}