{
  "entropy": {
    "f1_mean": [
      0.13937357045975515,
      0.16743462693658542,
      0.16722151077042557,
      0.1621584551739024,
      0.1905000743700609,
      0.22548099144409273,
      0.2449557362207754,
      0.27585698575609324,
      0.29387026106462416,
      0.30842874901591694
    ],
    "f1_std": [
      0.006779506737895442,
      0.02394933057660361,
      0.025596731919227907,
      0.04910294673376876,
      0.03470425117146862,
      0.021175174317371554,
      0.012909070266746309,
      0.01240944419485975,
      0.01430684400747477,
      0.029838039591011105
    ],
    "acc_mean": [
      0.1986,
      0.20896666666666666,
      0.21696666666666667,
      0.21853333333333333,
      0.23440000000000003,
      0.2607,
      0.2758666666666667,
      0.2996666666666667,
      0.32153333333333334,
      0.3298
    ],
    "acc_std": [
      0.009004813527589932,
      0.023554947581252553,
      0.013781710908140388,
      0.02668486878780224,
      0.02170729524069423,
      0.017199418594824652,
      0.014068720229249319,
      0.01787686276230318,
      0.012864766699098069,
      0.018173056980046023
    ],
    "final_f1_mean": 0.30842874901591694,
    "final_f1_std": 0.029838039591011105,
    "best_f1_mean": 0.3108062158413539,
    "best_f1_std": 0.028230280653532735,
    "n_seeds": 3,
    "seeds": [
      42,
      123,
      456
    ],
    "avg_train_time_per_round": 1.238393449783325,
    "total_train_time": 37.151803493499756,
    "peak_gpu_memory_mb": 152.68896484375,
    "avg_query_time": 0.0005659262339274088,
    "total_query_time": 0.016977787017822266,
    "n_human_labeled_mean": [
      100.0,
      200.0,
      300.0,
      400.0,
      500.0,
      600.0,
      700.0,
      800.0,
      900.0,
      1000.0
    ],
    "total_pseudo_labeled": 0
  },
  "full_supervision": {
    "accuracy": 0.6661,
    "f1": 0.6602613230936003,
    "train_time": 363.6929440498352,
    "gpu_memory_mb": 146.43896484375,
    "epochs": 50
  }
}