{
  "entropy": {
    "f1_mean": [
      0.0029562261311998628,
      0.010337673266069929,
      0.02460218693844702,
      0.020219714515097874,
      0.027491561245680075,
      0.03163776386729011,
      0.04391343799881022,
      0.04689638004882166,
      0.0597801606867942,
      0.06761627884506335
    ],
    "f1_std": [
      0.0,
      0.0,
      0.0,
      0.0,
      0.0,
      0.0,
      0.0,
      0.0,
      0.0,
      0.0
    ],
    "acc_mean": [
      0.0205,
      0.0288,
      0.0395,
      0.0444,
      0.0513,
      0.052,
      0.0667,
      0.0694,
      0.0803,
      0.0865
    ],
    "acc_std": [
      0.0,
      0.0,
      0.0,
      0.0,
      0.0,
      0.0,
      0.0,
      0.0,
      0.0,
      0.0
    ],
    "final_f1_mean": 0.06761627884506335,
    "final_f1_std": 0.0,
    "best_f1_mean": 0.06761627884506335,
    "best_f1_std": 0.0,
    "n_seeds": 1,
    "seeds": [
      42
    ],
    "avg_train_time_per_round": 2.8113176107406614,
    "total_train_time": 28.113176107406616,
    "peak_gpu_memory_mb": 237.5078125,
    "avg_query_time": 0.001958775520324707,
    "total_query_time": 0.01958775520324707,
    "n_human_labeled_mean": [
      100.0,
      200.0,
      300.0,
      400.0,
      500.0,
      600.0,
      700.0,
      800.0,
      900.0,
      1000.0
    ],
    "total_pseudo_labeled": 0
  },
  "full_supervision": {
    "accuracy": 0.5606,
    "f1": 0.5573364838363364,
    "train_time": 627.1224987506866,
    "gpu_memory_mb": 147.22265625,
    "epochs": 50
  }
}