{
  "class_aware_entropy_ssl": {
    "f1_mean": [
      0.049727543904181847,
      0.08335618122605933,
      0.1293214886750492,
      0.15373976861691052,
      0.20929579192583567,
      0.22359498508058434,
      0.2217032061209116,
      0.25199873429212505,
      0.3009479420926039,
      0.2780309103970159
    ],
    "f1_std": [
      0.0,
      0.0,
      0.0,
      0.0,
      0.0,
      0.0,
      0.0,
      0.0,
      0.0,
      0.0
    ],
    "acc_mean": [
      0.1299,
      0.1841,
      0.2215,
      0.2257,
      0.2717,
      0.2913,
      0.2801,
      0.3198,
      0.3588,
      0.3465
    ],
    "acc_std": [
      0.0,
      0.0,
      0.0,
      0.0,
      0.0,
      0.0,
      0.0,
      0.0,
      0.0,
      0.0
    ],
    "final_f1_mean": 0.2780309103970159,
    "final_f1_std": 0.0,
    "best_f1_mean": 0.3009479420926039,
    "best_f1_std": 0.0,
    "n_seeds": 1,
    "seeds": [
      456
    ],
    "avg_train_time_per_round": 5.0623692035675045,
    "total_train_time": 50.62369203567505,
    "peak_gpu_memory_mb": 228.80078125,
    "avg_query_time": 0.15609269142150878,
    "total_query_time": 1.560926914215088,
    "n_human_labeled_mean": [
      100.0,
      200.0,
      300.0,
      400.0,
      500.0,
      600.0,
      700.0,
      800.0,
      900.0,
      1000.0
    ],
    "total_pseudo_labeled": 480
  },
  "gap_aware_entropy_ssl": {
    "f1_mean": [
      0.049727543904181847,
      0.07616612836572148,
      0.10798845888984394,
      0.16248970575814092,
      0.18215433522311758,
      0.22475131269802917,
      0.23480232926550354,
      0.29034141245405365,
      0.3080838941432401,
      0.30765267042420474
    ],
    "f1_std": [
      0.0,
      0.0,
      0.0,
      0.0,
      0.0,
      0.0,
      0.0,
      0.0,
      0.0,
      0.0
    ],
    "acc_mean": [
      0.1299,
      0.1714,
      0.1981,
      0.2378,
      0.2412,
      0.2843,
      0.3119,
      0.3572,
      0.3601,
      0.3552
    ],
    "acc_std": [
      0.0,
      0.0,
      0.0,
      0.0,
      0.0,
      0.0,
      0.0,
      0.0,
      0.0,
      0.0
    ],
    "final_f1_mean": 0.30765267042420474,
    "final_f1_std": 0.0,
    "best_f1_mean": 0.3080838941432401,
    "best_f1_std": 0.0,
    "n_seeds": 1,
    "seeds": [
      456
    ],
    "avg_train_time_per_round": 4.8647788763046265,
    "total_train_time": 48.647788763046265,
    "peak_gpu_memory_mb": 228.673828125,
    "avg_query_time": 0.15604689121246337,
    "total_query_time": 1.5604689121246338,
    "n_human_labeled_mean": [
      100.0,
      200.0,
      300.0,
      400.0,
      500.0,
      600.0,
      700.0,
      800.0,
      900.0,
      1000.0
    ],
    "total_pseudo_labeled": 476
  },
  "full_supervision": {
    "accuracy": 0.578,
    "f1": 0.5441378065830934,
    "train_time": 166.31975388526917,
    "gpu_memory_mb": 134.19287109375,
    "epochs": 50
  }
}