{
  "adaptive_gap_entropy": {
    "f1_mean": [
      0.08816755465991738,
      0.09815102578913507,
      0.11848610188592683,
      0.1625167265793521,
      0.15510240259499755,
      0.18704771916263224,
      0.2251105559606119,
      0.2548547763198082,
      0.26331945030118525,
      0.29884586554022846
    ],
    "f1_std": [
      0.0,
      0.0,
      0.0,
      0.0,
      0.0,
      0.0,
      0.0,
      0.0,
      0.0,
      0.0
    ],
    "acc_mean": [
      0.1856,
      0.2003,
      0.214,
      0.2376,
      0.24,
      0.2687,
      0.2991,
      0.3177,
      0.3343,
      0.3641
    ],
    "acc_std": [
      0.0,
      0.0,
      0.0,
      0.0,
      0.0,
      0.0,
      0.0,
      0.0,
      0.0,
      0.0
    ],
    "final_f1_mean": 0.29884586554022846,
    "final_f1_std": 0.0,
    "best_f1_mean": 0.29884586554022846,
    "best_f1_std": 0.0,
    "n_seeds": 1,
    "seeds": [
      456
    ],
    "avg_train_time_per_round": 6.123179531097412,
    "total_train_time": 61.23179531097412,
    "peak_gpu_memory_mb": 241.4228515625,
    "avg_query_time": 0.15482573509216307,
    "total_query_time": 1.5482573509216309,
    "n_human_labeled_mean": [
      100.0,
      200.0,
      300.0,
      400.0,
      500.0,
      600.0,
      700.0,
      800.0,
      900.0,
      1000.0
    ],
    "total_pseudo_labeled": 1019
  },
  "class_aware_entropy": {
    "f1_mean": [
      0.08816755465991738,
      0.10756498491433557,
      0.10120320019295966,
      0.12997804093845283,
      0.15005734161415382,
      0.1956895256836926,
      0.2053870772352236,
      0.22447815743013227,
      0.24960983564600503,
      0.2634537880225538
    ],
    "f1_std": [
      0.0,
      0.0,
      0.0,
      0.0,
      0.0,
      0.0,
      0.0,
      0.0,
      0.0,
      0.0
    ],
    "acc_mean": [
      0.1856,
      0.2105,
      0.2034,
      0.2169,
      0.2327,
      0.2774,
      0.2986,
      0.2986,
      0.3299,
      0.3406
    ],
    "acc_std": [
      0.0,
      0.0,
      0.0,
      0.0,
      0.0,
      0.0,
      0.0,
      0.0,
      0.0,
      0.0
    ],
    "final_f1_mean": 0.2634537880225538,
    "final_f1_std": 0.0,
    "best_f1_mean": 0.2634537880225538,
    "best_f1_std": 0.0,
    "n_seeds": 1,
    "seeds": [
      456
    ],
    "avg_train_time_per_round": 6.0659057140350345,
    "total_train_time": 60.65905714035034,
    "peak_gpu_memory_mb": 241.4228515625,
    "avg_query_time": 0.15471739768981935,
    "total_query_time": 1.5471739768981934,
    "n_human_labeled_mean": [
      100.0,
      200.0,
      300.0,
      400.0,
      500.0,
      600.0,
      700.0,
      800.0,
      900.0,
      1000.0
    ],
    "total_pseudo_labeled": 1020
  },
  "entropy": {
    "f1_mean": [
      0.08816755465991738,
      0.09829029798871614,
      0.10032899162750752,
      0.14005490128578946,
      0.16067593308026126,
      0.2340113726816512,
      0.23207419891572104,
      0.24367695798159889,
      0.2699586641793915,
      0.28250089371219017
    ],
    "f1_std": [
      0.0,
      0.0,
      0.0,
      0.0,
      0.0,
      0.0,
      0.0,
      0.0,
      0.0,
      0.0
    ],
    "acc_mean": [
      0.1856,
      0.2026,
      0.2081,
      0.2325,
      0.2427,
      0.3057,
      0.3005,
      0.3152,
      0.3421,
      0.3387
    ],
    "acc_std": [
      0.0,
      0.0,
      0.0,
      0.0,
      0.0,
      0.0,
      0.0,
      0.0,
      0.0,
      0.0
    ],
    "final_f1_mean": 0.28250089371219017,
    "final_f1_std": 0.0,
    "best_f1_mean": 0.28250089371219017,
    "best_f1_std": 0.0,
    "n_seeds": 1,
    "seeds": [
      456
    ],
    "avg_train_time_per_round": 6.378219771385193,
    "total_train_time": 63.78219771385193,
    "peak_gpu_memory_mb": 236.80224609375,
    "avg_query_time": 0.0005857467651367188,
    "total_query_time": 0.0058574676513671875,
    "n_human_labeled_mean": [
      100.0,
      200.0,
      300.0,
      400.0,
      500.0,
      600.0,
      700.0,
      800.0,
      900.0,
      1000.0
    ],
    "total_pseudo_labeled": 1371
  },
  "gap_aware_entropy": {
    "f1_mean": [
      0.08816755465991738,
      0.09856129676945358,
      0.12003642588803336,
      0.1366191713914356,
      0.17989697090862497,
      0.18728603308672342,
      0.19944348370617676,
      0.2599931063052427,
      0.24514606003722128,
      0.27454917144687446
    ],
    "f1_std": [
      0.0,
      0.0,
      0.0,
      0.0,
      0.0,
      0.0,
      0.0,
      0.0,
      0.0,
      0.0
    ],
    "acc_mean": [
      0.1856,
      0.2002,
      0.2137,
      0.2206,
      0.2483,
      0.258,
      0.2731,
      0.3296,
      0.3252,
      0.3464
    ],
    "acc_std": [
      0.0,
      0.0,
      0.0,
      0.0,
      0.0,
      0.0,
      0.0,
      0.0,
      0.0,
      0.0
    ],
    "final_f1_mean": 0.27454917144687446,
    "final_f1_std": 0.0,
    "best_f1_mean": 0.27454917144687446,
    "best_f1_std": 0.0,
    "n_seeds": 1,
    "seeds": [
      456
    ],
    "avg_train_time_per_round": 6.054429459571838,
    "total_train_time": 60.544294595718384,
    "peak_gpu_memory_mb": 241.4228515625,
    "avg_query_time": 0.1559506893157959,
    "total_query_time": 1.559506893157959,
    "n_human_labeled_mean": [
      100.0,
      200.0,
      300.0,
      400.0,
      500.0,
      600.0,
      700.0,
      800.0,
      900.0,
      1000.0
    ],
    "total_pseudo_labeled": 1327
  },
  "full_supervision": {
    "accuracy": 0.6192,
    "f1": 0.5814762394932611,
    "train_time": 404.3370659351349,
    "gpu_memory_mb": 145.5634765625,
    "epochs": 50
  }
}