{
  "adaptive_gap_entropy": {
    "f1_mean": [
      0.156729729349714,
      0.21416212542669877,
      0.2647424301610051,
      0.33657067777530386,
      0.34245582426516635,
      0.43649972014692434,
      0.46114730660954795,
      0.4948546783719617,
      0.5146529139600285,
      0.544219695453313
    ],
    "f1_std": [
      0.01905989418423797,
      0.0044232851611832056,
      0.009346810034446037,
      0.04132644772916979,
      0.016534369297727794,
      0.019447467920319178,
      0.00580163366380301,
      0.010347316782328746,
      0.011183406519223766,
      0.011855684674479942
    ],
    "acc_mean": [
      0.21183333333333335,
      0.2727333333333333,
      0.3196333333333334,
      0.36369999999999997,
      0.38166666666666665,
      0.4505333333333333,
      0.4750666666666667,
      0.5093000000000001,
      0.5279333333333333,
      0.5580333333333334
    ],
    "acc_std": [
      0.02071075941523043,
      0.002602989734047295,
      0.011831408294122154,
      0.03194338742212542,
      0.003553714801287358,
      0.014766027074184689,
      0.009428443962582345,
      0.010312128781197409,
      0.009478513713775045,
      0.011054511396810896
    ],
    "final_f1_mean": 0.544219695453313,
    "final_f1_std": 0.011855684674479942,
    "best_f1_mean": 0.544219695453313,
    "best_f1_std": 0.011855684674479942,
    "n_seeds": 3,
    "seeds": [
      42,
      123,
      456
    ],
    "avg_train_time_per_round": 0.5272706667582194,
    "total_train_time": 15.818120002746582,
    "peak_gpu_memory_mb": 341.27001953125,
    "avg_query_time": 0.06221928596496582,
    "total_query_time": 1.8665785789489746,
    "n_human_labeled_mean": [
      100.0,
      200.0,
      300.0,
      400.0,
      500.0,
      600.0,
      700.0,
      800.0,
      900.0,
      1000.0
    ],
    "total_pseudo_labeled": 0
  },
  "badge": {
    "f1_mean": [
      0.156729729349714,
      0.24006787993248047,
      0.32600829460699177,
      0.3285071296233162,
      0.3863908915258209,
      0.44831980792378595,
      0.47232673300954303,
      0.4976705923846234,
      0.5304091918434385,
      0.5360376808687536
    ],
    "f1_std": [
      0.01905989418423797,
      0.012891436697398359,
      0.015111277520953844,
      0.018360525000414882,
      0.021770531898870574,
      0.02022900499434616,
      0.016396023997014043,
      0.016058950049021307,
      0.014604694019925849,
      0.016540926622411106
    ],
    "acc_mean": [
      0.21183333333333335,
      0.2854666666666667,
      0.36296666666666666,
      0.3699333333333333,
      0.41146666666666665,
      0.4713,
      0.48446666666666666,
      0.5136666666666666,
      0.5436,
      0.549
    ],
    "acc_std": [
      0.02071075941523043,
      0.018593607025594115,
      0.0030944394574067267,
      0.013186188060070858,
      0.01944656496373816,
      0.012003332870498918,
      0.011904154270207057,
      0.009958692462143592,
      0.013490737563232054,
      0.01568714973048536
    ],
    "final_f1_mean": 0.5360376808687536,
    "final_f1_std": 0.016540926622411106,
    "best_f1_mean": 0.5416948255100693,
    "best_f1_std": 0.009915691192191536,
    "n_seeds": 3,
    "seeds": [
      42,
      123,
      456
    ],
    "avg_train_time_per_round": 0.6521306753158569,
    "total_train_time": 19.563920259475708,
    "peak_gpu_memory_mb": 693.0390625,
    "avg_query_time": 3.269003717104594,
    "total_query_time": 98.07011151313782,
    "n_human_labeled_mean": [
      100.0,
      200.0,
      300.0,
      400.0,
      500.0,
      600.0,
      700.0,
      800.0,
      900.0,
      1000.0
    ],
    "total_pseudo_labeled": 0
  },
  "class_aware_entropy": {
    "f1_mean": [
      0.156729729349714,
      0.2281444030167132,
      0.2406931679023814,
      0.32187638161167803,
      0.3426747942274941,
      0.41780558187032585,
      0.42677706211226646,
      0.48847866870977213,
      0.5020482090185233,
      0.5091836849562773
    ],
    "f1_std": [
      0.01905989418423797,
      0.012150785693202909,
      0.03726351292676055,
      0.006166124126213355,
      0.01643898941723914,
      0.008486868430655863,
      0.0061919824500972845,
      0.002571764712488166,
      0.01929831721288249,
      0.02605487416237046
    ],
    "acc_mean": [
      0.21183333333333335,
      0.26403333333333334,
      0.28773333333333334,
      0.36260000000000003,
      0.3849666666666667,
      0.44320000000000004,
      0.4479,
      0.5078333333333334,
      0.5194,
      0.5316000000000001
    ],
    "acc_std": [
      0.02071075941523043,
      0.009539508489551351,
      0.02682502977113395,
      0.011486513831445982,
      0.007558806490151451,
      0.004465422712353214,
      0.011336078099001733,
      0.003475949110994335,
      0.015260624714167703,
      0.023642757876356134
    ],
    "final_f1_mean": 0.5091836849562773,
    "final_f1_std": 0.02605487416237046,
    "best_f1_mean": 0.518884914578151,
    "best_f1_std": 0.013261458693950366,
    "n_seeds": 3,
    "seeds": [
      42,
      123,
      456
    ],
    "avg_train_time_per_round": 0.5392863829930623,
    "total_train_time": 16.17859148979187,
    "peak_gpu_memory_mb": 429.2119140625,
    "avg_query_time": 0.06429242293039958,
    "total_query_time": 1.9287726879119873,
    "n_human_labeled_mean": [
      100.0,
      200.0,
      300.0,
      400.0,
      500.0,
      600.0,
      700.0,
      800.0,
      900.0,
      1000.0
    ],
    "total_pseudo_labeled": 0
  },
  "coreset": {
    "f1_mean": [
      0.156729729349714,
      0.2287563052183873,
      0.32709564006726016,
      0.3672973280102331,
      0.33216884375902556,
      0.41857050301615634,
      0.4717587598126561,
      0.4805286910392299,
      0.5210038297279499,
      0.5137155200798361
    ],
    "f1_std": [
      0.01905989418423797,
      0.011378603528049735,
      0.031168585221624065,
      0.015587150285146326,
      0.04094036395618896,
      0.04118219877490473,
      0.009150423402075966,
      0.011174314414872252,
      0.009277680352503032,
      0.007830862782741964
    ],
    "acc_mean": [
      0.21183333333333335,
      0.27449999999999997,
      0.36003333333333337,
      0.38936666666666664,
      0.36556666666666665,
      0.4446333333333334,
      0.4869333333333334,
      0.4953666666666667,
      0.5313666666666667,
      0.5300666666666666
    ],
    "acc_std": [
      0.02071075941523043,
      0.008365404951345754,
      0.01821031453752394,
      0.021027019654614752,
      0.02422138632604573,
      0.033820145212908576,
      0.009343209060893119,
      0.013222287581537784,
      0.00812007115458698,
      0.00879557969790635
    ],
    "final_f1_mean": 0.5137155200798361,
    "final_f1_std": 0.007830862782741964,
    "best_f1_mean": 0.5210038297279499,
    "best_f1_std": 0.009277680352503032,
    "n_seeds": 3,
    "seeds": [
      42,
      123,
      456
    ],
    "avg_train_time_per_round": 0.5748460372289022,
    "total_train_time": 17.245381116867065,
    "peak_gpu_memory_mb": 693.0390625,
    "avg_query_time": 1.723784367243449,
    "total_query_time": 51.71353101730347,
    "n_human_labeled_mean": [
      100.0,
      200.0,
      300.0,
      400.0,
      500.0,
      600.0,
      700.0,
      800.0,
      900.0,
      1000.0
    ],
    "total_pseudo_labeled": 0
  },
  "entropy": {
    "f1_mean": [
      0.156729729349714,
      0.2309055010376472,
      0.24411222795158724,
      0.284897867521471,
      0.32849137615664575,
      0.3869891685685751,
      0.44506816619477946,
      0.4924769021313323,
      0.5001968489678165,
      0.5305271631680639
    ],
    "f1_std": [
      0.01905989418423797,
      0.022494362945431733,
      0.03504034097653096,
      0.016974527534555542,
      0.04734974339289307,
      0.02175988764112756,
      0.01245143235941558,
      0.00568188181551869,
      0.007790302593430288,
      0.0032518830162267145
    ],