{
  "class_aware_entropy_ssl": {
    "f1_mean": [
      0.049727543904181847,
      0.06388104501944912,
      0.11761001300336442,
      0.12240625641244514,
      0.19027142213290144,
      0.20305440620563958,
      0.20041482000627048,
      0.2530251852289929,
      0.26430216601200957,
      0.29806444970419876
    ],
    "f1_std": [
      0.0,
      0.0,
      0.0,
      0.0,
      0.0,
      0.0,
      0.0,
      0.0,
      0.0,
      0.0
    ],
    "acc_mean": [
      0.1299,
      0.1718,
      0.1981,
      0.2124,
      0.2581,
      0.2769,
      0.2822,
      0.3158,
      0.3298,
      0.3512
    ],
    "acc_std": [
      0.0,
      0.0,
      0.0,
      0.0,
      0.0,
      0.0,
      0.0,
      0.0,
      0.0,
      0.0
    ],
    "final_f1_mean": 0.29806444970419876,
    "final_f1_std": 0.0,
    "best_f1_mean": 0.29806444970419876,
    "best_f1_std": 0.0,
    "n_seeds": 1,
    "seeds": [
      456
    ],
    "avg_train_time_per_round": 3.3912126779556275,
    "total_train_time": 33.912126779556274,
    "peak_gpu_memory_mb": 228.80078125,
    "avg_query_time": 0.09773962497711182,
    "total_query_time": 0.9773962497711182,
    "n_human_labeled_mean": [
      100.0,
      200.0,
      300.0,
      400.0,
      500.0,
      600.0,
      700.0,
      800.0,
      900.0,
      1000.0
    ],
    "total_pseudo_labeled": 539
  },
  "gap_aware_entropy_ssl": {
    "f1_mean": [
      0.049727543904181847,
      0.07560756421845397,
      0.10498218024648294,
      0.1720733216141801,
      0.14704096859265353,
      0.19362384775180966,
      0.20950846398162098,
      0.25982534322095346,
      0.2758916335632859,
      0.2785088118183618
    ],
    "f1_std": [
      0.0,
      0.0,
      0.0,
      0.0,
      0.0,
      0.0,
      0.0,
      0.0,
      0.0,
      0.0
    ],
    "acc_mean": [
      0.1299,
      0.1726,
      0.1858,
      0.2503,
      0.2185,
      0.2676,
      0.28,
      0.3286,
      0.3381,
      0.3491
    ],
    "acc_std": [
      0.0,
      0.0,
      0.0,
      0.0,
      0.0,
      0.0,
      0.0,
      0.0,
      0.0,
      0.0
    ],
    "final_f1_mean": 0.2785088118183618,
    "final_f1_std": 0.0,
    "best_f1_mean": 0.2785088118183618,
    "best_f1_std": 0.0,
    "n_seeds": 1,
    "seeds": [
      456
    ],
    "avg_train_time_per_round": 3.176964616775513,
    "total_train_time": 31.769646167755127,
    "peak_gpu_memory_mb": 228.673828125,
    "avg_query_time": 0.06514627933502197,
    "total_query_time": 0.6514627933502197,
    "n_human_labeled_mean": [
      100.0,
      200.0,
      300.0,
      400.0,
      500.0,
      600.0,
      700.0,
      800.0,
      900.0,
      1000.0
    ],
    "total_pseudo_labeled": 501
  },
  "full_supervision": {
    "accuracy": 0.6487,
    "f1": 0.6224297254711115,
    "train_time": 198.4512906074524,
    "gpu_memory_mb": 134.19287109375,
    "epochs": 50
  }
}