{
  "class_aware_entropy_ssl": {
    "f1_mean": [
      0.08077974316995014,
      0.1211193855876969,
      0.17006011966970394,
      0.23526478072009724,
      0.2770363949143042,
      0.28622163241383325,
      0.32343753145918774,
      0.3272377495203408,
      0.3475673914894499,
      0.38464189777153096
    ],
    "f1_std": [
      0.0,
      0.0,
      0.0,
      0.0,
      0.0,
      0.0,
      0.0,
      0.0,
      0.0,
      0.0
    ],
    "acc_mean": [
      0.1476,
      0.2052,
      0.2393,
      0.2886,
      0.312,
      0.335,
      0.3627,
      0.3633,
      0.3822,
      0.4124
    ],
    "acc_std": [
      0.0,
      0.0,
      0.0,
      0.0,
      0.0,
      0.0,
      0.0,
      0.0,
      0.0,
      0.0
    ],
    "final_f1_mean": 0.38464189777153096,
    "final_f1_std": 0.0,
    "best_f1_mean": 0.38464189777153096,
    "best_f1_std": 0.0,
    "n_seeds": 1,
    "seeds": [
      456
    ],
    "avg_train_time_per_round": 3.2665905475616457,
    "total_train_time": 32.665905475616455,
    "peak_gpu_memory_mb": 228.80078125,
    "avg_query_time": 0.06316308975219727,
    "total_query_time": 0.6316308975219727,
    "n_human_labeled_mean": [
      100.0,
      200.0,
      300.0,
      400.0,
      500.0,
      600.0,
      700.0,
      800.0,
      900.0,
      1000.0
    ],
    "total_pseudo_labeled": 528
  },
  "full_supervision": {
    "accuracy": 0.7734,
    "f1": 0.767463908597943,
    "train_time": 268.7665717601776,
    "gpu_memory_mb": 134.19287109375,
    "epochs": 50
  }
}