{
  "class_aware_entropy": {
    "f1_mean": [
      0.07986348699187304,
      0.15950487135807467,
      0.18951564240547453,
      0.24201736698396545,
      0.2607449272100168,
      0.2963435908286599,
      0.3241644481125802,
      0.3274973296827502,
      0.3420481261814719,
      0.378685654770401
    ],
    "f1_std": [
      0.0,
      0.0,
      0.0,
      0.0,
      0.0,
      0.0,
      0.0,
      0.0,
      0.0,
      0.0
    ],
    "acc_mean": [
      0.1441,
      0.2267,
      0.2401,
      0.2883,
      0.3025,
      0.3371,
      0.355,
      0.3666,
      0.3819,
      0.4109
    ],
    "acc_std": [
      0.0,
      0.0,
      0.0,
      0.0,
      0.0,
      0.0,
      0.0,
      0.0,
      0.0,
      0.0
    ],
    "final_f1_mean": 0.378685654770401,
    "final_f1_std": 0.0,
    "best_f1_mean": 0.378685654770401,
    "best_f1_std": 0.0,
    "n_seeds": 1,
    "seeds": [
      42
    ],
    "avg_train_time_per_round": 3.7596892356872558,
    "total_train_time": 37.59689235687256,
    "peak_gpu_memory_mb": 241.4228515625,
    "avg_query_time": 0.05976324081420899,
    "total_query_time": 0.5976324081420898,
    "n_human_labeled_mean": [
      100.0,
      200.0,
      300.0,
      400.0,
      500.0,
      600.0,
      700.0,
      800.0,
      900.0,
      1000.0
    ],
    "total_pseudo_labeled": 732
  },
  "entropy": {
    "f1_mean": [
      0.07986348699187304,
      0.16722558187941688,
      0.2044158085320608,
      0.23678765209416547,
      0.23291202066085245,
      0.2642516710535171,
      0.3072015777713803,
      0.3661875754969923,
      0.3627051057299079,
      0.4021828574751928
    ],
    "f1_std": [
      0.0,
      0.0,
      0.0,
      0.0,
      0.0,
      0.0,
      0.0,
      0.0,
      0.0,
      0.0
    ],
    "acc_mean": [
      0.1441,
      0.2282,
      0.2573,
      0.2763,
      0.2738,
      0.3056,
      0.3427,
      0.3905,
      0.3993,
      0.4293
    ],
    "acc_std": [
      0.0,
      0.0,
      0.0,
      0.0,
      0.0,
      0.0,
      0.0,
      0.0,
      0.0,
      0.0
    ],
    "final_f1_mean": 0.4021828574751928,
    "final_f1_std": 0.0,
    "best_f1_mean": 0.4021828574751928,
    "best_f1_std": 0.0,
    "n_seeds": 1,
    "seeds": [
      42
    ],
    "avg_train_time_per_round": 4.158036088943481,
    "total_train_time": 41.580360889434814,
    "peak_gpu_memory_mb": 236.80224609375,
    "avg_query_time": 0.00021517276763916016,
    "total_query_time": 0.0021517276763916016,
    "n_human_labeled_mean": [
      100.0,
      200.0,
      300.0,
      400.0,
      500.0,
      600.0,
      700.0,
      800.0,
      900.0,
      1000.0
    ],
    "total_pseudo_labeled": 1089
  },
  "full_supervision": {
    "accuracy": 0.7679,
    "f1": 0.761830814777832,
    "train_time": 264.63557958602905,
    "gpu_memory_mb": 146.5634765625,
    "epochs": 50
  }
}