{
  "adaptive_gap_entropy": {
    "f1_mean": [
      0.11790163326131034,
      0.18690970208940422,
      0.162119531185198,
      0.21764098437192508,
      0.1940325163763446,
      0.2706928742300868,
      0.2556402628771636,
      0.29876729762712007,
      0.32045314032347605,
      0.3572979617025531
    ],
    "f1_std": [
      0.0,
      0.0,
      0.0,
      0.0,
      0.0,
      0.0,
      0.0,
      0.0,
      0.0,
      0.0
    ],
    "acc_mean": [
      0.1926,
      0.255,
      0.2032,
      0.2739,
      0.2343,
      0.3109,
      0.2978,
      0.3385,
      0.3615,
      0.3911
    ],
    "acc_std": [
      0.0,
      0.0,
      0.0,
      0.0,
      0.0,
      0.0,
      0.0,
      0.0,
      0.0,
      0.0
    ],
    "final_f1_mean": 0.3572979617025531,
    "final_f1_std": 0.0,
    "best_f1_mean": 0.3572979617025531,
    "best_f1_std": 0.0,
    "n_seeds": 1,
    "seeds": [
      456
    ],
    "avg_train_time_per_round": 0.6912136554718018,
    "total_train_time": 6.912136554718018,
    "peak_gpu_memory_mb": 131.31787109375,
    "avg_query_time": 0.06999056339263916,
    "total_query_time": 0.6999056339263916,
    "n_human_labeled_mean": [
      100.0,
      200.0,
      300.0,
      400.0,
      500.0,
      600.0,
      700.0,
      800.0,
      900.0,
      1000.0
    ],
    "total_pseudo_labeled": 0
  },
  "class_aware_entropy": {
    "f1_mean": [
      0.11790163326131034,
      0.16968919617714634,
      0.1536540926294306,
      0.20233941339486639,
      0.2030964800066938,
      0.2666299153582265,
      0.27722654748297104,
      0.3035249234635875,
      0.34255816547090273,
      0.3588364680092058
    ],
    "f1_std": [
      0.0,
      0.0,
      0.0,
      0.0,
      0.0,
      0.0,
      0.0,
      0.0,
      0.0,
      0.0
    ],
    "acc_mean": [
      0.1926,
      0.2395,
      0.211,
      0.2582,
      0.2381,
      0.3072,
      0.3192,
      0.3477,
      0.3734,
      0.3888
    ],
    "acc_std": [
      0.0,
      0.0,
      0.0,
      0.0,
      0.0,
      0.0,
      0.0,
      0.0,
      0.0,
      0.0
    ],
    "final_f1_mean": 0.3588364680092058,
    "final_f1_std": 0.0,
    "best_f1_mean": 0.3588364680092058,
    "best_f1_std": 0.0,
    "n_seeds": 1,
    "seeds": [
      456
    ],
    "avg_train_time_per_round": 0.8549988985061645,
    "total_train_time": 8.549988985061646,
    "peak_gpu_memory_mb": 131.31787109375,
    "avg_query_time": 0.07200498580932617,
    "total_query_time": 0.7200498580932617,
    "n_human_labeled_mean": [
      100.0,
      200.0,
      300.0,
      400.0,
      500.0,
      600.0,
      700.0,
      800.0,
      900.0,
      1000.0
    ],
    "total_pseudo_labeled": 0
  },
  "gap_aware_entropy": {
    "f1_mean": [
      0.11790163326131034,
      0.18167990152856597,
      0.16165369760426987,
      0.24822544542235433,
      0.21387413925015966,
      0.273105694576084,
      0.2869430346205036,
      0.32654372153943106,
      0.34626439993838265,
      0.34131061677955854
    ],
    "f1_std": [
      0.0,
      0.0,
      0.0,
      0.0,
      0.0,
      0.0,
      0.0,
      0.0,
      0.0,
      0.0
    ],
    "acc_mean": [
      0.1926,
      0.2483,
      0.2091,
      0.2892,
      0.2465,
      0.3057,
      0.3221,
      0.3628,
      0.3858,
      0.3759
    ],
    "acc_std": [
      0.0,
      0.0,
      0.0,
      0.0,
      0.0,
      0.0,
      0.0,
      0.0,
      0.0,
      0.0
    ],
    "final_f1_mean": 0.34131061677955854,
    "final_f1_std": 0.0,
    "best_f1_mean": 0.34626439993838265,
    "best_f1_std": 0.0,
    "n_seeds": 1,
    "seeds": [
      456
    ],
    "avg_train_time_per_round": 0.7700755834579468,
    "total_train_time": 7.700755834579468,
    "peak_gpu_memory_mb": 131.31787109375,
    "avg_query_time": 0.08337249755859374,
    "total_query_time": 0.8337249755859375,
    "n_human_labeled_mean": [
      100.0,
      200.0,
      300.0,
      400.0,
      500.0,
      600.0,
      700.0,
      800.0,
      900.0,
      1000.0
    ],
    "total_pseudo_labeled": 0
  },
  "full_supervision": {
    "accuracy": 0.7641,
    "f1": 0.7575697828088535,
    "train_time": 389.779824256897,
    "gpu_memory_mb": 133.69287109375,
    "epochs": 50
  }
}