{
  "entropy": {
    "f1_mean": [
      0.00169471324899891,
      0.009763613303576214,
      0.016187153785294853,
      0.017739204134537483,
      0.017552249621493946,
      0.024591895524313134,
      0.02971971334339054,
      0.03669847787974006,
      0.0468345593911052,
      0.05039067385446036
    ],
    "f1_std": [
      0.0,
      0.0,
      0.0,
      0.0,
      0.0,
      0.0,
      0.0,
      0.0,
      0.0,
      0.0
    ],
    "acc_mean": [
      0.0195,
      0.0388,
      0.0536,
      0.0535,
      0.0545,
      0.0649,
      0.0704,
      0.0758,
      0.0873,
      0.0929
    ],
    "acc_std": [
      0.0,
      0.0,
      0.0,
      0.0,
      0.0,
      0.0,
      0.0,
      0.0,
      0.0,
      0.0
    ],
    "final_f1_mean": 0.05039067385446036,
    "final_f1_std": 0.0,
    "best_f1_mean": 0.05039067385446036,
    "best_f1_std": 0.0,
    "n_seeds": 1,
    "seeds": [
      42
    ],
    "avg_train_time_per_round": 2.677458143234253,
    "total_train_time": 26.77458143234253,
    "peak_gpu_memory_mb": 237.5078125,
    "avg_query_time": 0.001978898048400879,
    "total_query_time": 0.01978898048400879,
    "n_human_labeled_mean": [
      100.0,
      200.0,
      300.0,
      400.0,
      500.0,
      600.0,
      700.0,
      800.0,
      900.0,
      1000.0
    ],
    "total_pseudo_labeled": 25
  },
  "full_supervision": {
    "accuracy": 0.3362,
    "f1": 0.2902273131436577,
    "train_time": 237.8702416419983,
    "gpu_memory_mb": 147.22265625,
    "epochs": 50
  }
}