{
  "class_aware_entropy": {
    "f1_mean": [
      0.08816755465991738,
      0.09784687177875466,
      0.1111949256238463,
      0.1370170950992909,
      0.15405803492795334,
      0.17503962726147576,
      0.19720813168091228,
      0.21339438842436662,
      0.2510736301228298,
      0.25605056547705124
    ],
    "f1_std": [
      0.0,
      0.0,
      0.0,
      0.0,
      0.0,
      0.0,
      0.0,
      0.0,
      0.0,
      0.0
    ],
    "acc_mean": [
      0.1856,
      0.2047,
      0.2172,
      0.227,
      0.2343,
      0.2657,
      0.278,
      0.2913,
      0.3214,
      0.3188
    ],
    "acc_std": [
      0.0,
      0.0,
      0.0,
      0.0,
      0.0,
      0.0,
      0.0,
      0.0,
      0.0,
      0.0
    ],
    "final_f1_mean": 0.25605056547705124,
    "final_f1_std": 0.0,
    "best_f1_mean": 0.25605056547705124,
    "best_f1_std": 0.0,
    "n_seeds": 1,
    "seeds": [
      456
    ],
    "avg_train_time_per_round": 3.550276017189026,
    "total_train_time": 35.50276017189026,
    "peak_gpu_memory_mb": 228.80078125,
    "avg_query_time": 0.07404167652130127,
    "total_query_time": 0.7404167652130127,
    "n_human_labeled_mean": [
      100.0,
      200.0,
      300.0,
      400.0,
      500.0,
      600.0,
      700.0,
      800.0,
      900.0,
      1000.0
    ],
    "total_pseudo_labeled": 599
  },
  "gap_aware_entropy": {
    "f1_mean": [
      0.08816755465991738,
      0.09856129676945358,
      0.12003642588803336,
      0.1366191713914356,
      0.17989697090862497,
      0.1821807642513939,
      0.20547274359657072,
      0.21452016347272265,
      0.27878469764958175,
      0.23781271445763533
    ],
    "f1_std": [
      0.0,
      0.0,
      0.0,
      0.0,
      0.0,
      0.0,
      0.0,
      0.0,
      0.0,
      0.0
    ],
    "acc_mean": [
      0.1856,
      0.2002,
      0.2137,
      0.2206,
      0.2483,
      0.2553,
      0.2762,
      0.2908,
      0.3446,
      0.3165
    ],
    "acc_std": [
      0.0,
      0.0,
      0.0,
      0.0,
      0.0,
      0.0,
      0.0,
      0.0,
      0.0,
      0.0
    ],
    "final_f1_mean": 0.23781271445763533,
    "final_f1_std": 0.0,
    "best_f1_mean": 0.27878469764958175,
    "best_f1_std": 0.0,
    "n_seeds": 1,
    "seeds": [
      456
    ],
    "avg_train_time_per_round": 3.3124028921127318,
    "total_train_time": 33.12402892112732,
    "peak_gpu_memory_mb": 228.673828125,
    "avg_query_time": 0.08281896114349366,
    "total_query_time": 0.8281896114349365,
    "n_human_labeled_mean": [
      100.0,
      200.0,
      300.0,
      400.0,
      500.0,
      600.0,
      700.0,
      800.0,
      900.0,
      1000.0
    ],
    "total_pseudo_labeled": 688
  },
  "full_supervision": {
    "accuracy": 0.6012,
    "f1": 0.5577247057769623,
    "train_time": 133.09590530395508,
    "gpu_memory_mb": 134.19287109375,
    "epochs": 50
  }
}