{
  "adaptive_gap_entropy": {
    "f1_mean": [
      0.049727543904181847,
      0.07258236167120316,
      0.10701918484925135,
      0.15639468982281585,
      0.18353143244845016,
      0.19128721244435784,
      0.21621632809311295,
      0.2631319319150411,
      0.2913162402333042,
      0.3258272946258892
    ],
    "f1_std": [
      0.0,
      0.0,
      0.0,
      0.0,
      0.0,
      0.0,
      0.0,
      0.0,
      0.0,
      0.0
    ],
    "acc_mean": [
      0.1299,
      0.1733,
      0.1944,
      0.2437,
      0.2572,
      0.2689,
      0.2954,
      0.3341,
      0.3451,
      0.3698
    ],
    "acc_std": [
      0.0,
      0.0,
      0.0,
      0.0,
      0.0,
      0.0,
      0.0,
      0.0,
      0.0,
      0.0
    ],
    "final_f1_mean": 0.3258272946258892,
    "final_f1_std": 0.0,
    "best_f1_mean": 0.3258272946258892,
    "best_f1_std": 0.0,
    "n_seeds": 1,
    "seeds": [
      456
    ],
    "avg_train_time_per_round": 4.103518176078796,
    "total_train_time": 41.035181760787964,
    "peak_gpu_memory_mb": 241.42138671875,
    "avg_query_time": 0.15279221534729004,
    "total_query_time": 1.5279221534729004,
    "n_human_labeled_mean": [
      100.0,
      200.0,
      300.0,
      400.0,
      500.0,
      600.0,
      700.0,
      800.0,
      900.0,
      1000.0
    ],
    "total_pseudo_labeled": 638
  },
  "class_aware_entropy": {
    "f1_mean": [
      0.049727543904181847,
      0.07804547964773312,
      0.11125072291773405,
      0.1523476621930871,
      0.20901201416541876,
      0.22632910035556547,
      0.22238694839996692,
      0.2624690303289631,
      0.28875582070371075,
      0.3078564300089313
    ],
    "f1_std": [
      0.0,
      0.0,
      0.0,
      0.0,
      0.0,
      0.0,
      0.0,
      0.0,
      0.0,
      0.0
    ],
    "acc_mean": [
      0.1299,
      0.1839,
      0.2028,
      0.2322,
      0.2786,
      0.2954,
      0.2907,
      0.3324,
      0.3545,
      0.3628
    ],
    "acc_std": [
      0.0,
      0.0,
      0.0,
      0.0,
      0.0,
      0.0,
      0.0,
      0.0,
      0.0,
      0.0
    ],
    "final_f1_mean": 0.3078564300089313,
    "final_f1_std": 0.0,
    "best_f1_mean": 0.3078564300089313,
    "best_f1_std": 0.0,
    "n_seeds": 1,
    "seeds": [
      456
    ],
    "avg_train_time_per_round": 4.12764036655426,
    "total_train_time": 41.2764036655426,
    "peak_gpu_memory_mb": 241.42138671875,
    "avg_query_time": 0.15371510982513428,
    "total_query_time": 1.5371510982513428,
    "n_human_labeled_mean": [
      100.0,
      200.0,
      300.0,
      400.0,
      500.0,
      600.0,
      700.0,
      800.0,
      900.0,
      1000.0
    ],
    "total_pseudo_labeled": 331
  },
  "entropy": {
    "f1_mean": [
      0.049727543904181847,
      0.0799495051646922,
      0.10151530853114392,
      0.16370944614225375,
      0.17629556470804275,
      0.1945971695683482,
      0.2412132005397314,
      0.2416158187094525,
      0.2650384783810625,
      0.30141141168485736
    ],
    "f1_std": [
      0.0,
      0.0,
      0.0,
      0.0,
      0.0,
      0.0,
      0.0,
      0.0,
      0.0,
      0.0
    ],
    "acc_mean": [
      0.1299,
      0.1861,
      0.1991,
      0.2449,
      0.2609,
      0.28,
      0.3133,
      0.3163,
      0.3341,
      0.3642
    ],
    "acc_std": [
      0.0,
      0.0,
      0.0,
      0.0,
      0.0,
      0.0,
      0.0,
      0.0,
      0.0,
      0.0
    ],
    "final_f1_mean": 0.30141141168485736,
    "final_f1_std": 0.0,
    "best_f1_mean": 0.30141141168485736,
    "best_f1_std": 0.0,
    "n_seeds": 1,
    "seeds": [
      456
    ],
    "avg_train_time_per_round": 4.348266696929931,
    "total_train_time": 43.482666969299316,
    "peak_gpu_memory_mb": 236.80078125,
    "avg_query_time": 0.000562596321105957,
    "total_query_time": 0.00562596321105957,
    "n_human_labeled_mean": [
      100.0,
      200.0,
      300.0,
      400.0,
      500.0,
      600.0,
      700.0,
      800.0,
      900.0,
      1000.0
    ],
    "total_pseudo_labeled": 681
  },
  "gap_aware_entropy": {
    "f1_mean": [
      0.049727543904181847,
      0.07560756421845397,
      0.10498218024648294,
      0.15026413322788973,
      0.14657435880451794,
      0.15696743269145197,
      0.22321411739094593,
      0.2477097275569641,
      0.280114080545142,
      0.2821511492975765
    ],
    "f1_std": [
      0.0,
      0.0,
      0.0,
      0.0,
      0.0,
      0.0,
      0.0,
      0.0,
      0.0,
      0.0
    ],
    "acc_mean": [
      0.1299,
      0.1726,
      0.1858,
      0.236,
      0.223,
      0.2372,
      0.2935,
      0.3194,
      0.3492,
      0.3543
    ],
    "acc_std": [
      0.0,
      0.0,
      0.0,
      0.0,
      0.0,
      0.0,
      0.0,
      0.0,
      0.0,
      0.0
    ],
    "final_f1_mean": 0.2821511492975765,
    "final_f1_std": 0.0,
    "best_f1_mean": 0.2821511492975765,
    "best_f1_std": 0.0,
    "n_seeds": 1,
    "seeds": [
      456
    ],
    "avg_train_time_per_round": 4.124374556541443,
    "total_train_time": 41.24374556541443,
    "peak_gpu_memory_mb": 241.42138671875,
    "avg_query_time": 0.15515739917755128,
    "total_query_time": 1.5515739917755127,
    "n_human_labeled_mean": [
      100.0,
      200.0,
      300.0,
      400.0,
      500.0,
      600.0,
      700.0,
      800.0,
      900.0,
      1000.0
    ],
    "total_pseudo_labeled": 580
  },
  "full_supervision": {
    "accuracy": 0.6506,
    "f1": 0.6239700319415206,
    "train_time": 226.19472122192383,
    "gpu_memory_mb": 145.5634765625,
    "epochs": 50
  }
}