{
  "entropy": {
    "f1_mean": [
      0.16720215048172907,
      0.16271073519628468,
      0.14459643013767606,
      0.14765861023878765,
      0.1777074105914425,
      0.24137101165884656,
      0.2705929494831913,
      0.3133840220625354,
      0.3227107886119142,
      0.32976790477842616
    ],
    "f1_std": [
      0.015512450582244666,
      0.006088118108334944,
      0.035635857929000196,
      0.031508754112674786,
      0.03164295146675393,
      0.02462193554462256,
      0.01762577999035309,
      0.011168319150263433,
      0.005930146344952671,
      0.011386000462669233
    ],
    "acc_mean": [
      0.20696666666666666,
      0.2034,
      0.18799999999999997,
      0.18373333333333333,
      0.20916666666666664,
      0.2654,
      0.2909,
      0.3292,
      0.3366,
      0.3460666666666667
    ],
    "acc_std": [
      0.01929306150465038,
      0.0017907168024751058,
      0.028439878105692838,
      0.028224614946689517,
      0.03313108644292983,
      0.02842756877868148,
      0.019513585011473406,
      0.00988635423197046,
      0.005292132525425514,
      0.012687351531698357
    ],
    "final_f1_mean": 0.32976790477842616,
    "final_f1_std": 0.011386000462669233,
    "best_f1_mean": 0.3305543541601586,
    "best_f1_std": 0.010519660456839658,
    "n_seeds": 3,
    "seeds": [
      42,
      123,
      456
    ],
    "avg_train_time_per_round": 1.2369377215703328,
    "total_train_time": 37.108131647109985,
    "peak_gpu_memory_mb": 151.18896484375,
    "avg_query_time": 0.0005611419677734375,
    "total_query_time": 0.016834259033203125,
    "n_human_labeled_mean": [
      100.0,
      200.0,
      300.0,
      400.0,
      500.0,
      600.0,
      700.0,
      800.0,
      900.0,
      1000.0
    ],
    "total_pseudo_labeled": 0
  },
  "full_supervision": {
    "accuracy": 0.7447,
    "f1": 0.7410221245038802,
    "train_time": 466.4044704437256,
    "gpu_memory_mb": 146.43896484375,
    "epochs": 50
  }
}