{
  "class_aware_entropy": {
    "f1_mean": [
      0.07986348699187304,
      0.15950487135807467,
      0.18951564240547453,
      0.24201736698396545,
      0.2607449272100168,
      0.2963435908286599,
      0.3241644481125802,
      0.32710586838741534,
      0.37986133669330796,
      0.40168565866330963
    ],
    "f1_std": [
      0.0,
      0.0,
      0.0,
      0.0,
      0.0,
      0.0,
      0.0,
      0.0,
      0.0,
      0.0
    ],
    "acc_mean": [
      0.1441,
      0.2267,
      0.2401,
      0.2883,
      0.3025,
      0.3371,
      0.355,
      0.3744,
      0.4111,
      0.4267
    ],
    "acc_std": [
      0.0,
      0.0,
      0.0,
      0.0,
      0.0,
      0.0,
      0.0,
      0.0,
      0.0,
      0.0
    ],
    "final_f1_mean": 0.40168565866330963,
    "final_f1_std": 0.0,
    "best_f1_mean": 0.40168565866330963,
    "best_f1_std": 0.0,
    "n_seeds": 1,
    "seeds": [
      42
    ],
    "avg_train_time_per_round": 3.1450212478637694,
    "total_train_time": 31.450212478637695,
    "peak_gpu_memory_mb": 241.42138671875,
    "avg_query_time": 0.06005649566650391,
    "total_query_time": 0.6005649566650391,
    "n_human_labeled_mean": [
      100.0,
      200.0,
      300.0,
      400.0,
      500.0,
      600.0,
      700.0,
      800.0,
      900.0,
      1000.0
    ],
    "total_pseudo_labeled": 311
  },
  "entropy": {
    "f1_mean": [
      0.07986348699187304,
      0.16722558187941688,
      0.2044158085320608,
      0.23678765209416547,
      0.23291202066085245,
      0.2642516710535171,
      0.3072015777713803,
      0.35114038763881644,
      0.364204016336047,
      0.3932346215000002
    ],
    "f1_std": [
      0.0,
      0.0,
      0.0,
      0.0,
      0.0,
      0.0,
      0.0,
      0.0,
      0.0,
      0.0
    ],
    "acc_mean": [
      0.1441,
      0.2282,
      0.2573,
      0.2763,
      0.2738,
      0.3056,
      0.3427,
      0.3717,
      0.3833,
      0.4038
    ],
    "acc_std": [
      0.0,
      0.0,
      0.0,
      0.0,
      0.0,
      0.0,
      0.0,
      0.0,
      0.0,
      0.0
    ],
    "final_f1_mean": 0.3932346215000002,
    "final_f1_std": 0.0,
    "best_f1_mean": 0.3932346215000002,
    "best_f1_std": 0.0,
    "n_seeds": 1,
    "seeds": [
      42
    ],
    "avg_train_time_per_round": 3.5924182176589965,
    "total_train_time": 35.924182176589966,
    "peak_gpu_memory_mb": 236.80078125,
    "avg_query_time": 0.0013985872268676759,
    "total_query_time": 0.013985872268676758,
    "n_human_labeled_mean": [
      100.0,
      200.0,
      300.0,
      400.0,
      500.0,
      600.0,
      700.0,
      800.0,
      900.0,
      1000.0
    ],
    "total_pseudo_labeled": 378
  },
  "full_supervision": {
    "accuracy": 0.7699,
    "f1": 0.763882073422541,
    "train_time": 275.9027466773987,
    "gpu_memory_mb": 146.5634765625,
    "epochs": 50
  }
}