{
  "class_aware_entropy_ssl": {
    "f1_mean": [
      0.08077974316995014,
      0.1211193855876969,
      0.17006011966970394,
      0.23526478072009724,
      0.2770363949143042,
      0.28622163241383325,
      0.32343753145918774,
      0.3272377495203408,
      0.3475673914894499,
      0.38464189777153096
    ],
    "f1_std": [
      0.0,
      0.0,
      0.0,
      0.0,
      0.0,
      0.0,
      0.0,
      0.0,
      0.0,
      0.0
    ],
    "acc_mean": [
      0.1476,
      0.2052,
      0.2393,
      0.2886,
      0.312,
      0.335,
      0.3627,
      0.3633,
      0.3822,
      0.4124
    ],
    "acc_std": [
      0.0,
      0.0,
      0.0,
      0.0,
      0.0,
      0.0,
      0.0,
      0.0,
      0.0,
      0.0
    ],
    "final_f1_mean": 0.38464189777153096,
    "final_f1_std": 0.0,
    "best_f1_mean": 0.38464189777153096,
    "best_f1_std": 0.0,
    "n_seeds": 1,
    "seeds": [
      456
    ],
    "avg_train_time_per_round": 4.249166083335877,
    "total_train_time": 42.491660833358765,
    "peak_gpu_memory_mb": 228.80078125,
    "avg_query_time": 0.15681512355804444,
    "total_query_time": 1.5681512355804443,
    "n_human_labeled_mean": [
      100.0,
      200.0,
      300.0,
      400.0,
      500.0,
      600.0,
      700.0,
      800.0,
      900.0,
      1000.0
    ],
    "total_pseudo_labeled": 528
  },
  "gap_aware_entropy_ssl": {
    "f1_mean": [
      0.08077974316995014,
      0.15599452519117923,
      0.18241046294982544,
      0.23655140158420962,
      0.2634595181471707,
      0.30074814189202426,
      0.33975200770571284,
      0.35518417651163436,
      0.31230299135079553,
      0.3939257287978975
    ],
    "f1_std": [
      0.0,
      0.0,
      0.0,
      0.0,
      0.0,
      0.0,
      0.0,
      0.0,
      0.0,
      0.0
    ],
    "acc_mean": [
      0.1476,
      0.2293,
      0.2447,
      0.2904,
      0.3123,
      0.3393,
      0.3648,
      0.3717,
      0.3442,
      0.4079
    ],
    "acc_std": [
      0.0,
      0.0,
      0.0,
      0.0,
      0.0,
      0.0,
      0.0,
      0.0,
      0.0,
      0.0
    ],
    "final_f1_mean": 0.3939257287978975,
    "final_f1_std": 0.0,
    "best_f1_mean": 0.3939257287978975,
    "best_f1_std": 0.0,
    "n_seeds": 1,
    "seeds": [
      456
    ],
    "avg_train_time_per_round": 4.071360421180725,
    "total_train_time": 40.71360421180725,
    "peak_gpu_memory_mb": 228.673828125,
    "avg_query_time": 0.15422444343566893,
    "total_query_time": 1.5422444343566895,
    "n_human_labeled_mean": [
      100.0,
      200.0,
      300.0,
      400.0,
      500.0,
      600.0,
      700.0,
      800.0,
      900.0,
      1000.0
    ],
    "total_pseudo_labeled": 527
  },
  "full_supervision": {
    "accuracy": 0.7734,
    "f1": 0.767463908597943,
    "train_time": 594.5987887382507,
    "gpu_memory_mb": 134.19287109375,
    "epochs": 50
  }
}