{
  "adaptive_gap_entropy": {
    "f1_mean": [
      0.08077974316995014,
      0.19001192220062751,
      0.223529365718003,
      0.23728525239686604,
      0.22559171802756617,
      0.29298810354219906,
      0.30602616567643437,
      0.334034095052888,
      0.327757003803718,
      0.3231292812715921
    ],
    "f1_std": [
      0.0,
      0.0,
      0.0,
      0.0,
      0.0,
      0.0,
      0.0,
      0.0,
      0.0,
      0.0
    ],
    "acc_mean": [
      0.1476,
      0.2625,
      0.2765,
      0.2851,
      0.2923,
      0.3426,
      0.3365,
      0.3601,
      0.3648,
      0.3457
    ],
    "acc_std": [
      0.0,
      0.0,
      0.0,
      0.0,
      0.0,
      0.0,
      0.0,
      0.0,
      0.0,
      0.0
    ],
    "final_f1_mean": 0.3231292812715921,
    "final_f1_std": 0.0,
    "best_f1_mean": 0.334034095052888,
    "best_f1_std": 0.0,
    "n_seeds": 1,
    "seeds": [
      456
    ],
    "avg_train_time_per_round": 6.124796175956726,
    "total_train_time": 61.24796175956726,
    "peak_gpu_memory_mb": 241.4228515625,
    "avg_query_time": 0.1407346248626709,
    "total_query_time": 1.407346248626709,
    "n_human_labeled_mean": [
      100.0,
      200.0,
      300.0,
      400.0,
      500.0,
      600.0,
      700.0,
      800.0,
      900.0,
      1000.0
    ],
    "total_pseudo_labeled": 1049
  },
  "class_aware_entropy": {
    "f1_mean": [
      0.08077974316995014,
      0.143318188089354,
      0.20717345037732476,
      0.23643035741479101,
      0.23783798542694762,
      0.28976796929327386,
      0.3036296618641601,
      0.3445281357737395,
      0.3671077310129112,
      0.38381630652382615
    ],
    "f1_std": [
      0.0,
      0.0,
      0.0,
      0.0,
      0.0,
      0.0,
      0.0,
      0.0,
      0.0,
      0.0
    ],
    "acc_mean": [
      0.1476,
      0.2158,
      0.2741,
      0.2772,
      0.2846,
      0.3406,
      0.3418,
      0.3717,
      0.3987,
      0.408
    ],
    "acc_std": [
      0.0,
      0.0,
      0.0,
      0.0,
      0.0,
      0.0,
      0.0,
      0.0,
      0.0,
      0.0
    ],
    "final_f1_mean": 0.38381630652382615,
    "final_f1_std": 0.0,
    "best_f1_mean": 0.38381630652382615,
    "best_f1_std": 0.0,
    "n_seeds": 1,
    "seeds": [
      456
    ],
    "avg_train_time_per_round": 6.369511890411377,
    "total_train_time": 63.69511890411377,
    "peak_gpu_memory_mb": 241.4228515625,
    "avg_query_time": 0.14631519317626954,
    "total_query_time": 1.4631519317626953,
    "n_human_labeled_mean": [
      100.0,
      200.0,
      300.0,
      400.0,
      500.0,
      600.0,
      700.0,
      800.0,
      900.0,
      1000.0
    ],
    "total_pseudo_labeled": 974
  },
  "entropy": {
    "f1_mean": [
      0.08077974316995014,
      0.11485659133766987,
      0.16752603377750602,
      0.19375997654303886,
      0.17748395603763562,
      0.21997790528087133,
      0.3147510883320256,
      0.31393825803683045,
      0.35297992465935685,
      0.36953618492557916
    ],
    "f1_std": [
      0.0,
      0.0,
      0.0,
      0.0,
      0.0,
      0.0,
      0.0,
      0.0,
      0.0,
      0.0
    ],
    "acc_mean": [
      0.1476,
      0.2024,
      0.2463,
      0.2618,
      0.2558,
      0.2861,
      0.3465,
      0.3621,
      0.3825,
      0.3994
    ],
    "acc_std": [
      0.0,
      0.0,
      0.0,
      0.0,
      0.0,
      0.0,
      0.0,
      0.0,
      0.0,
      0.0
    ],
    "final_f1_mean": 0.36953618492557916,
    "final_f1_std": 0.0,
    "best_f1_mean": 0.36953618492557916,
    "best_f1_std": 0.0,
    "n_seeds": 1,
    "seeds": [
      456
    ],
    "avg_train_time_per_round": 6.687357878684997,
    "total_train_time": 66.87357878684998,
    "peak_gpu_memory_mb": 236.80224609375,
    "avg_query_time": 0.0005254983901977539,
    "total_query_time": 0.005254983901977539,
    "n_human_labeled_mean": [
      100.0,
      200.0,
      300.0,
      400.0,
      500.0,
      600.0,
      700.0,
      800.0,
      900.0,
      1000.0
    ],
    "total_pseudo_labeled": 888
  },
  "gap_aware_entropy": {
    "f1_mean": [
      0.08077974316995014,
      0.19360348207220637,
      0.222302351809266,
      0.2213027731469835,
      0.24215334039615563,
      0.2815267003639962,
      0.31872581560919905,
      0.32015887333102955,
      0.3385874503045166,
      0.36978334912957017
    ],
    "f1_std": [
      0.0,
      0.0,
      0.0,
      0.0,
      0.0,
      0.0,
      0.0,
      0.0,
      0.0,
      0.0
    ],
    "acc_mean": [
      0.1476,
      0.265,
      0.2709,
      0.2691,
      0.2986,
      0.3304,
      0.3552,
      0.3511,
      0.371,
      0.391
    ],
    "acc_std": [
      0.0,
      0.0,
      0.0,
      0.0,
      0.0,
      0.0,
      0.0,
      0.0,
      0.0,
      0.0
    ],
    "final_f1_mean": 0.36978334912957017,
    "final_f1_std": 0.0,
    "best_f1_mean": 0.36978334912957017,
    "best_f1_std": 0.0,
    "n_seeds": 1,
    "seeds": [
      456
    ],
    "avg_train_time_per_round": 6.410264110565185,
    "total_train_time": 64.10264110565186,
    "peak_gpu_memory_mb": 241.4228515625,
    "avg_query_time": 0.150825572013855,
    "total_query_time": 1.5082557201385498,
    "n_human_labeled_mean": [
      100.0,
      200.0,
      300.0,
      400.0,
      500.0,
      600.0,
      700.0,
      800.0,
      900.0,
      1000.0
    ],
    "total_pseudo_labeled": 878
  },
  "full_supervision": {
    "accuracy": 0,
    "f1": 0,
    "train_time": 0,
    "gpu_memory_mb": 0,
    "epochs": 0
  }
}