{
  "class_aware_entropy": {
    "f1_mean": [
      0.08816755465991738,
      0.09784687177875466,
      0.1111949256238463,
      0.1370170950992909,
      0.15405803492795334,
      0.17503962726147576,
      0.19720813168091228,
      0.21339438842436662,
      0.2510736301228298,
      0.25605056547705124
    ],
    "f1_std": [
      0.0,
      0.0,
      0.0,
      0.0,
      0.0,
      0.0,
      0.0,
      0.0,
      0.0,
      0.0
    ],
    "acc_mean": [
      0.1856,
      0.2047,
      0.2172,
      0.227,
      0.2343,
      0.2657,
      0.278,
      0.2913,
      0.3214,
      0.3188
    ],
    "acc_std": [
      0.0,
      0.0,
      0.0,
      0.0,
      0.0,
      0.0,
      0.0,
      0.0,
      0.0,
      0.0
    ],
    "final_f1_mean": 0.25605056547705124,
    "final_f1_std": 0.0,
    "best_f1_mean": 0.25605056547705124,
    "best_f1_std": 0.0,
    "n_seeds": 1,
    "seeds": [
      456
    ],
    "avg_train_time_per_round": 3.9721575021743774,
    "total_train_time": 39.721575021743774,
    "peak_gpu_memory_mb": 228.80078125,
    "avg_query_time": 0.13996996879577636,
    "total_query_time": 1.3996996879577637,
    "n_human_labeled_mean": [
      100.0,
      200.0,
      300.0,
      400.0,
      500.0,
      600.0,
      700.0,
      800.0,
      900.0,
      1000.0
    ],
    "total_pseudo_labeled": 599
  },
  "full_supervision": {
    "accuracy": 0.6012,
    "f1": 0.5577247057769623,
    "train_time": 246.96697235107422,
    "gpu_memory_mb": 134.19287109375,
    "epochs": 50
  }
}