{
  "entropy": {
    "f1_mean": [
      0.08814986472101034,
      0.10183295472392058,
      0.09977257158966839,
      0.13088205584222515,
      0.15034089291854064,
      0.18603361340981833,
      0.1938748055199085,
      0.2279296552111544,
      0.26199645683684086,
      0.26785466055515056
    ],
    "f1_std": [
      0.0,
      0.0,
      0.0,
      0.0,
      0.0,
      0.0,
      0.0,
      0.0,
      0.0,
      0.0
    ],
    "acc_mean": [
      0.1861,
      0.1989,
      0.1973,
      0.2173,
      0.2394,
      0.2711,
      0.2728,
      0.3006,
      0.3294,
      0.3367
    ],
    "acc_std": [
      0.0,
      0.0,
      0.0,
      0.0,
      0.0,
      0.0,
      0.0,
      0.0,
      0.0,
      0.0
    ],
    "final_f1_mean": 0.26785466055515056,
    "final_f1_std": 0.0,
    "best_f1_mean": 0.26785466055515056,
    "best_f1_std": 0.0,
    "n_seeds": 1,
    "seeds": [
      456
    ],
    "avg_train_time_per_round": 1.0293160676956177,
    "total_train_time": 10.293160676956177,
    "peak_gpu_memory_mb": 233.17578125,
    "avg_query_time": 0.00023071765899658204,
    "total_query_time": 0.0023071765899658203,
    "n_human_labeled_mean": [
      100.0,
      200.0,
      300.0,
      400.0,
      500.0,
      600.0,
      700.0,
      800.0,
      900.0,
      1000.0
    ],
    "total_pseudo_labeled": 163
  },
  "full_supervision": {
    "accuracy": 0.5933,
    "f1": 0.5569362677219936,
    "train_time": 124.7280580997467,
    "gpu_memory_mb": 148.5634765625,
    "epochs": 50
  }
}