{
  "adaptive_gap_entropy": {
    "f1_mean": [
      0.11790163326131034,
      0.18690970208940422,
      0.162119531185198,
      0.21764098437192508,
      0.1940325163763446,
      0.2706928742300868,
      0.2556402628771636,
      0.29876729762712007,
      0.32045314032347605,
      0.3572979617025531
    ],
    "f1_std": [
      0.0,
      0.0,
      0.0,
      0.0,
      0.0,
      0.0,
      0.0,
      0.0,
      0.0,
      0.0
    ],
    "acc_mean": [
      0.1926,
      0.255,
      0.2032,
      0.2739,
      0.2343,
      0.3109,
      0.2978,
      0.3385,
      0.3615,
      0.3911
    ],
    "acc_std": [
      0.0,
      0.0,
      0.0,
      0.0,
      0.0,
      0.0,
      0.0,
      0.0,
      0.0,
      0.0
    ],
    "final_f1_mean": 0.3572979617025531,
    "final_f1_std": 0.0,
    "best_f1_mean": 0.3572979617025531,
    "best_f1_std": 0.0,
    "n_seeds": 1,
    "seeds": [
      456
    ],
    "avg_train_time_per_round": 0.5298979759216309,
    "total_train_time": 5.298979759216309,
    "peak_gpu_memory_mb": 143.1884765625,
    "avg_query_time": 0.06565592288970948,
    "total_query_time": 0.6565592288970947,
    "n_human_labeled_mean": [
      100.0,
      200.0,
      300.0,
      400.0,
      500.0,
      600.0,
      700.0,
      800.0,
      900.0,
      1000.0
    ],
    "total_pseudo_labeled": 0
  },
  "class_aware_entropy": {
    "f1_mean": [
      0.11790163326131034,
      0.09308530753881705,
      0.15200370144501418,
      0.17212589872911604,
      0.2062745831395938,
      0.22335671515208394,
      0.23111061003013628,
      0.27621796619867917,
      0.3101829461483072,
      0.33132017186770957
    ],
    "f1_std": [
      0.0,
      0.0,
      0.0,
      0.0,
      0.0,
      0.0,
      0.0,
      0.0,
      0.0,
      0.0
    ],
    "acc_mean": [
      0.1926,
      0.1722,
      0.2215,
      0.2337,
      0.2569,
      0.2842,
      0.2969,
      0.3317,
      0.364,
      0.364
    ],
    "acc_std": [
      0.0,
      0.0,
      0.0,
      0.0,
      0.0,
      0.0,
      0.0,
      0.0,
      0.0,
      0.0
    ],
    "final_f1_mean": 0.33132017186770957,
    "final_f1_std": 0.0,
    "best_f1_mean": 0.33132017186770957,
    "best_f1_std": 0.0,
    "n_seeds": 1,
    "seeds": [
      456
    ],
    "avg_train_time_per_round": 0.5171837329864502,
    "total_train_time": 5.171837329864502,
    "peak_gpu_memory_mb": 143.1884765625,
    "avg_query_time": 0.06385726928710937,
    "total_query_time": 0.6385726928710938,
    "n_human_labeled_mean": [
      100.0,
      200.0,
      300.0,
      400.0,
      500.0,
      600.0,
      700.0,
      800.0,
      900.0,
      1000.0
    ],
    "total_pseudo_labeled": 0
  },
  "entropy": {
    "f1_mean": [
      0.11790163326131034,
      0.15355084621459608,
      0.14968730235255417,
      0.19386690276856197,
      0.19372424152786177,
      0.24742419172016689,
      0.26038139871467175,
      0.2878601753403226,
      0.3150682201559679,
      0.3284803619033217
    ],
    "f1_std": [
      0.0,
      0.0,
      0.0,
      0.0,
      0.0,
      0.0,
      0.0,
      0.0,
      0.0,
      0.0
    ],
    "acc_mean": [
      0.1926,
      0.2328,
      0.2104,
      0.2587,
      0.2388,
      0.2944,
      0.3104,
      0.3305,
      0.36,
      0.3716
    ],
    "acc_std": [
      0.0,
      0.0,
      0.0,
      0.0,
      0.0,
      0.0,
      0.0,
      0.0,
      0.0,
      0.0
    ],
    "final_f1_mean": 0.3284803619033217,
    "final_f1_std": 0.0,
    "best_f1_mean": 0.3284803619033217,
    "best_f1_std": 0.0,
    "n_seeds": 1,
    "seeds": [
      456
    ],
    "avg_train_time_per_round": 0.6479089498519898,
    "total_train_time": 6.4790894985198975,
    "peak_gpu_memory_mb": 139.31787109375,
    "avg_query_time": 0.0002694845199584961,
    "total_query_time": 0.002694845199584961,
    "n_human_labeled_mean": [
      100.0,
      200.0,
      300.0,
      400.0,
      500.0,
      600.0,
      700.0,
      800.0,
      900.0,
      1000.0
    ],
    "total_pseudo_labeled": 0
  },
  "gap_aware_entropy": {
    "f1_mean": [
      0.11790163326131034,
      0.18167990152856597,
      0.16165369760426987,
      0.24822544542235433,
      0.21387413925015966,
      0.273105694576084,
      0.2869430346205036,
      0.32654372153943106,
      0.34626439993838265,
      0.34131061677955854
    ],
    "f1_std": [
      0.0,
      0.0,
      0.0,
      0.0,
      0.0,
      0.0,
      0.0,
      0.0,
      0.0,
      0.0
    ],
    "acc_mean": [
      0.1926,
      0.2483,
      0.2091,
      0.2892,
      0.2465,
      0.3057,
      0.3221,
      0.3628,
      0.3858,
      0.3759
    ],
    "acc_std": [
      0.0,
      0.0,
      0.0,
      0.0,
      0.0,
      0.0,
      0.0,
      0.0,
      0.0,
      0.0
    ],
    "final_f1_mean": 0.34131061677955854,
    "final_f1_std": 0.0,
    "best_f1_mean": 0.34626439993838265,
    "best_f1_std": 0.0,
    "n_seeds": 1,
    "seeds": [
      456
    ],
    "avg_train_time_per_round": 0.5179077625274658,
    "total_train_time": 5.179077625274658,
    "peak_gpu_memory_mb": 143.1884765625,
    "avg_query_time": 0.0634765625,
    "total_query_time": 0.634765625,
    "n_human_labeled_mean": [
      100.0,
      200.0,
      300.0,
      400.0,
      500.0,
      600.0,
      700.0,
      800.0,
      900.0,
      1000.0
    ],
    "total_pseudo_labeled": 0
  },
  "full_supervision": {
    "accuracy": 0.7641,
    "f1": 0.7575697828088535,
    "train_time": 362.4580771923065,
    "gpu_memory_mb": 145.5634765625,
    "epochs": 50
  }
}