{
  "adaptive_gap_entropy": {
    "f1_mean": [
      0.10464035790381332,
      0.11581453442034348,
      0.15519443115795412,
      0.1725787684779439,
      0.19645162788161014,
      0.26770186232207693,
      0.27218019528618564,
      0.34553883891733106,
      0.3485117255803255,
      0.38910589029513337
    ],
    "f1_std": [
      0.0,
      0.0,
      0.0,
      0.0,
      0.0,
      0.0,
      0.0,
      0.0,
      0.0,
      0.0
    ],
    "acc_mean": [
      0.1712,
      0.2102,
      0.2502,
      0.2465,
      0.2809,
      0.3286,
      0.3263,
      0.3833,
      0.3868,
      0.4126
    ],
    "acc_std": [
      0.0,
      0.0,
      0.0,
      0.0,
      0.0,
      0.0,
      0.0,
      0.0,
      0.0,
      0.0
    ],
    "final_f1_mean": 0.38910589029513337,
    "final_f1_std": 0.0,
    "best_f1_mean": 0.38910589029513337,
    "best_f1_std": 0.0,
    "n_seeds": 1,
    "seeds": [
      456
    ],
    "avg_train_time_per_round": 3.8200772762298585,
    "total_train_time": 38.200772762298584,
    "peak_gpu_memory_mb": 241.42138671875,
    "avg_query_time": 0.14685258865356446,
    "total_query_time": 1.4685258865356445,
    "n_human_labeled_mean": [
      100.0,
      200.0,
      300.0,
      400.0,
      500.0,
      600.0,
      700.0,
      800.0,
      900.0,
      1000.0
    ],
    "total_pseudo_labeled": 441
  },
  "class_aware_entropy": {
    "f1_mean": [
      0.10464035790381332,
      0.13078421149748748,
      0.17154019320892386,
      0.20723283195367403,
      0.2116494511029186,
      0.23819565824513472,
      0.2703301787899462,
      0.3267753128120662,
      0.35435003108229185,
      0.366627675139606
    ],
    "f1_std": [
      0.0,
      0.0,
      0.0,
      0.0,
      0.0,
      0.0,
      0.0,
      0.0,
      0.0,
      0.0
    ],
    "acc_mean": [
      0.1712,
      0.2121,
      0.2553,
      0.2812,
      0.2889,
      0.3085,
      0.3316,
      0.368,
      0.3904,
      0.4063
    ],
    "acc_std": [
      0.0,
      0.0,
      0.0,
      0.0,
      0.0,
      0.0,
      0.0,
      0.0,
      0.0,
      0.0
    ],
    "final_f1_mean": 0.366627675139606,
    "final_f1_std": 0.0,
    "best_f1_mean": 0.366627675139606,
    "best_f1_std": 0.0,
    "n_seeds": 1,
    "seeds": [
      456
    ],
    "avg_train_time_per_round": 248.4027011871338,
    "total_train_time": 2484.027011871338,
    "peak_gpu_memory_mb": 241.42138671875,
    "avg_query_time": 0.14553437232971192,
    "total_query_time": 1.4553437232971191,
    "n_human_labeled_mean": [
      100.0,
      200.0,
      300.0,
      400.0,
      500.0,
      600.0,
      700.0,
      800.0,
      900.0,
      1000.0
    ],
    "total_pseudo_labeled": 510
  },
  "entropy": {
    "f1_mean": [
      0.10464035790381332,
      0.13567730957221807,
      0.1276274428766497,
      0.18556398725152595,
      0.2397583806028077,
      0.22068606109735517,
      0.20302035007167843,
      0.28958206976772344,
      0.3541091322897392,
      0.34244495653240753
    ],
    "f1_std": [
      0.0,
      0.0,
      0.0,
      0.0,
      0.0,
      0.0,
      0.0,
      0.0,
      0.0,
      0.0
    ],
    "acc_mean": [
      0.1712,
      0.2321,
      0.2171,
      0.2649,
      0.3087,
      0.2994,
      0.28,
      0.3404,
      0.3887,
      0.3789
    ],
    "acc_std": [
      0.0,
      0.0,
      0.0,
      0.0,
      0.0,
      0.0,
      0.0,
      0.0,
      0.0,
      0.0
    ],
    "final_f1_mean": 0.34244495653240753,
    "final_f1_std": 0.0,
    "best_f1_mean": 0.3541091322897392,
    "best_f1_std": 0.0,
    "n_seeds": 1,
    "seeds": [
      456
    ],
    "avg_train_time_per_round": 4.23856840133667,
    "total_train_time": 42.3856840133667,
    "peak_gpu_memory_mb": 236.80078125,
    "avg_query_time": 0.000498509407043457,
    "total_query_time": 0.00498509407043457,
    "n_human_labeled_mean": [
      100.0,
      200.0,
      300.0,
      400.0,
      500.0,
      600.0,
      700.0,
      800.0,
      900.0,
      1000.0
    ],
    "total_pseudo_labeled": 393
  },
  "gap_aware_entropy": {
    "f1_mean": [
      0.10464035790381332,
      0.12734524479723683,
      0.15142879329357511,
      0.1855237899412518,
      0.18953059807072914,
      0.22322134403622157,
      0.27568368263740944,
      0.28963261320408445,
      0.34472532476488643,
      0.3501161217629749
    ],
    "f1_std": [
      0.0,
      0.0,
      0.0,
      0.0,
      0.0,
      0.0,
      0.0,
      0.0,
      0.0,
      0.0
    ],
    "acc_mean": [
      0.1712,
      0.2213,
      0.2442,
      0.2692,
      0.2686,
      0.3006,
      0.3239,
      0.3387,
      0.3797,
      0.3789
    ],
    "acc_std": [
      0.0,
      0.0,
      0.0,
      0.0,
      0.0,
      0.0,
      0.0,
      0.0,
      0.0,
      0.0
    ],
    "final_f1_mean": 0.3501161217629749,
    "final_f1_std": 0.0,
    "best_f1_mean": 0.3501161217629749,
    "best_f1_std": 0.0,
    "n_seeds": 1,
    "seeds": [
      456
    ],
    "avg_train_time_per_round": 3.7003241062164305,
    "total_train_time": 37.00324106216431,
    "peak_gpu_memory_mb": 241.42138671875,
    "avg_query_time": 0.1407005548477173,
    "total_query_time": 1.4070055484771729,
    "n_human_labeled_mean": [
      100.0,
      200.0,
      300.0,
      400.0,
      500.0,
      600.0,
      700.0,
      800.0,
      900.0,
      1000.0
    ],
    "total_pseudo_labeled": 497
  },
  "full_supervision": {
    "accuracy": 0,
    "f1": 0,
    "train_time": 0,
    "gpu_memory_mb": 0,
    "epochs": 0
  }
}