{
  "badge": {
    "f1_mean": [
      0.08470729104239859,
      0.1844770578486139,
      0.19238008511014792,
      0.25139411902464953,
      0.23747852296190045,
      0.28754962573543386,
      0.3374158999980446,
      0.36385807965569855,
      0.3832325849143217,
      0.39306591774201255
    ],
    "f1_std": [
      0.015185806669271247,
      0.010899089038246173,
      0.013247639308288268,
      0.01038250022947374,
      0.030956468301805783,
      0.017360793248168284,
      0.0035542896107053053,
      0.01380886018429458,
      0.025710326396054,
      0.03687538061797441
    ],
    "acc_mean": [
      0.15439999999999998,
      0.23570000000000002,
      0.24019999999999997,
      0.29650000000000004,
      0.28723333333333334,
      0.3338666666666667,
      0.37266666666666665,
      0.3939,
      0.4094666666666667,
      0.42313333333333336
    ],
    "acc_std": [
      0.020219462571163124,
      0.007074366873909402,
      0.016981754915202374,
      0.008940171512150456,
      0.024585406692227446,
      0.010138156746777104,
      0.002264705033528412,
      0.007758006616822828,
      0.01801431529521884,
      0.02566922065215243
    ],
    "final_f1_mean": 0.39306591774201255,
    "final_f1_std": 0.03687538061797441,
    "best_f1_mean": 0.3950863284133754,
    "best_f1_std": 0.03699800697943286,
    "n_seeds": 3,
    "seeds": [
      42,
      123,
      456
    ],
    "avg_train_time_per_round": 5.962744315465291,
    "total_train_time": 178.88232946395874,
    "peak_gpu_memory_mb": 295.0302734375,
    "avg_query_time": 24.32770649592082,
    "total_query_time": 729.8311948776245,
    "n_human_labeled_mean": [
      100.0,
      200.0,
      300.0,
      400.0,
      500.0,
      600.0,
      700.0,
      800.0,
      900.0,
      1000.0
    ],
    "total_pseudo_labeled": 3224
  },
  "coreset": {
    "f1_mean": [
      0.08470729104239859,
      0.18118687805768374,
      0.18657248458380682,
      0.2297173891836615,
      0.24076506388334185,
      0.2838887705375592,
      0.32129772608983376,
      0.3265601627668744,
      0.35983575855225874,
      0.37405103227735
    ],
    "f1_std": [
      0.015185806669271247,
      0.01805053225374411,
      0.013349985824704053,
      0.016420101094824363,
      0.013136360901270417,
      0.004516378704050659,
      0.018135631827950326,
      0.005741451572120301,
      0.0027504448507942865,
      0.00874510796891179
    ],
    "acc_mean": [
      0.15439999999999998,
      0.2383666666666667,
      0.24106666666666665,
      0.2851333333333333,
      0.2927666666666667,
      0.32770000000000005,
      0.36506666666666665,
      0.3618666666666666,
      0.3928,
      0.40893333333333337
    ],
    "acc_std": [
      0.020219462571163124,
      0.008610200668715892,
      0.004913473539383544,
      0.011807436451472232,
      0.01539898986586096,
      0.011280366424308514,
      0.009716766723327027,
      0.007981784818503231,
      0.005511805511808273,
      0.006003517487458667
    ],
    "final_f1_mean": 0.37405103227735,
    "final_f1_std": 0.00874510796891179,
    "best_f1_mean": 0.37405103227735,
    "best_f1_std": 0.00874510796891179,
    "n_seeds": 3,
    "seeds": [
      42,
      123,
      456
    ],
    "avg_train_time_per_round": 5.928705088297526,
    "total_train_time": 177.86115264892578,
    "peak_gpu_memory_mb": 295.0302734375,
    "avg_query_time": 12.614023200670879,
    "total_query_time": 378.42069602012634,
    "n_human_labeled_mean": [
      100.0,
      200.0,
      300.0,
      400.0,
      500.0,
      600.0,
      700.0,
      800.0,
      900.0,
      1000.0
    ],
    "total_pseudo_labeled": 3052
  },
  "entropy": {
    "f1_mean": [
      0.08470729104239859,
      0.16786967647822584,
      0.19796333564990842,
      0.217894248939839,
      0.23096352970225287,
      0.2551786545060855,
      0.3281285187176267,
      0.34435654393115395,
      0.32883752358591134,
      0.33257097032289645
    ],
    "f1_std": [
      0.015185806669271247,
      0.017594392556684154,
      0.008811418961298686,
      0.019601668572004568,
      0.016956052794909065,
      0.02100664347083882,
      0.010076024650765939,
      0.013260571841271312,
      0.03046748423470988,
      0.04527735103573593
    ],
    "acc_mean": [
      0.15439999999999998,
      0.23463333333333336,
      0.2601333333333333,
      0.27390000000000003,
      0.2800666666666667,
      0.30706666666666665,
      0.3657333333333333,
      0.37789999999999996,
      0.36949999999999994,
      0.37013333333333337
    ],
    "acc_std": [
      0.020219462571163124,
      0.013795007148320805,
      0.008115965062079122,
      0.011788129622633097,
      0.015765433355569052,
      0.016829405482336253,
      0.011511540103546318,
      0.011689311356961957,
      0.03260869004830871,
      0.039658234397859364
    ],
    "final_f1_mean": 0.33257097032289645,
    "final_f1_std": 0.04527735103573593,
    "best_f1_mean": 0.3609322431900244,
    "best_f1_std": 0.013258546706731406,
    "n_seeds": 3,
    "seeds": [
      42,
      123,
      456
    ],
    "avg_train_time_per_round": 4.035346722602844,
    "total_train_time": 121.06040167808533,
    "peak_gpu_memory_mb": 249.9228515625,
    "avg_query_time": 0.0002077658971150716,
    "total_query_time": 0.0062329769134521484,
    "n_human_labeled_mean": [
      100.0,
      200.0,
      300.0,
      400.0,
      500.0,
      600.0,
      700.0,
      800.0,
      900.0,
      1000.0
    ],
    "total_pseudo_labeled": 3616
  },
  "margin": {
    "f1_mean": [
      0.08470729104239859,
      0.17516068996052814,
      0.23831565109881594,
      0.26233382840909913,
      0.2771934053672615,
      0.29105663899908996,
      0.3246825853070595,
      0.3717526101556061,
      0.3974983546660787,
      0.4273483734102433
    ],
    "f1_std": [
      0.015185806669271247,
      0.009586103393285044,
      0.02676122935168098,
      0.024826489282699198,
      0.022196034121467194,
      0.012288611046868436,
      0.015632330414695438,
      0.017621476490269322,
      0.01540527617791533,
      0.00771366700876016
    ],
    "acc_mean": [
      0.15439999999999998,
      0.2327,
      0.2781333333333333,
      0.31060000000000004,
      0.32726666666666665,
      0.3415333333333333,
      0.3696333333333333,
      0.40276666666666666,
      0.4193,
      0.44293333333333335
    ],
    "acc_std": [
      0.020219462571163124,
      0.006712674578735366,
      0.025113918230512903,
      0.01610113867608956,
      0.016171030338918473,
      0.004772374205314971,
      0.006410581530216702,
      0.011540460225754527,
      0.005107510809255973,
      0.005495654849262465
    ],
    "final_f1_mean": 0.4273483734102433,
    "final_f1_std": 0.00771366700876016,
    "best_f1_mean": 0.4273483734102433,
    "best_f1_std": 0.00771366700876016,
    "n_seeds": 3,
    "seeds": [
      42,
      123,
      456
    ],
    "avg_train_time_per_round": 4.459839709599813,
    "total_train_time": 133.79519128799438,
    "peak_gpu_memory_mb": 289.78466796875,
    "avg_query_time": 0.0004135847091674805,
    "total_query_time": 0.012407541275024414,
    "n_human_labeled_mean": [
      100.0,
      200.0,
      300.0,
      400.0,
      500.0,
      600.0,
      700.0,
      800.0,
      900.0,
      1000.0
    ],
    "total_pseudo_labeled": 3117
  },
  "qbc": {
    "f1_mean": [
      0.08470729104239859,
      0.1682582582518755,
      0.18569574714923964,
      0.18284054397322722,
      0.21341509023038988,
      0.28407514906966774,
      0.2914488461147233,
      0.35626882304795676,
      0.3910511117853754,
      0.4088456353785814
    ],
    "f1_std": [
      0.015185806669271247,
      0.021031683082498732,
      0.016574346122131486,
      0.01665006062708365,
      0.024798224472298663,
      0.01461622026235115,
      0.014869788590706999,
      0.034761055538441915,
      0.007995565496212153,
      0.011071103789619395
    ],