{
  "class_aware_entropy_ssl": {
    "f1_mean": [
      0.08816755465991738,
      0.09784687177875466,
      0.1111949256238463,
      0.1370170950992909,
      0.1536857004024326,
      0.1764879691933181,
      0.1875537433296141,
      0.2568051149262694,
      0.2267497557187268,
      0.26079574052491356
    ],
    "f1_std": [
      0.0,
      0.0,
      0.0,
      0.0,
      0.0,
      0.0,
      0.0,
      0.0,
      0.0,
      0.0
    ],
    "acc_mean": [
      0.1856,
      0.2047,
      0.2172,
      0.227,
      0.2377,
      0.2576,
      0.2813,
      0.3275,
      0.3028,
      0.3403
    ],
    "acc_std": [
      0.0,
      0.0,
      0.0,
      0.0,
      0.0,
      0.0,
      0.0,
      0.0,
      0.0,
      0.0
    ],
    "final_f1_mean": 0.26079574052491356,
    "final_f1_std": 0.0,
    "best_f1_mean": 0.26079574052491356,
    "best_f1_std": 0.0,
    "n_seeds": 1,
    "seeds": [
      456
    ],
    "avg_train_time_per_round": 3.3996739387512207,
    "total_train_time": 33.99673938751221,
    "peak_gpu_memory_mb": 228.80078125,
    "avg_query_time": 0.07669322490692139,
    "total_query_time": 0.7669322490692139,
    "n_human_labeled_mean": [
      100.0,
      200.0,
      300.0,
      400.0,
      500.0,
      600.0,
      700.0,
      800.0,
      900.0,
      1000.0
    ],
    "total_pseudo_labeled": 713
  },
  "gap_aware_entropy_ssl": {
    "f1_mean": [
      0.08816755465991738,
      0.09856129676945358,
      0.12003642588803336,
      0.1366191713914356,
      0.17619706905886728,
      0.17665816859532874,
      0.1876282914022151,
      0.2162962910869261,
      0.2591637636838522,
      0.2610766397657664
    ],
    "f1_std": [
      0.0,
      0.0,
      0.0,
      0.0,
      0.0,
      0.0,
      0.0,
      0.0,
      0.0,
      0.0
    ],
    "acc_mean": [
      0.1856,
      0.2002,
      0.2137,
      0.2206,
      0.2432,
      0.2548,
      0.2681,
      0.2897,
      0.3269,
      0.3231
    ],
    "acc_std": [
      0.0,
      0.0,
      0.0,
      0.0,
      0.0,
      0.0,
      0.0,
      0.0,
      0.0,
      0.0
    ],
    "final_f1_mean": 0.2610766397657664,
    "final_f1_std": 0.0,
    "best_f1_mean": 0.2610766397657664,
    "best_f1_std": 0.0,
    "n_seeds": 1,
    "seeds": [
      456
    ],
    "avg_train_time_per_round": 3.1649423837661743,
    "total_train_time": 31.649423837661743,
    "peak_gpu_memory_mb": 228.673828125,
    "avg_query_time": 0.07355501651763915,
    "total_query_time": 0.7355501651763916,
    "n_human_labeled_mean": [
      100.0,
      200.0,
      300.0,
      400.0,
      500.0,
      600.0,
      700.0,
      800.0,
      900.0,
      1000.0
    ],
    "total_pseudo_labeled": 756
  },
  "full_supervision": {
    "accuracy": 0.6012,
    "f1": 0.5577247057769623,
    "train_time": 137.62474632263184,
    "gpu_memory_mb": 134.19287109375,
    "epochs": 50
  }
}