{
  "adaptive_gap_entropy": {
    "f1_mean": [
      0.0953400139869377,
      0.1272970880061935,
      0.16242466099447456,
      0.19306337323096168,
      0.2032366088096554,
      0.24516911338230596,
      0.2877504789881632,
      0.31792540746625214,
      0.3600344986034406,
      0.3076129806388312
    ],
    "f1_std": [
      0.0,
      0.0,
      0.0,
      0.0,
      0.0,
      0.0,
      0.0,
      0.0,
      0.0,
      0.0
    ],
    "acc_mean": [
      0.1614,
      0.2211,
      0.2497,
      0.2626,
      0.2716,
      0.3174,
      0.3411,
      0.3529,
      0.3842,
      0.3463
    ],
    "acc_std": [
      0.0,
      0.0,
      0.0,
      0.0,
      0.0,
      0.0,
      0.0,
      0.0,
      0.0,
      0.0
    ],
    "final_f1_mean": 0.3076129806388312,
    "final_f1_std": 0.0,
    "best_f1_mean": 0.3600344986034406,
    "best_f1_std": 0.0,
    "n_seeds": 1,
    "seeds": [
      456
    ],
    "avg_train_time_per_round": 6.489601182937622,
    "total_train_time": 64.89601182937622,
    "peak_gpu_memory_mb": 241.4228515625,
    "avg_query_time": 0.1440812587738037,
    "total_query_time": 1.440812587738037,
    "n_human_labeled_mean": [
      100.0,
      200.0,
      300.0,
      400.0,
      500.0,
      600.0,
      700.0,
      800.0,
      900.0,
      1000.0
    ],
    "total_pseudo_labeled": 906
  },
  "class_aware_entropy": {
    "f1_mean": [
      0.0953400139869377,
      0.14628252808311434,
      0.16717424230045613,
      0.1809368490579663,
      0.20166964730252449,
      0.21286206771885746,
      0.25964377706845326,
      0.27360900293770807,
      0.3123400947381129,
      0.34568098872952413
    ],
    "f1_std": [
      0.0,
      0.0,
      0.0,
      0.0,
      0.0,
      0.0,
      0.0,
      0.0,
      0.0,
      0.0
    ],
    "acc_mean": [
      0.1614,
      0.2241,
      0.2558,
      0.2659,
      0.2846,
      0.288,
      0.327,
      0.3376,
      0.3544,
      0.3714
    ],
    "acc_std": [
      0.0,
      0.0,
      0.0,
      0.0,
      0.0,
      0.0,
      0.0,
      0.0,
      0.0,
      0.0
    ],
    "final_f1_mean": 0.34568098872952413,
    "final_f1_std": 0.0,
    "best_f1_mean": 0.34568098872952413,
    "best_f1_std": 0.0,
    "n_seeds": 1,
    "seeds": [
      456
    ],
    "avg_train_time_per_round": 6.492709159851074,
    "total_train_time": 64.92709159851074,
    "peak_gpu_memory_mb": 241.4228515625,
    "avg_query_time": 0.1475701093673706,
    "total_query_time": 1.475701093673706,
    "n_human_labeled_mean": [
      100.0,
      200.0,
      300.0,
      400.0,
      500.0,
      600.0,
      700.0,
      800.0,
      900.0,
      1000.0
    ],
    "total_pseudo_labeled": 1258
  },
  "entropy": {
    "f1_mean": [
      0.0953400139869377,
      0.12940769980678568,
      0.17217022824935,
      0.1582158949054728,
      0.16291269503853859,
      0.23929338601859299,
      0.2689950783409486,
      0.3359719283701111,
      0.33206303187481023,
      0.3850847147302885
    ],
    "f1_std": [
      0.0,
      0.0,
      0.0,
      0.0,
      0.0,
      0.0,
      0.0,
      0.0,
      0.0,
      0.0
    ],
    "acc_mean": [
      0.1614,
      0.2275,
      0.2517,
      0.2389,
      0.2528,
      0.3112,
      0.3308,
      0.3731,
      0.362,
      0.4102
    ],
    "acc_std": [
      0.0,
      0.0,
      0.0,
      0.0,
      0.0,
      0.0,
      0.0,
      0.0,
      0.0,
      0.0
    ],
    "final_f1_mean": 0.3850847147302885,
    "final_f1_std": 0.0,
    "best_f1_mean": 0.3850847147302885,
    "best_f1_std": 0.0,
    "n_seeds": 1,
    "seeds": [
      456
    ],
    "avg_train_time_per_round": 6.085385632514954,
    "total_train_time": 60.853856325149536,
    "peak_gpu_memory_mb": 236.80224609375,
    "avg_query_time": 0.00048186779022216795,
    "total_query_time": 0.00481867790222168,
    "n_human_labeled_mean": [
      100.0,
      200.0,
      300.0,
      400.0,
      500.0,
      600.0,
      700.0,
      800.0,
      900.0,
      1000.0
    ],
    "total_pseudo_labeled": 1105
  },
  "gap_aware_entropy": {
    "f1_mean": [
      0.0953400139869377,
      0.13088279326282656,
      0.18988776066275737,
      0.19369684295213924,
      0.19444363070217466,
      0.22649425240972315,
      0.26110798362965715,
      0.29091900613274213,
      0.30919691814869504,
      0.348198533030105
    ],
    "f1_std": [
      0.0,
      0.0,
      0.0,
      0.0,
      0.0,
      0.0,
      0.0,
      0.0,
      0.0,
      0.0
    ],
    "acc_mean": [
      0.1614,
      0.2283,
      0.2708,
      0.2592,
      0.2714,
      0.3032,
      0.3268,
      0.3306,
      0.3544,
      0.3832
    ],
    "acc_std": [
      0.0,
      0.0,
      0.0,
      0.0,
      0.0,
      0.0,
      0.0,
      0.0,
      0.0,
      0.0
    ],
    "final_f1_mean": 0.348198533030105,
    "final_f1_std": 0.0,
    "best_f1_mean": 0.348198533030105,
    "best_f1_std": 0.0,
    "n_seeds": 1,
    "seeds": [
      456
    ],
    "avg_train_time_per_round": 6.512027287483216,
    "total_train_time": 65.12027287483215,
    "peak_gpu_memory_mb": 241.4228515625,
    "avg_query_time": 0.13907406330108643,
    "total_query_time": 1.3907406330108643,
    "n_human_labeled_mean": [
      100.0,
      200.0,
      300.0,
      400.0,
      500.0,
      600.0,
      700.0,
      800.0,
      900.0,
      1000.0
    ],
    "total_pseudo_labeled": 1012
  },
  "full_supervision": {
    "accuracy": 0,
    "f1": 0,
    "train_time": 0,
    "gpu_memory_mb": 0,
    "epochs": 0
  }
}