{
  "class_aware_entropy_ssl": {
    "f1_mean": [
      0.08816755465991738,
      0.08612981572994964,
      0.11744787743045068,
      0.12580833703739822,
      0.14528963766974456,
      0.14517892313190117,
      0.17717107821802647,
      0.204730204943191,
      0.2312132797990342,
      0.2535606468564841
    ],
    "f1_std": [
      0.0,
      0.0,
      0.0,
      0.0,
      0.0,
      0.0,
      0.0,
      0.0,
      0.0,
      0.0
    ],
    "acc_mean": [
      0.1856,
      0.1863,
      0.2156,
      0.2212,
      0.2345,
      0.243,
      0.2621,
      0.2875,
      0.3071,
      0.3283
    ],
    "acc_std": [
      0.0,
      0.0,
      0.0,
      0.0,
      0.0,
      0.0,
      0.0,
      0.0,
      0.0,
      0.0
    ],
    "final_f1_mean": 0.2535606468564841,
    "final_f1_std": 0.0,
    "best_f1_mean": 0.2535606468564841,
    "best_f1_std": 0.0,
    "n_seeds": 1,
    "seeds": [
      456
    ],
    "avg_train_time_per_round": 3.095190715789795,
    "total_train_time": 30.95190715789795,
    "peak_gpu_memory_mb": 228.80078125,
    "avg_query_time": 0.06354427337646484,
    "total_query_time": 0.6354427337646484,
    "n_human_labeled_mean": [
      100.0,
      200.0,
      300.0,
      400.0,
      500.0,
      600.0,
      700.0,
      800.0,
      900.0,
      1000.0
    ],
    "total_pseudo_labeled": 957
  },
  "full_supervision": {
    "accuracy": 0.6012,
    "f1": 0.5577247057769623,
    "train_time": 114.68112206459045,
    "gpu_memory_mb": 134.19287109375,
    "epochs": 50
  }
}