{
  "badge": {
    "f1_mean": [
      0.10602608358837352,
      0.21269049525563313,
      0.20320794061736502,
      0.28901291297267323,
      0.29381385752757666,
      0.31556753099490625,
      0.36002543549616356,
      0.39945180164819777,
      0.4095307172848755,
      0.4050112235119394
    ],
    "f1_std": [
      0.022798563096851274,
      0.04523878771045401,
      0.040783330726208045,
      0.03168622309286174,
      0.01978221864696812,
      0.018934367893861555,
      0.0254364943330355,
      0.007172126506076609,
      0.005708098424382347,
      0.007992019459610965
    ],
    "acc_mean": [
      0.1673,
      0.24913333333333332,
      0.24816666666666665,
      0.3074666666666666,
      0.3221,
      0.34636666666666666,
      0.3806,
      0.41206666666666664,
      0.4291666666666667,
      0.4272
    ],
    "acc_std": [
      0.025768714881939034,
      0.04446094415951549,
      0.03502154892189791,
      0.03848050011225023,
      0.0183978259585202,
      0.02230789596134565,
      0.024361034460794143,
      0.00974075059850228,
      0.009553475225743202,
      0.009301971117277593
    ],
    "final_f1_mean": 0.4050112235119394,
    "final_f1_std": 0.007992019459610965,
    "best_f1_mean": 0.40970581100830444,
    "best_f1_std": 0.005815414879717927,
    "n_seeds": 3,
    "seeds": [
      42,
      123,
      456
    ],
    "avg_train_time_per_round": 4.99758764108022,
    "total_train_time": 149.92762923240662,
    "peak_gpu_memory_mb": 295.0302734375,
    "avg_query_time": 32.75069018999736,
    "total_query_time": 982.5207056999207,
    "n_human_labeled_mean": [
      100.0,
      200.0,
      300.0,
      400.0,
      500.0,
      600.0,
      700.0,
      800.0,
      900.0,
      1000.0
    ],
    "total_pseudo_labeled": 3468
  },
  "coreset": {
    "f1_mean": [
      0.10602608358837352,
      0.1784129089480007,
      0.24161368155119822,
      0.2734675563820295,
      0.3002519197731479,
      0.3212615993031796,
      0.29493707667470653,
      0.35139475307079643,
      0.3685854558220125,
      0.3764352431053575
    ],
    "f1_std": [
      0.022798563096851274,
      0.04676661982864609,
      0.05153742006473781,
      0.07200882949043165,
      0.019429552044051283,
      0.032945626414558976,
      0.0261730508835611,
      0.003035186960151474,
      0.01147042954114231,
      0.025432635500161168
    ],
    "acc_mean": [
      0.1673,
      0.22319999999999998,
      0.2617333333333333,
      0.2954666666666667,
      0.32160000000000005,
      0.3450666666666667,
      0.3354333333333333,
      0.3788,
      0.39326666666666665,
      0.4083666666666666
    ],
    "acc_std": [
      0.025768714881939034,
      0.03850644967621226,
      0.0487162076611972,
      0.05131278809636272,
      0.017425460299993985,
      0.01951654568707167,
      0.025216969595007948,
      0.0029131884021921252,
      0.011212592127702783,
      0.010664687316351841
    ],
    "final_f1_mean": 0.3764352431053575,
    "final_f1_std": 0.025432635500161168,
    "best_f1_mean": 0.38751289704698494,
    "best_f1_std": 0.018537975714728358,
    "n_seeds": 3,
    "seeds": [
      42,
      123,
      456
    ],
    "avg_train_time_per_round": 4.767666991551717,
    "total_train_time": 143.0300097465515,
    "peak_gpu_memory_mb": 295.0302734375,
    "avg_query_time": 7.490447775522868,
    "total_query_time": 224.71343326568604,
    "n_human_labeled_mean": [
      100.0,
      200.0,
      300.0,
      400.0,
      500.0,
      600.0,
      700.0,
      800.0,
      900.0,
      1000.0
    ],
    "total_pseudo_labeled": 3580
  },
  "entropy": {
    "f1_mean": [
      0.10602608358837352,
      0.23111543647868463,
      0.24163182755237067,
      0.27169992881378974,
      0.2902459121011119,
      0.3243867149920918,
      0.37490326813829594,
      0.3652125233294907,
      0.3681270542634337,
      0.40759053895323033
    ],
    "f1_std": [
      0.022798563096851274,
      0.0479148312811708,
      0.06292252240261112,
      0.02400293909942845,
      0.04122348269374805,
      0.012866898583920518,
      0.013845720486332766,
      0.025789680682198064,
      0.003425588899282339,
      0.021491334692340325
    ],
    "acc_mean": [
      0.1673,
      0.2687333333333333,
      0.27636666666666665,
      0.2950333333333333,
      0.3154,
      0.3532,
      0.39043333333333335,
      0.3825,
      0.39303333333333335,
      0.4251666666666667
    ],
    "acc_std": [
      0.025768714881939034,
      0.0475164766744711,
      0.05276655085268402,
      0.022147435266614696,
      0.039157459910809676,
      0.007505997601918088,
      0.013440320763368043,
      0.016546298679765203,
      0.011126345112190057,
      0.019209777602969685
    ],
    "final_f1_mean": 0.40759053895323033,
    "final_f1_std": 0.021491334692340325,
    "best_f1_mean": 0.4145645984307695,
    "best_f1_std": 0.011657195615201368,
    "n_seeds": 3,
    "seeds": [
      42,
      123,
      456
    ],
    "avg_train_time_per_round": 4.588805516560872,
    "total_train_time": 137.66416549682617,
    "peak_gpu_memory_mb": 249.9228515625,
    "avg_query_time": 0.00023210843404134114,
    "total_query_time": 0.006963253021240234,
    "n_human_labeled_mean": [
      100.0,
      200.0,
      300.0,
      400.0,
      500.0,
      600.0,
      700.0,
      800.0,
      900.0,
      1000.0
    ],
    "total_pseudo_labeled": 2970
  },
  "margin": {
    "f1_mean": [
      0.10602608358837352,
      0.19437548026281534,
      0.2304552437302361,
      0.2781096079682585,
      0.3177299665566547,
      0.36495775803839264,
      0.3693543855440633,
      0.39434201409337427,
      0.43157249387911584,
      0.42085599926186323
    ],
    "f1_std": [
      0.022798563096851274,
      0.030793324885629553,
      0.03199523302088332,
      0.026394910658911384,
      0.017594116696661936,
      0.022252711828286347,
      0.010155945975073369,
      0.015555323279856396,
      0.0180506140931187,
      0.03544870532472096
    ],
    "acc_mean": [
      0.1673,
      0.2358,
      0.2591333333333334,
      0.29963333333333336,
      0.33243333333333336,
      0.37823333333333337,
      0.38966666666666666,
      0.40663333333333335,
      0.4441,
      0.4264666666666666
    ],
    "acc_std": [
      0.025768714881939034,
      0.0284395264845719,
      0.024377220696561973,
      0.033564895683172065,
      0.018929048810991243,
      0.017244580469108428,
      0.008451561328469958,
      0.007396545740336445,
      0.019180371911583647,
      0.032677447200715616
    ],
    "final_f1_mean": 0.42085599926186323,
    "final_f1_std": 0.03544870532472096,
    "best_f1_mean": 0.43759371466142133,
    "best_f1_std": 0.025281812572952957,
    "n_seeds": 3,
    "seeds": [
      42,
      123,
      456
    ],
    "avg_train_time_per_round": 4.572033969561259,
    "total_train_time": 137.16101908683777,
    "peak_gpu_memory_mb": 289.78466796875,
    "avg_query_time": 0.0004219532012939453,
    "total_query_time": 0.01265859603881836,
    "n_human_labeled_mean": [
      100.0,
      200.0,
      300.0,
      400.0,
      500.0,
      600.0,
      700.0,
      800.0,
      900.0,
      1000.0
    ],
    "total_pseudo_labeled": 3163
  },
  "qbc": {
    "f1_mean": [
      0.10602608358837352,
      0.1761159426195911,
      0.2336195474995146,
      0.249135096056316,
      0.3355825747434682,
      0.3638377691860679,
      0.38643109890660465,
      0.4071672587504294,
      0.4212327065626793,
      0.4270977539300305
    ],
    "f1_std": [
      0.022798563096851274,
      0.011308475153411525,
      0.008260953555979104,
      0.010824218817273381,
      0.016513319080039095,
      0.022173347531264462,
      0.013209431910323314,
      0.007651190428896256,
      0.012667422274744452,
      0.0071898088737067265
    ],