{
  "adaptive_gap_entropy": {
    "f1_mean": [
      0.09987620297362765,
      0.13598335676737766,
      0.142177500088686,
      0.13349470794352897,
      0.15618409322225393,
      0.23556284526180704,
      0.2334760418562006,
      0.2782677171855057,
      0.3069273652318999,
      0.34496471029336384
    ],
    "f1_std": [
      0.0,
      0.0,
      0.0,
      0.0,
      0.0,
      0.0,
      0.0,
      0.0,
      0.0,
      0.0
    ],
    "acc_mean": [
      0.1811,
      0.1972,
      0.2072,
      0.1953,
      0.2286,
      0.298,
      0.3027,
      0.3276,
      0.352,
      0.3777
    ],
    "acc_std": [
      0.0,
      0.0,
      0.0,
      0.0,
      0.0,
      0.0,
      0.0,
      0.0,
      0.0,
      0.0
    ],
    "final_f1_mean": 0.34496471029336384,
    "final_f1_std": 0.0,
    "best_f1_mean": 0.34496471029336384,
    "best_f1_std": 0.0,
    "n_seeds": 1,
    "seeds": [
      456
    ],
    "avg_train_time_per_round": 1.0194242477416993,
    "total_train_time": 10.194242477416992,
    "peak_gpu_memory_mb": 143.1884765625,
    "avg_query_time": 0.1414839506149292,
    "total_query_time": 1.414839506149292,
    "n_human_labeled_mean": [
      100.0,
      200.0,
      300.0,
      400.0,
      500.0,
      600.0,
      700.0,
      800.0,
      900.0,
      1000.0
    ],
    "total_pseudo_labeled": 0
  },
  "class_aware_entropy": {
    "f1_mean": [
      0.09987620297362765,
      0.1316430193119845,
      0.10332561196986305,
      0.14409949312243062,
      0.15446195648051214,
      0.25856597994919,
      0.23890271920934997,
      0.28401430967788455,
      0.2994449479663981,
      0.334456727619798
    ],
    "f1_std": [
      0.0,
      0.0,
      0.0,
      0.0,
      0.0,
      0.0,
      0.0,
      0.0,
      0.0,
      0.0
    ],
    "acc_mean": [
      0.1811,
      0.2171,
      0.1874,
      0.2221,
      0.2104,
      0.3153,
      0.2906,
      0.3359,
      0.3541,
      0.3658
    ],
    "acc_std": [
      0.0,
      0.0,
      0.0,
      0.0,
      0.0,
      0.0,
      0.0,
      0.0,
      0.0,
      0.0
    ],
    "final_f1_mean": 0.334456727619798,
    "final_f1_std": 0.0,
    "best_f1_mean": 0.334456727619798,
    "best_f1_std": 0.0,
    "n_seeds": 1,
    "seeds": [
      456
    ],
    "avg_train_time_per_round": 1.0528267621994019,
    "total_train_time": 10.528267621994019,
    "peak_gpu_memory_mb": 143.1884765625,
    "avg_query_time": 0.14639644622802733,
    "total_query_time": 1.4639644622802734,
    "n_human_labeled_mean": [
      100.0,
      200.0,
      300.0,
      400.0,
      500.0,
      600.0,
      700.0,
      800.0,
      900.0,
      1000.0
    ],
    "total_pseudo_labeled": 0
  },
  "entropy": {
    "f1_mean": [
      0.09987620297362765,
      0.1551925657822608,
      0.11284210539336978,
      0.18006877093202683,
      0.1306415974135591,
      0.22423490963595846,
      0.236553868121839,
      0.2724490744379477,
      0.292573025900144,
      0.31481971577703044
    ],
    "f1_std": [
      0.0,
      0.0,
      0.0,
      0.0,
      0.0,
      0.0,
      0.0,
      0.0,
      0.0,
      0.0
    ],
    "acc_mean": [
      0.1811,
      0.2284,
      0.1672,
      0.2392,
      0.1807,
      0.2914,
      0.2993,
      0.3302,
      0.3481,
      0.3785
    ],
    "acc_std": [
      0.0,
      0.0,
      0.0,
      0.0,
      0.0,
      0.0,
      0.0,
      0.0,
      0.0,
      0.0
    ],
    "final_f1_mean": 0.31481971577703044,
    "final_f1_std": 0.0,
    "best_f1_mean": 0.31481971577703044,
    "best_f1_std": 0.0,
    "n_seeds": 1,
    "seeds": [
      456
    ],
    "avg_train_time_per_round": 1.2732226610183717,
    "total_train_time": 12.732226610183716,
    "peak_gpu_memory_mb": 139.31787109375,
    "avg_query_time": 0.0005163431167602539,
    "total_query_time": 0.005163431167602539,
    "n_human_labeled_mean": [
      100.0,
      200.0,
      300.0,
      400.0,
      500.0,
      600.0,
      700.0,
      800.0,
      900.0,
      1000.0
    ],
    "total_pseudo_labeled": 0
  },
  "gap_aware_entropy": {
    "f1_mean": [
      0.09987620297362765,
      0.12940492950187502,
      0.1450238815905119,
      0.1379667697452103,
      0.14409281191938722,
      0.2361586673755119,
      0.25402874971411465,
      0.2768666871606841,
      0.31734998828365096,
      0.35128805341661773
    ],
    "f1_std": [
      0.0,
      0.0,
      0.0,
      0.0,
      0.0,
      0.0,
      0.0,
      0.0,
      0.0,
      0.0
    ],
    "acc_mean": [
      0.1811,
      0.1912,
      0.207,
      0.1936,
      0.2257,
      0.2916,
      0.3024,
      0.3195,
      0.3616,
      0.3887
    ],
    "acc_std": [
      0.0,
      0.0,
      0.0,
      0.0,
      0.0,
      0.0,
      0.0,
      0.0,
      0.0,
      0.0
    ],
    "final_f1_mean": 0.35128805341661773,
    "final_f1_std": 0.0,
    "best_f1_mean": 0.35128805341661773,
    "best_f1_std": 0.0,
    "n_seeds": 1,
    "seeds": [
      456
    ],
    "avg_train_time_per_round": 1.0227938413619995,
    "total_train_time": 10.227938413619995,
    "peak_gpu_memory_mb": 143.1884765625,
    "avg_query_time": 0.13904948234558107,
    "total_query_time": 1.3904948234558105,
    "n_human_labeled_mean": [
      100.0,
      200.0,
      300.0,
      400.0,
      500.0,
      600.0,
      700.0,
      800.0,
      900.0,
      1000.0
    ],
    "total_pseudo_labeled": 0
  },
  "full_supervision": {
    "accuracy": 0.7177,
    "f1": 0.7115104441066096,
    "train_time": 336.4742910861969,
    "gpu_memory_mb": 145.5634765625,
    "epochs": 50
  }
}