{
  "class_aware_entropy_ssl": {
    "f1_mean": [
      0.049727543904181847,
      0.07951191980759827,
      0.10395895451107032,
      0.12936428837704098,
      0.1577850843169712,
      0.20658043526064823,
      0.2376407230712278,
      0.2662690161921152,
      0.2991496952832199,
      0.2918020318544702
    ],
    "f1_std": [
      0.0,
      0.0,
      0.0,
      0.0,
      0.0,
      0.0,
      0.0,
      0.0,
      0.0,
      0.0
    ],
    "acc_mean": [
      0.1299,
      0.1837,
      0.2001,
      0.2178,
      0.2248,
      0.2767,
      0.2983,
      0.3299,
      0.3654,
      0.3544
    ],
    "acc_std": [
      0.0,
      0.0,
      0.0,
      0.0,
      0.0,
      0.0,
      0.0,
      0.0,
      0.0,
      0.0
    ],
    "final_f1_mean": 0.2918020318544702,
    "final_f1_std": 0.0,
    "best_f1_mean": 0.2991496952832199,
    "best_f1_std": 0.0,
    "n_seeds": 1,
    "seeds": [
      456
    ],
    "avg_train_time_per_round": 5.469576525688171,
    "total_train_time": 54.695765256881714,
    "peak_gpu_memory_mb": 228.80078125,
    "avg_query_time": 0.15259222984313964,
    "total_query_time": 1.5259222984313965,
    "n_human_labeled_mean": [
      100.0,
      200.0,
      300.0,
      400.0,
      500.0,
      600.0,
      700.0,
      800.0,
      900.0,
      1000.0
    ],
    "total_pseudo_labeled": 435
  },
  "gap_aware_entropy_ssl": {
    "f1_mean": [
      0.049727543904181847,
      0.07560756421845397,
      0.10498218024648294,
      0.15026413322788973,
      0.14607170585649706,
      0.1780262094436746,
      0.2108549962893707,
      0.25046648248673353,
      0.2825793579171353,
      0.3125899595221312
    ],
    "f1_std": [
      0.0,
      0.0,
      0.0,
      0.0,
      0.0,
      0.0,
      0.0,
      0.0,
      0.0,
      0.0
    ],
    "acc_mean": [
      0.1299,
      0.1726,
      0.1858,
      0.236,
      0.2249,
      0.2542,
      0.2834,
      0.3208,
      0.3512,
      0.3693
    ],
    "acc_std": [
      0.0,
      0.0,
      0.0,
      0.0,
      0.0,
      0.0,
      0.0,
      0.0,
      0.0,
      0.0
    ],
    "final_f1_mean": 0.3125899595221312,
    "final_f1_std": 0.0,
    "best_f1_mean": 0.3125899595221312,
    "best_f1_std": 0.0,
    "n_seeds": 1,
    "seeds": [
      456
    ],
    "avg_train_time_per_round": 5.061341953277588,
    "total_train_time": 50.61341953277588,
    "peak_gpu_memory_mb": 228.673828125,
    "avg_query_time": 0.14796414375305175,
    "total_query_time": 1.4796414375305176,
    "n_human_labeled_mean": [
      100.0,
      200.0,
      300.0,
      400.0,
      500.0,
      600.0,
      700.0,
      800.0,
      900.0,
      1000.0
    ],
    "total_pseudo_labeled": 624
  },
  "full_supervision": {
    "accuracy": 0.578,
    "f1": 0.5441378065830934,
    "train_time": 154.09839510917664,
    "gpu_memory_mb": 134.19287109375,
    "epochs": 50
  }
}