{
  "class_aware_entropy_ssl": {
    "f1_mean": [
      0.049727543904181847,
      0.07951191980759827,
      0.10395895451107032,
      0.12936428837704098,
      0.16593188030883912,
      0.2193140111703605,
      0.25204904380286997,
      0.25699389772247333,
      0.257352415714589,
      0.3034663533056484
    ],
    "f1_std": [
      0.0,
      0.0,
      0.0,
      0.0,
      0.0,
      0.0,
      0.0,
      0.0,
      0.0,
      0.0
    ],
    "acc_mean": [
      0.1299,
      0.1837,
      0.2001,
      0.2178,
      0.2293,
      0.2844,
      0.3102,
      0.3248,
      0.3207,
      0.3617
    ],
    "acc_std": [
      0.0,
      0.0,
      0.0,
      0.0,
      0.0,
      0.0,
      0.0,
      0.0,
      0.0,
      0.0
    ],
    "final_f1_mean": 0.3034663533056484,
    "final_f1_std": 0.0,
    "best_f1_mean": 0.3034663533056484,
    "best_f1_std": 0.0,
    "n_seeds": 1,
    "seeds": [
      456
    ],
    "avg_train_time_per_round": 5.322582769393921,
    "total_train_time": 53.22582769393921,
    "peak_gpu_memory_mb": 228.80078125,
    "avg_query_time": 0.15698568820953368,
    "total_query_time": 1.569856882095337,
    "n_human_labeled_mean": [
      100.0,
      200.0,
      300.0,
      400.0,
      500.0,
      600.0,
      700.0,
      800.0,
      900.0,
      1000.0
    ],
    "total_pseudo_labeled": 512
  },
  "gap_aware_entropy_ssl": {
    "f1_mean": [
      0.049727543904181847,
      0.07560756421845397,
      0.10498218024648294,
      0.15026413322788973,
      0.14657435880451794,
      0.15696743269145197,
      0.20983609132089126,
      0.2728251059060262,
      0.27554006954734966,
      0.2964953099947619
    ],
    "f1_std": [
      0.0,
      0.0,
      0.0,
      0.0,
      0.0,
      0.0,
      0.0,
      0.0,
      0.0,
      0.0
    ],
    "acc_mean": [
      0.1299,
      0.1726,
      0.1858,
      0.236,
      0.223,
      0.2372,
      0.2796,
      0.3338,
      0.3433,
      0.3565
    ],
    "acc_std": [
      0.0,
      0.0,
      0.0,
      0.0,
      0.0,
      0.0,
      0.0,
      0.0,
      0.0,
      0.0
    ],
    "final_f1_mean": 0.2964953099947619,
    "final_f1_std": 0.0,
    "best_f1_mean": 0.2964953099947619,
    "best_f1_std": 0.0,
    "n_seeds": 1,
    "seeds": [
      456
    ],
    "avg_train_time_per_round": 5.743594074249268,
    "total_train_time": 57.435940742492676,
    "peak_gpu_memory_mb": 228.673828125,
    "avg_query_time": 0.17018909454345704,
    "total_query_time": 1.7018909454345703,
    "n_human_labeled_mean": [
      100.0,
      200.0,
      300.0,
      400.0,
      500.0,
      600.0,
      700.0,
      800.0,
      900.0,
      1000.0
    ],
    "total_pseudo_labeled": 541
  },
  "full_supervision": {
    "accuracy": 0.578,
    "f1": 0.5441378065830934,
    "train_time": 157.49467992782593,
    "gpu_memory_mb": 134.19287109375,
    "epochs": 50
  }
}