{
  "adaptive_gap_entropy": {
    "f1_mean": [
      0.07757609861911147,
      0.11955814126659578,
      0.15170761857066095,
      0.17532991261711448,
      0.1914167819998152,
      0.22412816742924754,
      0.25639291637419703,
      0.2807614263572461,
      0.3132728737243919,
      0.3281055760999709
    ],
    "f1_std": [
      0.012213271534151063,
      0.017412672750105492,
      0.01842183097797939,
      0.018782283992368257,
      0.025674457113403056,
      0.021609965249185924,
      0.02493516781863323,
      0.030244594851776045,
      0.030629806597122475,
      0.02246475256573723
    ],
    "acc_mean": [
      0.16019999999999998,
      0.20345999999999997,
      0.23323999999999998,
      0.24584,
      0.26436000000000004,
      0.29538,
      0.31794,
      0.33427999999999997,
      0.35869999999999996,
      0.36804000000000003
    ],
    "acc_std": [
      0.012566463305162671,
      0.014734259397743749,
      0.014635928395561383,
      0.01725092461290119,
      0.022241276941758537,
      0.017434953398274392,
      0.023105375997806227,
      0.02405447151778646,
      0.02350285089090257,
      0.024088885403853788
    ],
    "final_f1_mean": 0.3281055760999709,
    "final_f1_std": 0.02246475256573723,
    "best_f1_mean": 0.3385949034602807,
    "best_f1_std": 0.022677064880458536,
    "n_seeds": 5,
    "seeds": [
      42,
      123,
      456,
      789,
      1024
    ],
    "avg_train_time_per_round": 10.592191858291626,
    "total_train_time": 529.6095929145813,
    "peak_gpu_memory_mb": 228.80224609375,
    "avg_query_time": 0.25042961120605467,
    "total_query_time": 12.521480560302734,
    "n_human_labeled_mean": [
      100.0,
      200.0,
      300.0,
      400.0,
      500.0,
      600.0,
      700.0,
      800.0,
      900.0,
      1000.0
    ],
    "total_pseudo_labeled": 5233
  },
  "class_aware_entropy": {
    "f1_mean": [
      0.07757609861911147,
      0.11930156315570017,
      0.14132965822449012,
      0.17228497145421726,
      0.1877216366060051,
      0.21312639307263614,
      0.24921268695132448,
      0.280850403859518,
      0.3038500581830391,
      0.33219395676917857
    ],
    "f1_std": [
      0.012213271534151063,
      0.02074972402472299,
      0.018269885635246324,
      0.023854344488274393,
      0.014140680882070236,
      0.02528600985044435,
      0.038820223401269456,
      0.022917702065236346,
      0.009066025437003624,
      0.014454602149230823
    ],
    "acc_mean": [
      0.16019999999999998,
      0.20764,
      0.22514000000000003,
      0.25278,
      0.26186,
      0.28966000000000003,
      0.31812,
      0.34006000000000003,
      0.35551999999999995,
      0.3696400000000001
    ],
    "acc_std": [
      0.012566463305162671,
      0.017842264430279014,
      0.017805122858323676,
      0.02171906075317255,
      0.014889539952597602,
      0.020623055059811102,
      0.02887950138073718,
      0.019054406314550975,
      0.009400723376421623,
      0.0053458769159044385
    ],
    "final_f1_mean": 0.33219395676917857,
    "final_f1_std": 0.014454602149230823,
    "best_f1_mean": 0.33219395676917857,
    "best_f1_std": 0.014454602149230823,
    "n_seeds": 5,
    "seeds": [
      42,
      123,
      456,
      789,
      1024
    ],
    "avg_train_time_per_round": 10.832466053962708,
    "total_train_time": 541.6233026981354,
    "peak_gpu_memory_mb": 228.67529296875,
    "avg_query_time": 0.2535956716537476,
    "total_query_time": 12.679783582687378,
    "n_human_labeled_mean": [
      100.0,
      200.0,
      300.0,
      400.0,
      500.0,
      600.0,
      700.0,
      800.0,
      900.0,
      1000.0
    ],
    "total_pseudo_labeled": 5363
  },
  "gap_aware_entropy": {
    "f1_mean": [
      0.07757609861911147,
      0.12154726948535419,
      0.1533674029041589,
      0.18039907378944448,
      0.19494189487874883,
      0.23252749032696868,
      0.24572570304356783,
      0.27523402059133784,
      0.30659790858001873,
      0.3355026419588118
    ],
    "f1_std": [
      0.012213271534151063,
      0.016771099019207737,
      0.027301533674253347,
      0.01995615289778377,
      0.010828075972663038,
      0.018142102510848093,
      0.02061509053933121,
      0.01623806296424658,
      0.024581721475699696,
      0.016589468123200415
    ],
    "acc_mean": [
      0.16019999999999998,
      0.20732,
      0.23847999999999997,
      0.24603999999999998,
      0.26814,
      0.30286,
      0.31277999999999995,
      0.33374000000000004,
      0.35798,
      0.38022
    ],
    "acc_std": [
      0.012566463305162671,
      0.014491707973872513,
      0.019042625869349,
      0.011237188260414617,
      0.013639002896106448,
      0.013090087853028348,
      0.016142663968502842,
      0.012909469392659021,
      0.011427580671340701,
      0.011749280829055025
    ],
    "final_f1_mean": 0.3355026419588118,
    "final_f1_std": 0.016589468123200415,
    "best_f1_mean": 0.33834465479273285,
    "best_f1_std": 0.01731023253218618,
    "n_seeds": 5,
    "seeds": [
      42,
      123,
      456,
      789,
      1024
    ],
    "avg_train_time_per_round": 7.734022722244263,
    "total_train_time": 386.70113611221313,
    "peak_gpu_memory_mb": 228.67529296875,
    "avg_query_time": 0.18538387298583983,
    "total_query_time": 9.269193649291992,
    "n_human_labeled_mean": [
      100.0,
      200.0,
      300.0,
      400.0,
      500.0,
      600.0,
      700.0,
      800.0,
      900.0,
      1000.0
    ],
    "total_pseudo_labeled": 5260
  },
  "full_supervision": {
    "accuracy": 0.6923,
    "f1": 0.6807918809038742,
    "train_time": 327.1313531398773,
    "gpu_memory_mb": 134.19287109375,
    "epochs": 50
  }
}