{
  "adaptive_gap_entropy": {
    "f1_mean": [
      0.09443301105239583,
      0.1580449841107483,
      0.17876774687159144,
      0.2305175540595398,
      0.2582810319187362,
      0.2897319927649337,
      0.3206096484981795,
      0.3546984447152627,
      0.376375442209429,
      0.3935786631660887
    ],
    "f1_std": [
      0.0,
      0.0,
      0.0,
      0.0,
      0.0,
      0.0,
      0.0,
      0.0,
      0.0,
      0.0
    ],
    "acc_mean": [
      0.1635,
      0.2355,
      0.2394,
      0.2857,
      0.3092,
      0.3326,
      0.353,
      0.3695,
      0.3924,
      0.4059
    ],
    "acc_std": [
      0.0,
      0.0,
      0.0,
      0.0,
      0.0,
      0.0,
      0.0,
      0.0,
      0.0,
      0.0
    ],
    "final_f1_mean": 0.3935786631660887,
    "final_f1_std": 0.0,
    "best_f1_mean": 0.3935786631660887,
    "best_f1_std": 0.0,
    "n_seeds": 1,
    "seeds": [
      456
    ],
    "avg_train_time_per_round": 4.761376810073853,
    "total_train_time": 47.613768100738525,
    "peak_gpu_memory_mb": 241.4228515625,
    "avg_query_time": 0.06958980560302734,
    "total_query_time": 0.6958980560302734,
    "n_human_labeled_mean": [
      100.0,
      200.0,
      300.0,
      400.0,
      500.0,
      600.0,
      700.0,
      800.0,
      900.0,
      1000.0
    ],
    "total_pseudo_labeled": 809
  },
  "class_aware_entropy": {
    "f1_mean": [
      0.09443301105239583,
      0.1653727338818192,
      0.23665969012561638,
      0.21725341622159755,
      0.2656622982429163,
      0.2740040926550452,
      0.28684779823337025,
      0.3648524385879545,
      0.3520420518007041,
      0.394893760529467
    ],
    "f1_std": [
      0.0,
      0.0,
      0.0,
      0.0,
      0.0,
      0.0,
      0.0,
      0.0,
      0.0,
      0.0
    ],
    "acc_mean": [
      0.1635,
      0.2238,
      0.2754,
      0.2846,
      0.3164,
      0.3285,
      0.3264,
      0.3771,
      0.3809,
      0.4042
    ],
    "acc_std": [
      0.0,
      0.0,
      0.0,
      0.0,
      0.0,
      0.0,
      0.0,
      0.0,
      0.0,
      0.0
    ],
    "final_f1_mean": 0.394893760529467,
    "final_f1_std": 0.0,
    "best_f1_mean": 0.394893760529467,
    "best_f1_std": 0.0,
    "n_seeds": 1,
    "seeds": [
      456
    ],
    "avg_train_time_per_round": 4.858005070686341,
    "total_train_time": 48.5800507068634,
    "peak_gpu_memory_mb": 241.4228515625,
    "avg_query_time": 0.07532742023468017,
    "total_query_time": 0.7532742023468018,
    "n_human_labeled_mean": [
      100.0,
      200.0,
      300.0,
      400.0,
      500.0,
      600.0,
      700.0,
      800.0,
      900.0,
      1000.0
    ],
    "total_pseudo_labeled": 977
  },
  "entropy": {
    "f1_mean": [
      0.09443301105239583,
      0.15119114812873155,
      0.1867142922522294,
      0.2173920377257063,
      0.26498037709601596,
      0.24383450628199244,
      0.2946537480821712,
      0.32134572606890716,
      0.34275956435165744,
      0.33706535759320183
    ],
    "f1_std": [
      0.0,
      0.0,
      0.0,
      0.0,
      0.0,
      0.0,
      0.0,
      0.0,
      0.0,
      0.0
    ],
    "acc_mean": [
      0.1635,
      0.2135,
      0.2459,
      0.2797,
      0.3089,
      0.3046,
      0.3421,
      0.3707,
      0.3848,
      0.3844
    ],
    "acc_std": [
      0.0,
      0.0,
      0.0,
      0.0,
      0.0,
      0.0,
      0.0,
      0.0,
      0.0,
      0.0
    ],
    "final_f1_mean": 0.33706535759320183,
    "final_f1_std": 0.0,
    "best_f1_mean": 0.34275956435165744,
    "best_f1_std": 0.0,
    "n_seeds": 1,
    "seeds": [
      456
    ],
    "avg_train_time_per_round": 5.1201070785522464,
    "total_train_time": 51.20107078552246,
    "peak_gpu_memory_mb": 236.80224609375,
    "avg_query_time": 0.0002761363983154297,
    "total_query_time": 0.002761363983154297,
    "n_human_labeled_mean": [
      100.0,
      200.0,
      300.0,
      400.0,
      500.0,
      600.0,
      700.0,
      800.0,
      900.0,
      1000.0
    ],
    "total_pseudo_labeled": 1179
  },
  "gap_aware_entropy": {
    "f1_mean": [
      0.09443301105239583,
      0.15613765592873824,
      0.18825209293179976,
      0.23393012182948986,
      0.25589027909355894,
      0.30326394234223997,
      0.3128782556856583,
      0.3489702451766713,
      0.3352941636633841,
      0.37746125573452555
    ],
    "f1_std": [
      0.0,
      0.0,
      0.0,
      0.0,
      0.0,
      0.0,
      0.0,
      0.0,
      0.0,
      0.0
    ],
    "acc_mean": [
      0.1635,
      0.2353,
      0.246,
      0.2903,
      0.3078,
      0.3424,
      0.3466,
      0.3642,
      0.355,
      0.3919
    ],
    "acc_std": [
      0.0,
      0.0,
      0.0,
      0.0,
      0.0,
      0.0,
      0.0,
      0.0,
      0.0,
      0.0
    ],
    "final_f1_mean": 0.37746125573452555,
    "final_f1_std": 0.0,
    "best_f1_mean": 0.37746125573452555,
    "best_f1_std": 0.0,
    "n_seeds": 1,
    "seeds": [
      456
    ],
    "avg_train_time_per_round": 4.60688533782959,
    "total_train_time": 46.0688533782959,
    "peak_gpu_memory_mb": 241.4228515625,
    "avg_query_time": 0.07165737152099609,
    "total_query_time": 0.7165737152099609,
    "n_human_labeled_mean": [
      100.0,
      200.0,
      300.0,
      400.0,
      500.0,
      600.0,
      700.0,
      800.0,
      900.0,
      1000.0
    ],
    "total_pseudo_labeled": 999
  },
  "full_supervision": {
    "accuracy": 0.7953,
    "f1": 0.7922718883981543,
    "train_time": 720.3826916217804,
    "gpu_memory_mb": 146.5634765625,
    "epochs": 50
  }
}