{
  "badge": {
    "f1_mean": [
      0.08482669525218056,
      0.14820995230203912,
      0.14844515464333125,
      0.21507777389490843,
      0.22634461249738144,
      0.2628712274258566,
      0.3028001630653803,
      0.36003938893488935,
      0.37614269675251677,
      0.37692368050660585
    ],
    "f1_std": [
      0.009621974332958342,
      0.01040399268287036,
      0.0177963206320212,
      0.011031548863527184,
      0.02683107635042487,
      0.01603279183764364,
      0.021986299903538887,
      0.016730251779214514,
      0.0161858395315013,
      0.021354633849067276
    ],
    "acc_mean": [
      0.15369999999999998,
      0.221,
      0.22486666666666666,
      0.26730000000000004,
      0.2769,
      0.3159,
      0.3547,
      0.39063333333333333,
      0.40913333333333335,
      0.4128333333333334
    ],
    "acc_std": [
      0.016336666326600014,
      0.0030626785662227086,
      0.017551131650757505,
      0.009253467818427131,
      0.01646470973526916,
      0.00994082491546853,
      0.014325734419800845,
      0.009938589213543129,
      0.010583740149661435,
      0.01766358463682337
    ],
    "final_f1_mean": 0.37692368050660585,
    "final_f1_std": 0.021354633849067276,
    "best_f1_mean": 0.37888856492943396,
    "best_f1_std": 0.018735985922625237,
    "n_seeds": 3,
    "seeds": [
      42,
      123,
      456
    ],
    "avg_train_time_per_round": 5.968956319491069,
    "total_train_time": 179.06868958473206,
    "peak_gpu_memory_mb": 295.0302734375,
    "avg_query_time": 24.50695606867472,
    "total_query_time": 735.2086820602417,
    "n_human_labeled_mean": [
      100.0,
      200.0,
      300.0,
      400.0,
      500.0,
      600.0,
      700.0,
      800.0,
      900.0,
      1000.0
    ],
    "total_pseudo_labeled": 2969
  },
  "coreset": {
    "f1_mean": [
      0.08482669525218056,
      0.1375461564458851,
      0.1647906931024865,
      0.20944432479240419,
      0.2258569095789559,
      0.22644074731605937,
      0.28696179016887996,
      0.3170654513540163,
      0.31687479941862023,
      0.3217290404601685
    ],
    "f1_std": [
      0.009621974332958342,
      0.020553382978920242,
      0.012770160090390292,
      0.019045495234896518,
      0.014357059439997127,
      0.02395200349010065,
      0.012783770069890213,
      0.022116707285283862,
      0.03925527904508277,
      0.048617772721820905
    ],
    "acc_mean": [
      0.15369999999999998,
      0.21976666666666667,
      0.23353333333333334,
      0.2647,
      0.2749333333333333,
      0.2854,
      0.3385666666666667,
      0.3612,
      0.3580666666666667,
      0.3595333333333333
    ],
    "acc_std": [
      0.016336666326600014,
      0.008481483098819192,
      0.016496531621997258,
      0.014201408380861381,
      0.005606147419475226,
      0.016347680773328887,
      0.009819142302439434,
      0.01919218590989573,
      0.030939115838835605,
      0.04135249555817505
    ],
    "final_f1_mean": 0.3217290404601685,
    "final_f1_std": 0.048617772721820905,
    "best_f1_mean": 0.3318710513835738,
    "best_f1_std": 0.036350884907446264,
    "n_seeds": 3,
    "seeds": [
      42,
      123,
      456
    ],
    "avg_train_time_per_round": 5.9481046040852865,
    "total_train_time": 178.4431381225586,
    "peak_gpu_memory_mb": 295.0302734375,
    "avg_query_time": 12.895513892173767,
    "total_query_time": 386.865416765213,
    "n_human_labeled_mean": [
      100.0,
      200.0,
      300.0,
      400.0,
      500.0,
      600.0,
      700.0,
      800.0,
      900.0,
      1000.0
    ],
    "total_pseudo_labeled": 2913
  },
  "entropy": {
    "f1_mean": [
      0.08482669525218056,
      0.14551995623310468,
      0.19972992721968955,
      0.17589720923208166,
      0.23977035167912542,
      0.2754872628481923,
      0.2818775805771855,
      0.3215869661854082,
      0.32359503189952127,
      0.33508081814793766
    ],
    "f1_std": [
      0.009621974332958342,
      0.01578411710828486,
      0.029258651190589846,
      0.017611276536508177,
      0.016149853318434236,
      0.016648512360798853,
      0.02906638249798731,
      0.012548358301197724,
      0.011130557112740613,
      0.024794040275017012
    ],
    "acc_mean": [
      0.15369999999999998,
      0.22643333333333335,
      0.2619,
      0.239,
      0.2894666666666667,
      0.3238666666666667,
      0.32803333333333334,
      0.3573666666666666,
      0.3660666666666666,
      0.3738333333333333
    ],
    "acc_std": [
      0.016336666326600014,
      0.008820178884555325,
      0.0239505045179985,
      0.018666726190381296,
      0.011695108189134273,
      0.00739384128101818,
      0.01943061730591411,
      0.005712170243339113,
      0.005462803513052836,
      0.01998471638249814
    ],
    "final_f1_mean": 0.33508081814793766,
    "final_f1_std": 0.024794040275017012,
    "best_f1_mean": 0.33836970153765367,
    "best_f1_std": 0.020349629995319998,
    "n_seeds": 3,
    "seeds": [
      42,
      123,
      456
    ],
    "avg_train_time_per_round": 6.058447154362996,
    "total_train_time": 181.7534146308899,
    "peak_gpu_memory_mb": 249.9228515625,
    "avg_query_time": 0.0005718787511189778,
    "total_query_time": 0.017156362533569336,
    "n_human_labeled_mean": [
      100.0,
      200.0,
      300.0,
      400.0,
      500.0,
      600.0,
      700.0,
      800.0,
      900.0,
      1000.0
    ],
    "total_pseudo_labeled": 3210
  },
  "margin": {
    "f1_mean": [
      0.08482669525218056,
      0.16974183888873975,
      0.18721162172427966,
      0.2124984505255155,
      0.21197299439399486,
      0.2516352470166119,
      0.270280132702648,
      0.311238356592401,
      0.34062564473963947,
      0.3383177196082772
    ],
    "f1_std": [
      0.009621974332958342,
      0.007443290260217069,
      0.019733220980158055,
      0.004313837649544828,
      0.024803901289902393,
      0.008058550632989893,
      0.014357952346782459,
      0.016364703731159426,
      0.020465716585867513,
      0.01258373183247243
    ],
    "acc_mean": [
      0.15369999999999998,
      0.23216666666666666,
      0.24756666666666668,
      0.27453333333333335,
      0.27143333333333336,
      0.31446666666666667,
      0.33016666666666666,
      0.3602666666666667,
      0.3856333333333333,
      0.3926666666666667
    ],
    "acc_std": [
      0.016336666326600014,
      0.011665999980951297,
      0.010293147666719307,
      0.005095313751107215,
      0.01790611317089471,
      0.0025223445883190347,
      0.008911540582612839,
      0.009357468793547858,
      0.011357621034158313,
      0.005700487308604031
    ],
    "final_f1_mean": 0.3383177196082772,
    "final_f1_std": 0.01258373183247243,
    "best_f1_mean": 0.3448835613446313,
    "best_f1_std": 0.017894711078783432,
    "n_seeds": 3,
    "seeds": [
      42,
      123,
      456
    ],
    "avg_train_time_per_round": 6.033826820055643,
    "total_train_time": 181.0148046016693,
    "peak_gpu_memory_mb": 289.78466796875,
    "avg_query_time": 0.0006898085276285808,
    "total_query_time": 0.020694255828857422,
    "n_human_labeled_mean": [
      100.0,
      200.0,
      300.0,
      400.0,
      500.0,
      600.0,
      700.0,
      800.0,
      900.0,
      1000.0
    ],
    "total_pseudo_labeled": 2984
  },
  "qbc": {
    "f1_mean": [
      0.08482669525218056,
      0.15770906805359453,
      0.16865320277615944,
      0.19339228563720137,
      0.21506231893110095,
      0.24405846462363825,
      0.28766506894487304,
      0.31647573100727894,
      0.33692917127295047,
      0.3625640151087792
    ],
    "f1_std": [
      0.009621974332958342,
      0.007753458733965303,
      0.02002186508597243,
      0.006303010663666678,
      0.02383153035012357,
      0.020365154674435903,
      0.021686137217045917,
      0.0017051125278950688,
      0.02614534509024829,
      0.012860203217822637
    ],