{
  "adaptive_gap_entropy": {
    "f1_mean": [
      0.09443301105239583,
      0.1580449841107483,
      0.17876774687159144,
      0.23877602646589988,
      0.2463646198604441,
      0.28316648185309445,
      0.33227379418089475,
      0.3363826916123703,
      0.33769651727554406,
      0.3831860004244184
    ],
    "f1_std": [
      0.0,
      0.0,
      0.0,
      0.0,
      0.0,
      0.0,
      0.0,
      0.0,
      0.0,
      0.0
    ],
    "acc_mean": [
      0.1635,
      0.2355,
      0.2394,
      0.294,
      0.3026,
      0.3312,
      0.3735,
      0.3684,
      0.3736,
      0.4034
    ],
    "acc_std": [
      0.0,
      0.0,
      0.0,
      0.0,
      0.0,
      0.0,
      0.0,
      0.0,
      0.0,
      0.0
    ],
    "final_f1_mean": 0.3831860004244184,
    "final_f1_std": 0.0,
    "best_f1_mean": 0.3831860004244184,
    "best_f1_std": 0.0,
    "n_seeds": 1,
    "seeds": [
      456
    ],
    "avg_train_time_per_round": 3.8149253606796263,
    "total_train_time": 38.149253606796265,
    "peak_gpu_memory_mb": 241.4228515625,
    "avg_query_time": 0.06450588703155517,
    "total_query_time": 0.6450588703155518,
    "n_human_labeled_mean": [
      100.0,
      200.0,
      300.0,
      400.0,
      500.0,
      600.0,
      700.0,
      800.0,
      900.0,
      1000.0
    ],
    "total_pseudo_labeled": 836
  },
  "class_aware_entropy": {
    "f1_mean": [
      0.09443301105239583,
      0.1653727338818192,
      0.23665969012561638,
      0.22040515227735163,
      0.2878596912440297,
      0.3229781274780899,
      0.3460805629590754,
      0.3702305791840259,
      0.3908710348989666,
      0.372489881768119
    ],
    "f1_std": [
      0.0,
      0.0,
      0.0,
      0.0,
      0.0,
      0.0,
      0.0,
      0.0,
      0.0,
      0.0
    ],
    "acc_mean": [
      0.1635,
      0.2238,
      0.2754,
      0.278,
      0.3149,
      0.3466,
      0.3673,
      0.3843,
      0.4142,
      0.3876
    ],
    "acc_std": [
      0.0,
      0.0,
      0.0,
      0.0,
      0.0,
      0.0,
      0.0,
      0.0,
      0.0,
      0.0
    ],
    "final_f1_mean": 0.372489881768119,
    "final_f1_std": 0.0,
    "best_f1_mean": 0.3908710348989666,
    "best_f1_std": 0.0,
    "n_seeds": 1,
    "seeds": [
      456
    ],
    "avg_train_time_per_round": 4.049148511886597,
    "total_train_time": 40.49148511886597,
    "peak_gpu_memory_mb": 241.4228515625,
    "avg_query_time": 0.06454250812530518,
    "total_query_time": 0.6454250812530518,
    "n_human_labeled_mean": [
      100.0,
      200.0,
      300.0,
      400.0,
      500.0,
      600.0,
      700.0,
      800.0,
      900.0,
      1000.0
    ],
    "total_pseudo_labeled": 595
  },
  "entropy": {
    "f1_mean": [
      0.09443301105239583,
      0.15119114812873155,
      0.1867142922522294,
      0.19218294081960402,
      0.2730874224524246,
      0.2900048083305673,
      0.3092561276418225,
      0.33023108342206964,
      0.3355862294838327,
      0.3788167856397605
    ],
    "f1_std": [
      0.0,
      0.0,
      0.0,
      0.0,
      0.0,
      0.0,
      0.0,
      0.0,
      0.0,
      0.0
    ],
    "acc_mean": [
      0.1635,
      0.2135,
      0.2459,
      0.2588,
      0.3174,
      0.328,
      0.3419,
      0.3614,
      0.3706,
      0.4011
    ],
    "acc_std": [
      0.0,
      0.0,
      0.0,
      0.0,
      0.0,
      0.0,
      0.0,
      0.0,
      0.0,
      0.0
    ],
    "final_f1_mean": 0.3788167856397605,
    "final_f1_std": 0.0,
    "best_f1_mean": 0.3788167856397605,
    "best_f1_std": 0.0,
    "n_seeds": 1,
    "seeds": [
      456
    ],
    "avg_train_time_per_round": 4.5339807033538815,
    "total_train_time": 45.33980703353882,
    "peak_gpu_memory_mb": 236.80224609375,
    "avg_query_time": 0.0003401041030883789,
    "total_query_time": 0.003401041030883789,
    "n_human_labeled_mean": [
      100.0,
      200.0,
      300.0,
      400.0,
      500.0,
      600.0,
      700.0,
      800.0,
      900.0,
      1000.0
    ],
    "total_pseudo_labeled": 612
  },
  "gap_aware_entropy": {
    "f1_mean": [
      0.09443301105239583,
      0.15613765592873824,
      0.18825209293179976,
      0.24110051491515172,
      0.27349478045500486,
      0.3106323238241681,
      0.3455451411077569,
      0.35803259307965524,
      0.3749789046021766,
      0.39510604864784166
    ],
    "f1_std": [
      0.0,
      0.0,
      0.0,
      0.0,
      0.0,
      0.0,
      0.0,
      0.0,
      0.0,
      0.0
    ],
    "acc_mean": [
      0.1635,
      0.2353,
      0.246,
      0.2882,
      0.3088,
      0.3439,
      0.3762,
      0.3736,
      0.4049,
      0.4129
    ],
    "acc_std": [
      0.0,
      0.0,
      0.0,
      0.0,
      0.0,
      0.0,
      0.0,
      0.0,
      0.0,
      0.0
    ],
    "final_f1_mean": 0.39510604864784166,
    "final_f1_std": 0.0,
    "best_f1_mean": 0.39510604864784166,
    "best_f1_std": 0.0,
    "n_seeds": 1,
    "seeds": [
      456
    ],
    "avg_train_time_per_round": 4.634004878997803,
    "total_train_time": 46.34004878997803,
    "peak_gpu_memory_mb": 241.4228515625,
    "avg_query_time": 0.09139134883880615,
    "total_query_time": 0.9139134883880615,
    "n_human_labeled_mean": [
      100.0,
      200.0,
      300.0,
      400.0,
      500.0,
      600.0,
      700.0,
      800.0,
      900.0,
      1000.0
    ],
    "total_pseudo_labeled": 762
  },
  "full_supervision": {
    "accuracy": 0.802,
    "f1": 0.7986519334733114,
    "train_time": 426.5950984954834,
    "gpu_memory_mb": 146.5634765625,
    "epochs": 50
  }
}