{
  "class_aware_entropy_ssl": {
    "f1_mean": [
      0.10339743455101177,
      0.26736291428095516,
      0.26490048299659763,
      0.3072794585331588,
      0.3180081185292126,
      0.3680564429751335,
      0.37372363125703734,
      0.39945049424422074,
      0.43561143814376824,
      0.4276659317486935
    ],
    "f1_std": [
      0.0,
      0.0,
      0.0,
      0.0,
      0.0,
      0.0,
      0.0,
      0.0,
      0.0,
      0.0
    ],
    "acc_mean": [
      0.1952,
      0.3028,
      0.2975,
      0.3347,
      0.3376,
      0.3837,
      0.3892,
      0.4202,
      0.443,
      0.4431
    ],
    "acc_std": [
      0.0,
      0.0,
      0.0,
      0.0,
      0.0,
      0.0,
      0.0,
      0.0,
      0.0,
      0.0
    ],
    "final_f1_mean": 0.4276659317486935,
    "final_f1_std": 0.0,
    "best_f1_mean": 0.43561143814376824,
    "best_f1_std": 0.0,
    "n_seeds": 1,
    "seeds": [
      456
    ],
    "avg_train_time_per_round": 3.692368412017822,
    "total_train_time": 36.92368412017822,
    "peak_gpu_memory_mb": 228.80078125,
    "avg_query_time": 0.10010180473327637,
    "total_query_time": 1.0010180473327637,
    "n_human_labeled_mean": [
      100.0,
      200.0,
      300.0,
      400.0,
      500.0,
      600.0,
      700.0,
      800.0,
      900.0,
      1000.0
    ],
    "total_pseudo_labeled": 226
  },
  "gap_aware_entropy_ssl": {
    "f1_mean": [
      0.10339743455101177,
      0.19275308037065328,
      0.21229072223452441,
      0.2487726567953809,
      0.2735990195211725,
      0.3384227615254791,
      0.37275759109102274,
      0.38486964460501377,
      0.40903924388618085,
      0.42508836201078415
    ],
    "f1_std": [
      0.0,
      0.0,
      0.0,
      0.0,
      0.0,
      0.0,
      0.0,
      0.0,
      0.0,
      0.0
    ],
    "acc_mean": [
      0.1952,
      0.2465,
      0.2607,
      0.2883,
      0.3066,
      0.3593,
      0.3852,
      0.3896,
      0.4134,
      0.4287
    ],
    "acc_std": [
      0.0,
      0.0,
      0.0,
      0.0,
      0.0,
      0.0,
      0.0,
      0.0,
      0.0,
      0.0
    ],
    "final_f1_mean": 0.42508836201078415,
    "final_f1_std": 0.0,
    "best_f1_mean": 0.42508836201078415,
    "best_f1_std": 0.0,
    "n_seeds": 1,
    "seeds": [
      456
    ],
    "avg_train_time_per_round": 3.5905043840408326,
    "total_train_time": 35.905043840408325,
    "peak_gpu_memory_mb": 228.673828125,
    "avg_query_time": 0.09165112972259522,
    "total_query_time": 0.9165112972259521,
    "n_human_labeled_mean": [
      100.0,
      200.0,
      300.0,
      400.0,
      500.0,
      600.0,
      700.0,
      800.0,
      900.0,
      1000.0
    ],
    "total_pseudo_labeled": 281
  },
  "full_supervision": {
    "accuracy": 0.7887,
    "f1": 0.7900946083309093,
    "train_time": 316.26853942871094,
    "gpu_memory_mb": 134.19287109375,
    "epochs": 50
  }
}