{
  "class_aware_entropy_ssl": {
    "f1_mean": [
      0.08816755465991738,
      0.09784687177875466,
      0.1111949256238463,
      0.1370170950992909,
      0.15405803492795334,
      0.17503962726147576,
      0.19720813168091228,
      0.21339438842436662,
      0.26158952549513437,
      0.2589150933369537
    ],
    "f1_std": [
      0.0,
      0.0,
      0.0,
      0.0,
      0.0,
      0.0,
      0.0,
      0.0,
      0.0,
      0.0
    ],
    "acc_mean": [
      0.1856,
      0.2047,
      0.2172,
      0.227,
      0.2343,
      0.2657,
      0.278,
      0.2913,
      0.3362,
      0.327
    ],
    "acc_std": [
      0.0,
      0.0,
      0.0,
      0.0,
      0.0,
      0.0,
      0.0,
      0.0,
      0.0,
      0.0
    ],
    "final_f1_mean": 0.2589150933369537,
    "final_f1_std": 0.0,
    "best_f1_mean": 0.26158952549513437,
    "best_f1_std": 0.0,
    "n_seeds": 1,
    "seeds": [
      456
    ],
    "avg_train_time_per_round": 3.455428624153137,
    "total_train_time": 34.55428624153137,
    "peak_gpu_memory_mb": 228.80078125,
    "avg_query_time": 0.0805699110031128,
    "total_query_time": 0.8056991100311279,
    "n_human_labeled_mean": [
      100.0,
      200.0,
      300.0,
      400.0,
      500.0,
      600.0,
      700.0,
      800.0,
      900.0,
      1000.0
    ],
    "total_pseudo_labeled": 542
  },
  "gap_aware_entropy_ssl": {
    "f1_mean": [
      0.08816755465991738,
      0.09856129676945358,
      0.12003642588803336,
      0.1366191713914356,
      0.17989697090862497,
      0.1821807642513939,
      0.20547274359657072,
      0.21452016347272265,
      0.2775084917908538,
      0.2647819701571289
    ],
    "f1_std": [
      0.0,
      0.0,
      0.0,
      0.0,
      0.0,
      0.0,
      0.0,
      0.0,
      0.0,
      0.0
    ],
    "acc_mean": [
      0.1856,
      0.2002,
      0.2137,
      0.2206,
      0.2483,
      0.2553,
      0.2762,
      0.2908,
      0.3426,
      0.337
    ],
    "acc_std": [
      0.0,
      0.0,
      0.0,
      0.0,
      0.0,
      0.0,
      0.0,
      0.0,
      0.0,
      0.0
    ],
    "final_f1_mean": 0.2647819701571289,
    "final_f1_std": 0.0,
    "best_f1_mean": 0.2775084917908538,
    "best_f1_std": 0.0,
    "n_seeds": 1,
    "seeds": [
      456
    ],
    "avg_train_time_per_round": 3.3387210369110107,
    "total_train_time": 33.38721036911011,
    "peak_gpu_memory_mb": 228.673828125,
    "avg_query_time": 0.06980273723602295,
    "total_query_time": 0.6980273723602295,
    "n_human_labeled_mean": [
      100.0,
      200.0,
      300.0,
      400.0,
      500.0,
      600.0,
      700.0,
      800.0,
      900.0,
      1000.0
    ],
    "total_pseudo_labeled": 648
  },
  "full_supervision": {
    "accuracy": 0.6012,
    "f1": 0.5577247057769623,
    "train_time": 132.6905872821808,
    "gpu_memory_mb": 134.19287109375,
    "epochs": 50
  }
}