{
  "class_aware_entropy_ssl": {
    "final_f1_mean": 0.3667490363662212,
    "final_f1_std": 0.017313888639258094,
    "n_seeds": 3
  },
  "gap_aware_entropy_ssl": {
    "final_f1_mean": 0.39093076981310687,
    "final_f1_std": 0.009247955160983276,
    "n_seeds": 3
  }
}