{
  "entropy": {
    "final_f1_mean": 0.348377816797262,
    "final_f1_std": 0.023921898174395134,
    "n_seeds": 3
  }
}