{
  "entropy": {
    "f1_mean": [
      0.10417327045847724,
      0.2250891656458256,
      0.24526240719566617,
      0.27725194075848864,
      0.2926436709086018,
      0.3540997230789549,
      0.3760884092061569,
      0.393465952182521,
      0.40786651001499225,
      0.4202827219206707
    ],
    "f1_std": [
      0.020560361051884968,
      0.04421920990516734,
      0.011995725714066258,
      0.02248830798205296,
      0.0319030249644465,
      0.02741400874130157,
      0.006204302559239524,
      0.007913477259905705,
      0.007863340521758735,
      0.0129606753683986
    ],
    "acc_mean": [
      0.16896666666666668,
      0.26530000000000004,
      0.2759,
      0.3078,
      0.319,
      0.3659666666666667,
      0.38443333333333335,
      0.4036666666666667,
      0.41806666666666664,
      0.4299
    ],
    "acc_std": [
      0.022914381704267937,
      0.0392459764392054,
      0.005322280213091619,
      0.018217756905466346,
      0.020879335877049973,
      0.01803872377845936,
      0.0026712460679532203,
      0.005049972497174837,
      0.00899827143894251,
      0.01244615067668181
    ],
    "final_f1_mean": 0.4202827219206707,
    "final_f1_std": 0.0129606753683986,
    "best_f1_mean": 0.4202827219206707,
    "best_f1_std": 0.0129606753683986,
    "n_seeds": 3,
    "seeds": [
      42,
      123,
      456
    ],
    "avg_train_time_per_round": 3.688486917813619,
    "total_train_time": 110.65460753440857,
    "peak_gpu_memory_mb": 249.54833984375,
    "avg_query_time": 0.0002523501714070638,
    "total_query_time": 0.007570505142211914,
    "n_human_labeled_mean": [
      100.0,
      200.0,
      300.0,
      400.0,
      500.0,
      600.0,
      700.0,
      800.0,
      900.0,
      1000.0
    ],
    "total_pseudo_labeled": 294
  },
  "full_supervision": {
    "accuracy": 0.841,
    "f1": 0.8408244315707606,
    "train_time": 632.0710895061493,
    "gpu_memory_mb": 146.8134765625,
    "epochs": 50
  }
}