{
  "gap_aware_entropy": {
    "f1_mean": [
      0.049727543904181847,
      0.07560756421845397,
      0.10498218024648294,
      0.15026413322788973,
      0.14657435880451794,
      0.15696743269145197,
      0.22321411739094593,
      0.2477097275569641,
      0.280114080545142,
      0.2821511492975765
    ],
    "f1_std": [
      0.0,
      0.0,
      0.0,
      0.0,
      0.0,
      0.0,
      0.0,
      0.0,
      0.0,
      0.0
    ],
    "acc_mean": [
      0.1299,
      0.1726,
      0.1858,
      0.236,
      0.223,
      0.2372,
      0.2935,
      0.3194,
      0.3492,
      0.3543
    ],
    "acc_std": [
      0.0,
      0.0,
      0.0,
      0.0,
      0.0,
      0.0,
      0.0,
      0.0,
      0.0,
      0.0
    ],
    "final_f1_mean": 0.2821511492975765,
    "final_f1_std": 0.0,
    "best_f1_mean": 0.2821511492975765,
    "best_f1_std": 0.0,
    "n_seeds": 1,
    "seeds": [
      456
    ],
    "avg_train_time_per_round": 3.9584255695343016,
    "total_train_time": 39.58425569534302,
    "peak_gpu_memory_mb": 228.80078125,
    "avg_query_time": 0.1466221332550049,
    "total_query_time": 1.4662213325500488,
    "n_human_labeled_mean": [
      100.0,
      200.0,
      300.0,
      400.0,
      500.0,
      600.0,
      700.0,
      800.0,
      900.0,
      1000.0
    ],
    "total_pseudo_labeled": 580
  },
  "full_supervision": {
    "accuracy": 0.578,
    "f1": 0.5441378065830934,
    "train_time": 140.2113139629364,
    "gpu_memory_mb": 134.19287109375,
    "epochs": 50
  }
}