{
  "adaptive_gap_entropy": {
    "f1_mean": [
      0.09553007994040172,
      0.16985623215590417,
      0.22210077747830503,
      0.23109864009389297,
      0.2619158860708697,
      0.31019816983013765,
      0.36693914938679495,
      0.36700081931580836,
      0.41385437246052004,
      0.3904477457774871
    ],
    "f1_std": [
      0.0,
      0.0,
      0.0,
      0.0,
      0.0,
      0.0,
      0.0,
      0.0,
      0.0,
      0.0
    ],
    "acc_mean": [
      0.1644,
      0.2371,
      0.2797,
      0.2846,
      0.3046,
      0.3459,
      0.389,
      0.3926,
      0.4268,
      0.4113
    ],
    "acc_std": [
      0.0,
      0.0,
      0.0,
      0.0,
      0.0,
      0.0,
      0.0,
      0.0,
      0.0,
      0.0
    ],
    "final_f1_mean": 0.3904477457774871,
    "final_f1_std": 0.0,
    "best_f1_mean": 0.41385437246052004,
    "best_f1_std": 0.0,
    "n_seeds": 1,
    "seeds": [
      123
    ],
    "avg_train_time_per_round": 7.925341415405273,
    "total_train_time": 79.25341415405273,
    "peak_gpu_memory_mb": 241.4228515625,
    "avg_query_time": 0.16573445796966552,
    "total_query_time": 1.6573445796966553,
    "n_human_labeled_mean": [
      100.0,
      200.0,
      300.0,
      400.0,
      500.0,
      600.0,
      700.0,
      800.0,
      900.0,
      1000.0
    ],
    "total_pseudo_labeled": 930
  },
  "class_aware_entropy": {
    "f1_mean": [
      0.09553007994040172,
      0.21308631319870908,
      0.23224942320336997,
      0.22816690831294556,
      0.31266036735732744,
      0.31874589280465054,
      0.35709240511871276,
      0.38349995740103815,
      0.4127263264254498,
      0.41353698804427746
    ],
    "f1_std": [
      0.0,
      0.0,
      0.0,
      0.0,
      0.0,
      0.0,
      0.0,
      0.0,
      0.0,
      0.0
    ],
    "acc_mean": [
      0.1644,
      0.2548,
      0.2895,
      0.2669,
      0.3417,
      0.3468,
      0.3785,
      0.4096,
      0.4326,
      0.4378
    ],
    "acc_std": [
      0.0,
      0.0,
      0.0,
      0.0,
      0.0,
      0.0,
      0.0,
      0.0,
      0.0,
      0.0
    ],
    "final_f1_mean": 0.41353698804427746,
    "final_f1_std": 0.0,
    "best_f1_mean": 0.41353698804427746,
    "best_f1_std": 0.0,
    "n_seeds": 1,
    "seeds": [
      123
    ],
    "avg_train_time_per_round": 7.953563547134399,
    "total_train_time": 79.535635471344,
    "peak_gpu_memory_mb": 241.4228515625,
    "avg_query_time": 0.16939175128936768,
    "total_query_time": 1.6939175128936768,
    "n_human_labeled_mean": [
      100.0,
      200.0,
      300.0,
      400.0,
      500.0,
      600.0,
      700.0,
      800.0,
      900.0,
      1000.0
    ],
    "total_pseudo_labeled": 1235
  },
  "entropy": {
    "f1_mean": [
      0.09553007994040172,
      0.1911064791216542,
      0.19525188859820847,
      0.19022735571231325,
      0.21741414918164334,
      0.2718730478979709,
      0.3206569689236333,
      0.3277792246868426,
      0.36107510952435645,
      0.3775063224634542
    ],
    "f1_std": [
      0.0,
      0.0,
      0.0,
      0.0,
      0.0,
      0.0,
      0.0,
      0.0,
      0.0,
      0.0
    ],
    "acc_mean": [
      0.1644,
      0.2535,
      0.2515,
      0.2589,
      0.2611,
      0.3249,
      0.3624,
      0.3679,
      0.3977,
      0.4081
    ],
    "acc_std": [
      0.0,
      0.0,
      0.0,
      0.0,
      0.0,
      0.0,
      0.0,
      0.0,
      0.0,
      0.0
    ],
    "final_f1_mean": 0.3775063224634542,
    "final_f1_std": 0.0,
    "best_f1_mean": 0.3775063224634542,
    "best_f1_std": 0.0,
    "n_seeds": 1,
    "seeds": [
      123
    ],
    "avg_train_time_per_round": 7.140614938735962,
    "total_train_time": 71.40614938735962,
    "peak_gpu_memory_mb": 236.80224609375,
    "avg_query_time": 0.0007742643356323242,
    "total_query_time": 0.007742643356323242,
    "n_human_labeled_mean": [
      100.0,
      200.0,
      300.0,
      400.0,
      500.0,
      600.0,
      700.0,
      800.0,
      900.0,
      1000.0
    ],
    "total_pseudo_labeled": 994
  },
  "gap_aware_entropy": {
    "f1_mean": [
      0.09553007994040172,
      0.15400693508068788,
      0.21807267527596746,
      0.1992544738830428,
      0.2691941899980312,
      0.3196188173800683,
      0.32939730246230475,
      0.34830946388529643,
      0.3702311241197874,
      0.3826571753202776
    ],
    "f1_std": [
      0.0,
      0.0,
      0.0,
      0.0,
      0.0,
      0.0,
      0.0,
      0.0,
      0.0,
      0.0
    ],
    "acc_mean": [
      0.1644,
      0.224,
      0.2794,
      0.2615,
      0.3164,
      0.3611,
      0.3609,
      0.3824,
      0.4024,
      0.4171
    ],
    "acc_std": [
      0.0,
      0.0,
      0.0,
      0.0,
      0.0,
      0.0,
      0.0,
      0.0,
      0.0,
      0.0
    ],
    "final_f1_mean": 0.3826571753202776,
    "final_f1_std": 0.0,
    "best_f1_mean": 0.3826571753202776,
    "best_f1_std": 0.0,
    "n_seeds": 1,
    "seeds": [
      123
    ],
    "avg_train_time_per_round": 7.886315774917603,
    "total_train_time": 78.86315774917603,
    "peak_gpu_memory_mb": 241.4228515625,
    "avg_query_time": 0.1624251127243042,
    "total_query_time": 1.624251127243042,
    "n_human_labeled_mean": [
      100.0,
      200.0,
      300.0,
      400.0,
      500.0,
      600.0,
      700.0,
      800.0,
      900.0,
      1000.0
    ],
    "total_pseudo_labeled": 993
  },
  "full_supervision": {
    "accuracy": 0.7924,
    "f1": 0.7887415629674555,
    "train_time": 563.4110403060913,
    "gpu_memory_mb": 146.5634765625,
    "epochs": 50
  }
}