{
  "gap_aware_entropy_ssl": {
    "f1_mean": [
      0.08816755465991738,
      0.10149009401303784,
      0.12259120799737402,
      0.17413481301120953,
      0.1531300601914185,
      0.181445849807526,
      0.2118956995916851,
      0.19255811685914098,
      0.25522661951262215,
      0.23654883988328904
    ],
    "f1_std": [
      0.0,
      0.0,
      0.0,
      0.0,
      0.0,
      0.0,
      0.0,
      0.0,
      0.0,
      0.0
    ],
    "acc_mean": [
      0.1856,
      0.1988,
      0.2127,
      0.2561,
      0.2378,
      0.2731,
      0.2938,
      0.2797,
      0.3314,
      0.3069
    ],
    "acc_std": [
      0.0,
      0.0,
      0.0,
      0.0,
      0.0,
      0.0,
      0.0,
      0.0,
      0.0,
      0.0
    ],
    "final_f1_mean": 0.23654883988328904,
    "final_f1_std": 0.0,
    "best_f1_mean": 0.25522661951262215,
    "best_f1_std": 0.0,
    "n_seeds": 1,
    "seeds": [
      456
    ],
    "avg_train_time_per_round": 3.1861987590789793,
    "total_train_time": 31.861987590789795,
    "peak_gpu_memory_mb": 228.80078125,
    "avg_query_time": 0.06305966377258301,
    "total_query_time": 0.6305966377258301,
    "n_human_labeled_mean": [
      100.0,
      200.0,
      300.0,
      400.0,
      500.0,
      600.0,
      700.0,
      800.0,
      900.0,
      1000.0
    ],
    "total_pseudo_labeled": 497
  },
  "full_supervision": {
    "accuracy": 0.6012,
    "f1": 0.5577247057769623,
    "train_time": 115.0168788433075,
    "gpu_memory_mb": 134.19287109375,
    "epochs": 50
  }
}