{
  "badge": {
    "f1_mean": [
      0.06267955116139469,
      0.09867500623101262,
      0.10342938623014264,
      0.1334539643404536,
      0.1457089862846905,
      0.17178371252849883,
      0.19844907564523415,
      0.23389801909450886,
      0.23852577881796377,
      0.27639327641228345
    ],
    "f1_std": [
      0.013546533762357333,
      0.0062721278129886935,
      0.014730181621325894,
      0.015265680533300791,
      0.025160962261192667,
      0.015584574917411354,
      0.03564645132942002,
      0.01856181942579973,
      0.014221305801428307,
      0.019685991474539276
    ],
    "acc_mean": [
      0.14886,
      0.19516,
      0.19774,
      0.2237,
      0.23386,
      0.25881999999999994,
      0.27837999999999996,
      0.30712,
      0.31054,
      0.34454
    ],
    "acc_std": [
      0.014235954481523181,
      0.0033624990706318412,
      0.018756396242348903,
      0.013021520648526427,
      0.01825427073317365,
      0.009323818960061372,
      0.02703023492313747,
      0.01466211444505873,
      0.010751855653792972,
      0.01637041233445266
    ],
    "final_f1_mean": 0.27639327641228345,
    "final_f1_std": 0.019685991474539276,
    "best_f1_mean": 0.27639327641228345,
    "best_f1_std": 0.019685991474539276,
    "n_seeds": 5,
    "seeds": [
      42,
      123,
      456,
      789,
      1024
    ],
    "avg_train_time_per_round": 5.425466561317444,
    "total_train_time": 271.2733280658722,
    "peak_gpu_memory_mb": 294.77880859375,
    "avg_query_time": 26.946988153457642,
    "total_query_time": 1347.349407672882,
    "n_human_labeled_mean": [
      100.0,
      200.0,
      300.0,
      400.0,
      500.0,
      600.0,
      700.0,
      800.0,
      900.0,
      1000.0
    ],
    "total_pseudo_labeled": 3096
  },
  "coreset": {
    "f1_mean": [
      0.06267955116139469,
      0.08458287926713737,
      0.09853688120098243,
      0.13347221510497503,
      0.14044887937194578,
      0.155437740660431,
      0.181140358022239,
      0.19149578610490703,
      0.2096159790819457,
      0.2519301979656757
    ],
    "f1_std": [
      0.013546533762357333,
      0.007267803540340247,
      0.010536251185267539,
      0.014659243974183141,
      0.011673198515071277,
      0.017673305085850743,
      0.01412718195760493,
      0.024477686868208524,
      0.01663208502193043,
      0.027850683185037535
    ],
    "acc_mean": [
      0.14886,
      0.18276,
      0.19306,
      0.22818,
      0.2287,
      0.24284,
      0.26583999999999997,
      0.27665999999999996,
      0.2892,
      0.32260000000000005
    ],
    "acc_std": [
      0.014235954481523181,
      0.009825395666333241,
      0.01141255449055995,
      0.01548888633827494,
      0.0059481089431852215,
      0.012586913839380955,
      0.006547243694868847,
      0.01632502373658305,
      0.012448935697480333,
      0.025482150615676057
    ],
    "final_f1_mean": 0.2519301979656757,
    "final_f1_std": 0.027850683185037535,
    "best_f1_mean": 0.2519301979656757,
    "best_f1_std": 0.027850683185037535,
    "n_seeds": 5,
    "seeds": [
      42,
      123,
      456,
      789,
      1024
    ],
    "avg_train_time_per_round": 3.6410319900512693,
    "total_train_time": 182.05159950256348,
    "peak_gpu_memory_mb": 294.77880859375,
    "avg_query_time": 9.98578115463257,
    "total_query_time": 499.2890577316284,
    "n_human_labeled_mean": [
      100.0,
      200.0,
      300.0,
      400.0,
      500.0,
      600.0,
      700.0,
      800.0,
      900.0,
      1000.0
    ],
    "total_pseudo_labeled": 3505
  },
  "entropy": {
    "f1_mean": [
      0.06267955116139469,
      0.08474133078699647,
      0.11520739317484471,
      0.13145452580213657,
      0.16397310027031634,
      0.17926915673873572,
      0.21487594157290416,
      0.2440236495843438,
      0.2642973651392412,
      0.2922369455229395
    ],
    "f1_std": [
      0.013546533762357333,
      0.02490826359540882,
      0.024895266278627457,
      0.028121482534596405,
      0.014542151217392132,
      0.01322715016480644,
      0.01796982321938598,
      0.01270880818365547,
      0.009193923005543087,
      0.01920275573759668
    ],
    "acc_mean": [
      0.14886,
      0.18164,
      0.21246,
      0.22274000000000002,
      0.24772,
      0.26394,
      0.29428,
      0.31532,
      0.33256,
      0.35168
    ],
    "acc_std": [
      0.014235954481523181,
      0.0264177667489135,
      0.019535260428261515,
      0.021228339548820113,
      0.007560529082015361,
      0.01066632082772688,
      0.015877455715573575,
      0.007673955955046906,
      0.0033921084888310906,
      0.016257724317997276
    ],
    "final_f1_mean": 0.2922369455229395,
    "final_f1_std": 0.01920275573759668,
    "best_f1_mean": 0.29234831711582326,
    "best_f1_std": 0.01909503736166373,
    "n_seeds": 5,
    "seeds": [
      42,
      123,
      456,
      789,
      1024
    ],
    "avg_train_time_per_round": 3.413670310974121,
    "total_train_time": 170.68351554870605,
    "peak_gpu_memory_mb": 276.03759765625,
    "avg_query_time": 0.00039361953735351563,
    "total_query_time": 0.01968097686767578,
    "n_human_labeled_mean": [
      100.0,
      200.0,
      300.0,
      400.0,
      500.0,
      600.0,
      700.0,
      800.0,
      900.0,
      1000.0
    ],
    "total_pseudo_labeled": 2977
  },
  "margin": {
    "f1_mean": [
      0.06267955116139469,
      0.08813127141489414,
      0.12070135641714028,
      0.1255155332099287,
      0.13769447952785924,
      0.16510138540433203,
      0.18976148224869624,
      0.2231130514375062,
      0.2374230663233552,
      0.26226337960993723
    ],
    "f1_std": [
      0.013546533762357333,
      0.009793134291890715,
      0.026770770568317313,
      0.008843558573218072,
      0.017355197588285395,
      0.019187194594587936,
      0.01373964683470076,
      0.02165476665243768,
      0.02066571087109308,
      0.03639934783505603
    ],
    "acc_mean": [
      0.14886,
      0.19148,
      0.21448,
      0.21838000000000002,
      0.2299,
      0.25072,
      0.27352,
      0.30028,
      0.31028,
      0.32608000000000004
    ],
    "acc_std": [
      0.014235954481523181,
      0.009520378143750384,
      0.015381599396681734,
      0.005797378718006957,
      0.007799487162628066,
      0.011112047516097113,
      0.007125278941908165,
      0.013537710293842162,
      0.018406455389346425,
      0.03185664137978139
    ],
    "final_f1_mean": 0.26226337960993723,
    "final_f1_std": 0.03639934783505603,
    "best_f1_mean": 0.2702207089075012,
    "best_f1_std": 0.026099524173384545,
    "n_seeds": 5,
    "seeds": [
      42,
      123,
      456,
      789,
      1024
    ],
    "avg_train_time_per_round": 3.4224358558654786,
    "total_train_time": 171.12179279327393,
    "peak_gpu_memory_mb": 303.02685546875,
    "avg_query_time": 0.00046550273895263673,
    "total_query_time": 0.023275136947631836,
    "n_human_labeled_mean": [
      100.0,
      200.0,
      300.0,
      400.0,
      500.0,
      600.0,
      700.0,
      800.0,
      900.0,
      1000.0
    ],
    "total_pseudo_labeled": 2917
  },
  "qbc": {
    "f1_mean": [
      0.06267955116139469,
      0.0856518194878855,
      0.08943588585908116,
      0.09675261617162044,
      0.12171761329296275,
      0.14170658370101782,
      0.1663485828001791,
      0.20381891709510686,
      0.20642894375434154,
      0.24027953422028897
    ],
    "f1_std": [
      0.013546533762357333,
      0.023953443936021602,
      0.016036252998820864,
      0.024871575542636398,
      0.015428316027346862,
      0.02231037044580424,
      0.03447063690689465,
      0.012727383755107714,
      0.02503615544400412,
      0.012575588199860311
    ],
    "acc_mean": [
      0.14886,
      0.17915999999999999,
      0.18638000000000002,
      0.20088,
      0.22616,
      0.2374,
      0.26154,
      0.28756000000000004,
      0.29032,
      0.3137
    ],