{
  "badge": {
    "f1_mean": [
      0.06242010017394313,
      0.07580619517316067,
      0.08846605658023393,
      0.11732093457848487,
      0.12548632037598,
      0.1530669449440714,
      0.1756326049544589,
      0.1972194150135257,
      0.20546396110613285,
      0.22137639618302485
    ],
    "f1_std": [
      0.008069461067357044,
      0.016048895354912572,
      0.01509708579307959,
      0.016500217795551886,
      0.019271056071994093,
      0.021052939739148777,
      0.025673281561154046,
      0.021042044932785057,
      0.015557688204823499,
      0.01398357052289877
    ],
    "acc_mean": [
      0.16748,
      0.17283999999999997,
      0.17606,
      0.19736,
      0.20394,
      0.24158,
      0.26042,
      0.28244,
      0.28321999999999997,
      0.30047999999999997
    ],
    "acc_std": [
      0.0036389009329741303,
      0.015083978255089073,
      0.017897888143577165,
      0.016979823320635586,
      0.012028067176400366,
      0.01888972207312749,
      0.016874643699942234,
      0.01824681890083858,
      0.013636040481019409,
      0.01541264415990975
    ],
    "final_f1_mean": 0.22137639618302485,
    "final_f1_std": 0.01398357052289877,
    "best_f1_mean": 0.22346574557117202,
    "best_f1_std": 0.012866022130050014,
    "n_seeds": 5,
    "seeds": [
      42,
      123,
      456,
      789,
      1024
    ],
    "avg_train_time_per_round": 0.9548559284210205,
    "total_train_time": 47.742796421051025,
    "peak_gpu_memory_mb": 196.5458984375,
    "avg_query_time": 20.07407636642456,
    "total_query_time": 1003.703818321228,
    "n_human_labeled_mean": [
      100.0,
      200.0,
      300.0,
      400.0,
      500.0,
      600.0,
      700.0,
      800.0,
      900.0,
      1000.0
    ],
    "total_pseudo_labeled": 0
  },
  "coreset": {
    "f1_mean": [
      0.06242010017394313,
      0.06823097893106317,
      0.08537166695080325,
      0.11669548196492856,
      0.1204135491697617,
      0.14321037260383238,
      0.1705651840588701,
      0.19843761223442968,
      0.20851160654578335,
      0.21018049966973487
    ],
    "f1_std": [
      0.008069461067357044,
      0.013900817173828997,
      0.01633844832952833,
      0.023556655401388762,
      0.020305648503709917,
      0.008209965069390321,
      0.016330381693079796,
      0.022960540362601325,
      0.022868326884986332,
      0.015458613653718381
    ],
    "acc_mean": [
      0.16748,
      0.16902,
      0.1782,
      0.20212,
      0.2072,
      0.23359999999999997,
      0.25744,
      0.27836,
      0.29226,
      0.29488000000000003
    ],
    "acc_std": [
      0.0036389009329741303,
      0.013828434473938106,
      0.013708099795376454,
      0.016283537699161073,
      0.01655801920520688,
      0.007757061299229237,
      0.00994275615712263,
      0.018161784053335735,
      0.021081707710714524,
      0.012333596393590959
    ],
    "final_f1_mean": 0.21018049966973487,
    "final_f1_std": 0.015458613653718381,
    "best_f1_mean": 0.2144241099813105,
    "best_f1_std": 0.016919596334015456,
    "n_seeds": 5,
    "seeds": [
      42,
      123,
      456,
      789,
      1024
    ],
    "avg_train_time_per_round": 0.8923146104812623,
    "total_train_time": 44.61573052406311,
    "peak_gpu_memory_mb": 196.5458984375,
    "avg_query_time": 10.45058349609375,
    "total_query_time": 522.5291748046875,
    "n_human_labeled_mean": [
      100.0,
      200.0,
      300.0,
      400.0,
      500.0,
      600.0,
      700.0,
      800.0,
      900.0,
      1000.0
    ],
    "total_pseudo_labeled": 0
  },
  "entropy": {
    "f1_mean": [
      0.06242010017394313,
      0.08539746987875932,
      0.09587980701170765,
      0.12718864448656111,
      0.12045103614327161,
      0.16424820588584668,
      0.17933436163077604,
      0.19960053410935785,
      0.22946171733680254,
      0.2578670059362595
    ],
    "f1_std": [
      0.008069461067357044,
      0.013335961193659684,
      0.03017112833074917,
      0.013539257561786621,
      0.035779631330756116,
      0.026550990652333864,
      0.029784232779960368,
      0.020397557378949306,
      0.029837806172900418,
      0.01796255737686894
    ],
    "acc_mean": [
      0.16748,
      0.17987999999999998,
      0.17858000000000002,
      0.2133,
      0.20208000000000004,
      0.24416000000000002,
      0.25718,
      0.28208,
      0.30472,
      0.32866
    ],
    "acc_std": [
      0.0036389009329741303,
      0.010903100476469979,
      0.03617681025187267,
      0.013767933759282834,
      0.04024154072597122,
      0.023014134787125943,
      0.02257798928159902,
      0.015629510548958343,
      0.022854181236701524,
      0.012086455228891551
    ],
    "final_f1_mean": 0.2578670059362595,
    "final_f1_std": 0.01796255737686894,
    "best_f1_mean": 0.25848388589193977,
    "best_f1_std": 0.01859702941221588,
    "n_seeds": 5,
    "seeds": [
      42,
      123,
      456,
      789,
      1024
    ],
    "avg_train_time_per_round": 0.5715159845352172,
    "total_train_time": 28.575799226760864,
    "peak_gpu_memory_mb": 178.4296875,
    "avg_query_time": 0.00029294013977050783,
    "total_query_time": 0.01464700698852539,
    "n_human_labeled_mean": [
      100.0,
      200.0,
      300.0,
      400.0,
      500.0,
      600.0,
      700.0,
      800.0,
      900.0,
      1000.0
    ],
    "total_pseudo_labeled": 0
  },
  "margin": {
    "f1_mean": [
      0.06242010017394313,
      0.07388758204438164,
      0.08844213219123807,
      0.11812582416766315,
      0.12611655912982947,
      0.15277727567616367,
      0.19052578012041227,
      0.2128567536205995,
      0.20908662473619702,
      0.2611907997150858
    ],
    "f1_std": [
      0.008069461067357044,
      0.01181555312029033,
      0.014473988581496846,
      0.022153669385121755,
      0.02647892688686284,
      0.030223737213370627,
      0.021797823233834987,
      0.021435582115045503,
      0.03201088728740308,
      0.018981850813238898
    ],
    "acc_mean": [
      0.16748,
      0.17930000000000001,
      0.18622,
      0.20448,
      0.20981999999999998,
      0.2455,
      0.27444,
      0.2965,
      0.2947,
      0.33548
    ],
    "acc_std": [
      0.0036389009329741303,
      0.011505303125081062,
      0.019952984739131135,
      0.01435122294440442,
      0.032487129759337006,
      0.02550270573880349,
      0.019067417234644026,
      0.012317954375625842,
      0.02126791009949025,
      0.01283143016191102
    ],
    "final_f1_mean": 0.2611907997150858,
    "final_f1_std": 0.018981850813238898,
    "best_f1_mean": 0.2611907997150858,
    "best_f1_std": 0.018981850813238898,
    "n_seeds": 5,
    "seeds": [
      42,
      123,
      456,
      789,
      1024
    ],
    "avg_train_time_per_round": 0.5311583232879639,
    "total_train_time": 26.557916164398193,
    "peak_gpu_memory_mb": 205.0458984375,
    "avg_query_time": 0.00039913654327392576,
    "total_query_time": 0.01995682716369629,
    "n_human_labeled_mean": [
      100.0,
      200.0,
      300.0,
      400.0,
      500.0,
      600.0,
      700.0,
      800.0,
      900.0,
      1000.0
    ],
    "total_pseudo_labeled": 0
  },
  "qbc": {
    "f1_mean": [
      0.06242010017394313,
      0.08215482080298742,
      0.08602467705310281,
      0.09762255756553344,
      0.13015958034970251,
      0.15994130955983002,
      0.1700544660858834,
      0.19391080331176835,
      0.20944664772534605,
      0.22893212654879536
    ],
    "f1_std": [
      0.008069461067357044,
      0.013905334797905086,
      0.011685089947559752,
      0.01478168012824576,
      0.02412868384204964,
      0.024227755257614125,
      0.025815286752144305,
      0.021436009268695464,
      0.026877902815252572,
      0.02640807936650092
    ],
    "acc_mean": [
      0.16748,
      0.17994000000000002,
      0.17582,
      0.18048000000000003,
      0.21652,
      0.24791999999999997,
      0.26022,
      0.28182,
      0.29404,
      0.30632
    ],