{
  "class_aware_entropy_ssl": {
    "f1_mean": [
      0.08816755465991738,
      0.09784687177875466,
      0.1111949256238463,
      0.1370170950992909,
      0.15405803492795334,
      0.17503962726147576,
      0.2064521035005235,
      0.21102147503677662,
      0.22882590424205876,
      0.2813397321039516
    ],
    "f1_std": [
      0.0,
      0.0,
      0.0,
      0.0,
      0.0,
      0.0,
      0.0,
      0.0,
      0.0,
      0.0
    ],
    "acc_mean": [
      0.1856,
      0.2047,
      0.2172,
      0.227,
      0.2343,
      0.2657,
      0.2836,
      0.2872,
      0.307,
      0.3462
    ],
    "acc_std": [
      0.0,
      0.0,
      0.0,
      0.0,
      0.0,
      0.0,
      0.0,
      0.0,
      0.0,
      0.0
    ],
    "final_f1_mean": 0.2813397321039516,
    "final_f1_std": 0.0,
    "best_f1_mean": 0.2813397321039516,
    "best_f1_std": 0.0,
    "n_seeds": 1,
    "seeds": [
      456
    ],
    "avg_train_time_per_round": 3.6112011909484862,
    "total_train_time": 36.11201190948486,
    "peak_gpu_memory_mb": 228.80078125,
    "avg_query_time": 0.07460732460021972,
    "total_query_time": 0.7460732460021973,
    "n_human_labeled_mean": [
      100.0,
      200.0,
      300.0,
      400.0,
      500.0,
      600.0,
      700.0,
      800.0,
      900.0,
      1000.0
    ],
    "total_pseudo_labeled": 584
  },
  "gap_aware_entropy_ssl": {
    "f1_mean": [
      0.08816755465991738,
      0.09856129676945358,
      0.12003642588803336,
      0.1366191713914356,
      0.17989697090862497,
      0.1821807642513939,
      0.20546582700829386,
      0.18487740969381758,
      0.2384895851064078,
      0.274922020201844
    ],
    "f1_std": [
      0.0,
      0.0,
      0.0,
      0.0,
      0.0,
      0.0,
      0.0,
      0.0,
      0.0,
      0.0
    ],
    "acc_mean": [
      0.1856,
      0.2002,
      0.2137,
      0.2206,
      0.2483,
      0.2553,
      0.2744,
      0.2572,
      0.3132,
      0.3446
    ],
    "acc_std": [
      0.0,
      0.0,
      0.0,
      0.0,
      0.0,
      0.0,
      0.0,
      0.0,
      0.0,
      0.0
    ],
    "final_f1_mean": 0.274922020201844,
    "final_f1_std": 0.0,
    "best_f1_mean": 0.274922020201844,
    "best_f1_std": 0.0,
    "n_seeds": 1,
    "seeds": [
      456
    ],
    "avg_train_time_per_round": 3.3680060625076296,
    "total_train_time": 33.680060625076294,
    "peak_gpu_memory_mb": 228.673828125,
    "avg_query_time": 0.07389519214630128,
    "total_query_time": 0.7389519214630127,
    "n_human_labeled_mean": [
      100.0,
      200.0,
      300.0,
      400.0,
      500.0,
      600.0,
      700.0,
      800.0,
      900.0,
      1000.0
    ],
    "total_pseudo_labeled": 817
  },
  "full_supervision": {
    "accuracy": 0.6012,
    "f1": 0.5577247057769623,
    "train_time": 136.014794588089,
    "gpu_memory_mb": 134.19287109375,
    "epochs": 50
  }
}