{
  "adaptive_gap_entropy": {
    "f1_mean": [
      0.07180495693983355,
      0.17092890376026273,
      0.192002862960194,
      0.2004397710341923,
      0.21410820116248167,
      0.2524427594135751,
      0.30518195676580034,
      0.3382650059620306,
      0.36769219767518485,
      0.37158754758122414
    ],
    "f1_std": [
      0.0,
      0.0,
      0.0,
      0.0,
      0.0,
      0.0,
      0.0,
      0.0,
      0.0,
      0.0
    ],
    "acc_mean": [
      0.1321,
      0.2223,
      0.2432,
      0.2623,
      0.2811,
      0.3145,
      0.3395,
      0.3753,
      0.3924,
      0.3976
    ],
    "acc_std": [
      0.0,
      0.0,
      0.0,
      0.0,
      0.0,
      0.0,
      0.0,
      0.0,
      0.0,
      0.0
    ],
    "final_f1_mean": 0.37158754758122414,
    "final_f1_std": 0.0,
    "best_f1_mean": 0.37158754758122414,
    "best_f1_std": 0.0,
    "n_seeds": 1,
    "seeds": [
      42
    ],
    "avg_train_time_per_round": 4.605983924865723,
    "total_train_time": 46.05983924865723,
    "peak_gpu_memory_mb": 228.67529296875,
    "avg_query_time": 0.06307563781738282,
    "total_query_time": 0.6307563781738281,
    "n_human_labeled_mean": [
      100.0,
      200.0,
      300.0,
      400.0,
      500.0,
      600.0,
      700.0,
      800.0,
      900.0,
      1000.0
    ],
    "total_pseudo_labeled": 1242
  },
  "gap_aware_entropy": {
    "f1_mean": [
      0.07180495693983355,
      0.17947080097722107,
      0.1822995469817504,
      0.20805330031166774,
      0.22929741421665142,
      0.24830757915570129,
      0.2795790172206506,
      0.3406621163676277,
      0.313012336565031,
      0.3781445181027793
    ],
    "f1_std": [
      0.0,
      0.0,
      0.0,
      0.0,
      0.0,
      0.0,
      0.0,
      0.0,
      0.0,
      0.0
    ],
    "acc_mean": [
      0.1321,
      0.2251,
      0.2333,
      0.2624,
      0.2714,
      0.3065,
      0.3355,
      0.3667,
      0.355,
      0.4042
    ],
    "acc_std": [
      0.0,
      0.0,
      0.0,
      0.0,
      0.0,
      0.0,
      0.0,
      0.0,
      0.0,
      0.0
    ],
    "final_f1_mean": 0.3781445181027793,
    "final_f1_std": 0.0,
    "best_f1_mean": 0.3781445181027793,
    "best_f1_std": 0.0,
    "n_seeds": 1,
    "seeds": [
      42
    ],
    "avg_train_time_per_round": 4.47493691444397,
    "total_train_time": 44.7493691444397,
    "peak_gpu_memory_mb": 228.80224609375,
    "avg_query_time": 0.05838894844055176,
    "total_query_time": 0.5838894844055176,
    "n_human_labeled_mean": [
      100.0,
      200.0,
      300.0,
      400.0,
      500.0,
      600.0,
      700.0,
      800.0,
      900.0,
      1000.0
    ],
    "total_pseudo_labeled": 1025
  },
  "full_supervision": {
    "accuracy": 0.726,
    "f1": 0.7201544567810199,
    "train_time": 132.04329371452332,
    "gpu_memory_mb": 134.19287109375,
    "epochs": 50
  }
}