{
  "adaptive_gap_entropy": {
    "f1_mean": [
      0.061646458401012925,
      0.08501610575180465,
      0.10701172588623213,
      0.13621792854808681,
      0.14994901479280093,
      0.20179242769644837,
      0.22592240368320785,
      0.2567260989424499,
      0.26961843884603837,
      0.2990707684478838
    ],
    "f1_std": [
      0.012294730782702084,
      0.01958057884288427,
      0.016909413660048646,
      0.03480495908683397,
      0.028383040924171234,
      0.03217133262767409,
      0.01648989156003697,
      0.008491477642214185,
      0.020435685674912975,
      0.010856135526564944
    ],
    "acc_mean": [
      0.14762,
      0.18404,
      0.20034000000000002,
      0.22480000000000003,
      0.23091999999999996,
      0.2773,
      0.2996,
      0.32511999999999996,
      0.33858,
      0.36106
    ],
    "acc_std": [
      0.011992230818325674,
      0.0194998051272314,
      0.02002644251982863,
      0.0230903443023269,
      0.024995311560370673,
      0.024801693490566316,
      0.0060063299942643925,
      0.006868304011908624,
      0.01394810381378057,
      0.009653517493639314
    ],
    "final_f1_mean": 0.2990707684478838,
    "final_f1_std": 0.010856135526564944,
    "best_f1_mean": 0.2990707684478838,
    "best_f1_std": 0.010856135526564944,
    "n_seeds": 5,
    "seeds": [
      42,
      123,
      456,
      789,
      1024
    ],
    "avg_train_time_per_round": 7.7002852296829225,
    "total_train_time": 385.0142614841461,
    "peak_gpu_memory_mb": 228.80224609375,
    "avg_query_time": 0.1665530252456665,
    "total_query_time": 8.327651262283325,
    "n_human_labeled_mean": [
      100.0,
      200.0,
      300.0,
      400.0,
      500.0,
      600.0,
      700.0,
      800.0,
      900.0,
      1000.0
    ],
    "total_pseudo_labeled": 6513
  },
  "class_aware_entropy": {
    "f1_mean": [
      0.061646458401012925,
      0.10247955181159223,
      0.12227799649488622,
      0.14654528625751023,
      0.15952507530105448,
      0.197193333310496,
      0.23152742034399204,
      0.25952564329654193,
      0.28938964914930504,
      0.3128611683784147
    ],
    "f1_std": [
      0.012294730782702084,
      0.0174911035680404,
      0.01786839838543215,
      0.025821970923232573,
      0.025769229375572283,
      0.03159128688943334,
      0.023464250811591012,
      0.02536248671403586,
      0.017792338808877574,
      0.011255401262259842
    ],
    "acc_mean": [
      0.14762,
      0.19890000000000002,
      0.21622,
      0.23157999999999998,
      0.24125999999999997,
      0.27415999999999996,
      0.30467999999999995,
      0.32858,
      0.34814,
      0.36844
    ],
    "acc_std": [
      0.011992230818325674,
      0.015622675827143061,
      0.01683204087447508,
      0.020849882493673675,
      0.021916623827588036,
      0.021920456199632333,
      0.01619498687866094,
      0.0205461821271009,
      0.013139345493592903,
      0.008556307614853507
    ],
    "final_f1_mean": 0.3128611683784147,
    "final_f1_std": 0.011255401262259842,
    "best_f1_mean": 0.3128611683784147,
    "best_f1_std": 0.011255401262259842,
    "n_seeds": 5,
    "seeds": [
      42,
      123,
      456,
      789,
      1024
    ],
    "avg_train_time_per_round": 8.982901849746703,
    "total_train_time": 449.1450924873352,
    "peak_gpu_memory_mb": 228.67529296875,
    "avg_query_time": 0.19084245681762696,
    "total_query_time": 9.542122840881348,
    "n_human_labeled_mean": [
      100.0,
      200.0,
      300.0,
      400.0,
      500.0,
      600.0,
      700.0,
      800.0,
      900.0,
      1000.0
    ],
    "total_pseudo_labeled": 5249
  },
  "gap_aware_entropy": {
    "f1_mean": [
      0.061646458401012925,
      0.083913882677643,
      0.10481497612831014,
      0.13597155559900329,
      0.17452321729576586,
      0.19912896235413802,
      0.22436547770396253,
      0.25406121146569594,
      0.26694112730486336,
      0.29685032881177975
    ],
    "f1_std": [
      0.012294730782702084,
      0.020419343865833207,
      0.014269996407579196,
      0.03628071170697381,
      0.026931875250388305,
      0.017987942392194686,
      0.01867196651907827,
      0.019313650430857976,
      0.014718343700757574,
      0.021809998045696746
    ],
    "acc_mean": [
      0.14762,
      0.18226,
      0.20139999999999997,
      0.22128,
      0.24586000000000002,
      0.275,
      0.29652,
      0.32477999999999996,
      0.34116,
      0.35866000000000003
    ],
    "acc_std": [
      0.011992230818325674,
      0.020591318559043278,
      0.016684363937531452,
      0.025944047486851387,
      0.018406585777921983,
      0.016786303941010966,
      0.009729624864299753,
      0.014591148001442518,
      0.00857008751413892,
      0.018324148002021822
    ],
    "final_f1_mean": 0.29685032881177975,
    "final_f1_std": 0.021809998045696746,
    "best_f1_mean": 0.29685032881177975,
    "best_f1_std": 0.021809998045696746,
    "n_seeds": 5,
    "seeds": [
      42,
      123,
      456,
      789,
      1024
    ],
    "avg_train_time_per_round": 10.721793241500855,
    "total_train_time": 536.0896620750427,
    "peak_gpu_memory_mb": 228.67529296875,
    "avg_query_time": 0.24831140041351318,
    "total_query_time": 12.41557002067566,
    "n_human_labeled_mean": [
      100.0,
      200.0,
      300.0,
      400.0,
      500.0,
      600.0,
      700.0,
      800.0,
      900.0,
      1000.0
    ],
    "total_pseudo_labeled": 6013
  },
  "full_supervision": {
    "accuracy": 0.6444,
    "f1": 0.6202444626496413,
    "train_time": 634.8379602432251,
    "gpu_memory_mb": 134.19287109375,
    "epochs": 50
  }
}