{
  "adaptive_gap_entropy": {
    "f1_mean": [
      0.09475799326885229,
      0.18167125978958681,
      0.20708392312652363,
      0.21748128451924353,
      0.25534066213890816,
      0.26863315479419986,
      0.2747758368805764,
      0.30349342348173297,
      0.3120739474220221,
      0.28205369811798564
    ],
    "f1_std": [
      0.0,
      0.0,
      0.0,
      0.0,
      0.0,
      0.0,
      0.0,
      0.0,
      0.0,
      0.0
    ],
    "acc_mean": [
      0.1716,
      0.2483,
      0.2751,
      0.2663,
      0.3005,
      0.3186,
      0.3213,
      0.3376,
      0.3383,
      0.3129
    ],
    "acc_std": [
      0.0,
      0.0,
      0.0,
      0.0,
      0.0,
      0.0,
      0.0,
      0.0,
      0.0,
      0.0
    ],
    "final_f1_mean": 0.28205369811798564,
    "final_f1_std": 0.0,
    "best_f1_mean": 0.3120739474220221,
    "best_f1_std": 0.0,
    "n_seeds": 1,
    "seeds": [
      456
    ],
    "avg_train_time_per_round": 3.951321768760681,
    "total_train_time": 39.51321768760681,
    "peak_gpu_memory_mb": 228.67529296875,
    "avg_query_time": 0.05907177925109863,
    "total_query_time": 0.5907177925109863,
    "n_human_labeled_mean": [
      100.0,
      200.0,
      300.0,
      400.0,
      500.0,
      600.0,
      700.0,
      800.0,
      900.0,
      1000.0
    ],
    "total_pseudo_labeled": 985
  },
  "class_aware_entropy": {
    "f1_mean": [
      0.09475799326885229,
      0.14212041147612683,
      0.195695918502874,
      0.21344279510798678,
      0.23439756516924531,
      0.22809889609650597,
      0.24925420514479085,
      0.2896176838682814,
      0.31925274485907806,
      0.2619099699917281
    ],
    "f1_std": [
      0.0,
      0.0,
      0.0,
      0.0,
      0.0,
      0.0,
      0.0,
      0.0,
      0.0,
      0.0
    ],
    "acc_mean": [
      0.1716,
      0.2243,
      0.2574,
      0.2718,
      0.2844,
      0.2832,
      0.3011,
      0.3349,
      0.3562,
      0.3157
    ],
    "acc_std": [
      0.0,
      0.0,
      0.0,
      0.0,
      0.0,
      0.0,
      0.0,
      0.0,
      0.0,
      0.0
    ],
    "final_f1_mean": 0.2619099699917281,
    "final_f1_std": 0.0,
    "best_f1_mean": 0.31925274485907806,
    "best_f1_std": 0.0,
    "n_seeds": 1,
    "seeds": [
      456
    ],
    "avg_train_time_per_round": 4.180591654777527,
    "total_train_time": 41.80591654777527,
    "peak_gpu_memory_mb": 228.80224609375,
    "avg_query_time": 0.05971982479095459,
    "total_query_time": 0.5971982479095459,
    "n_human_labeled_mean": [
      100.0,
      200.0,
      300.0,
      400.0,
      500.0,
      600.0,
      700.0,
      800.0,
      900.0,
      1000.0
    ],
    "total_pseudo_labeled": 1087
  },
  "gap_aware_entropy": {
    "f1_mean": [
      0.09475799326885229,
      0.16910832567905704,
      0.2005210075635405,
      0.24748523356987326,
      0.24822309826049133,
      0.2860778507186301,
      0.3160534649070977,
      0.29108062920910616,
      0.3431113224963508,
      0.3590226166391328
    ],
    "f1_std": [
      0.0,
      0.0,
      0.0,
      0.0,
      0.0,
      0.0,
      0.0,
      0.0,
      0.0,
      0.0
    ],
    "acc_mean": [
      0.1716,
      0.2404,
      0.2662,
      0.289,
      0.2977,
      0.3332,
      0.3568,
      0.3352,
      0.3773,
      0.3847
    ],
    "acc_std": [
      0.0,
      0.0,
      0.0,
      0.0,
      0.0,
      0.0,
      0.0,
      0.0,
      0.0,
      0.0
    ],
    "final_f1_mean": 0.3590226166391328,
    "final_f1_std": 0.0,
    "best_f1_mean": 0.3590226166391328,
    "best_f1_std": 0.0,
    "n_seeds": 1,
    "seeds": [
      456
    ],
    "avg_train_time_per_round": 4.0333003282546995,
    "total_train_time": 40.333003282547,
    "peak_gpu_memory_mb": 228.67529296875,
    "avg_query_time": 0.05888376235961914,
    "total_query_time": 0.5888376235961914,
    "n_human_labeled_mean": [
      100.0,
      200.0,
      300.0,
      400.0,
      500.0,
      600.0,
      700.0,
      800.0,
      900.0,
      1000.0
    ],
    "total_pseudo_labeled": 896
  },
  "full_supervision": {
    "accuracy": 0.7519,
    "f1": 0.7456069573643296,
    "train_time": 178.1063096523285,
    "gpu_memory_mb": 134.19287109375,
    "epochs": 50
  }
}