{
  "entropy": {
    "final_f1_mean": 0.3327638320748729,
    "final_f1_std": 0.02013273547224209,
    "n_seeds": 3
  }
}