{
  "entropy": {
    "f1_mean": [
      0.09731221484048225,
      0.17892867687968855,
      0.15532329932974306,
      0.21408643070611005,
      0.18168656000242983,
      0.2468947758676067,
      0.284771302974755,
      0.3228490025090041,
      0.3342561624808705,
      0.3567032247108785
    ],
    "f1_std": [
      0.0,
      0.0,
      0.0,
      0.0,
      0.0,
      0.0,
      0.0,
      0.0,
      0.0,
      0.0
    ],
    "acc_mean": [
      0.1648,
      0.2412,
      0.216,
      0.2802,
      0.2509,
      0.3091,
      0.3271,
      0.3583,
      0.3696,
      0.385
    ],
    "acc_std": [
      0.0,
      0.0,
      0.0,
      0.0,
      0.0,
      0.0,
      0.0,
      0.0,
      0.0,
      0.0
    ],
    "final_f1_mean": 0.3567032247108785,
    "final_f1_std": 0.0,
    "best_f1_mean": 0.3567032247108785,
    "best_f1_std": 0.0,
    "n_seeds": 1,
    "seeds": [
      456
    ],
    "avg_train_time_per_round": 2.788608932495117,
    "total_train_time": 27.886089324951172,
    "peak_gpu_memory_mb": 233.17578125,
    "avg_query_time": 0.0006361007690429688,
    "total_query_time": 0.0063610076904296875,
    "n_human_labeled_mean": [
      100.0,
      200.0,
      300.0,
      400.0,
      500.0,
      600.0,
      700.0,
      800.0,
      900.0,
      1000.0
    ],
    "total_pseudo_labeled": 27
  },
  "full_supervision": {
    "accuracy": 0.6664,
    "f1": 0.6612294277754173,
    "train_time": 219.2337143421173,
    "gpu_memory_mb": 148.5634765625,
    "epochs": 50
  }
}