{
  "entropy": {
    "f1_mean": [
      0.16492971562088846,
      0.19743799574991386,
      0.23997507643162028,
      0.23870696181132675,
      0.2623859836044027,
      0.30504838051131083,
      0.34309038571480294,
      0.374534756278527,
      0.3812401709540647,
      0.4038724468872675
    ],
    "f1_std": [
      0.012132430500211823,
      0.010801333636680083,
      0.016605214002844693,
      0.016878869014942535,
      0.03230134724295125,
      0.01707989173143883,
      0.00874532843134118,
      0.017884001779408694,
      0.010176777211562646,
      0.005731939743271172
    ],
    "acc_mean": [
      0.19086666666666666,
      0.22343333333333334,
      0.26113333333333333,
      0.2632333333333334,
      0.27586666666666665,
      0.3263,
      0.36156666666666665,
      0.3831,
      0.3922333333333334,
      0.4135333333333333
    ],
    "acc_std": [
      0.008498365855987972,
      0.013415496843410445,
      0.019226601941638624,
      0.016277864997870244,
      0.03214367053644552,
      0.01818589196785976,
      0.008627990624833944,
      0.012475041750097136,
      0.010733540370674017,
      0.004494688223027517
    ],
    "final_f1_mean": 0.4038724468872675,
    "final_f1_std": 0.005731939743271172,
    "best_f1_mean": 0.4038724468872675,
    "best_f1_std": 0.005731939743271172,
    "n_seeds": 3,
    "seeds": [
      42,
      123,
      456
    ],
    "avg_train_time_per_round": 3.9498808781305947,
    "total_train_time": 118.49642634391785,
    "peak_gpu_memory_mb": 249.544921875,
    "avg_query_time": 0.0005532026290893555,
    "total_query_time": 0.016596078872680664,
    "n_human_labeled_mean": [
      100.0,
      200.0,
      300.0,
      400.0,
      500.0,
      600.0,
      700.0,
      800.0,
      900.0,
      1000.0
    ],
    "total_pseudo_labeled": 768
  },
  "full_supervision": {
    "accuracy": 0.8149,
    "f1": 0.8131744850720715,
    "train_time": 422.67679953575134,
    "gpu_memory_mb": 146.81396484375,
    "epochs": 50
  }
}