{
  "adaptive_gap_entropy": {
    "f1_mean": [
      0.061627691760033,
      0.08702054327193483,
      0.10233999883289006,
      0.1491189686334186,
      0.16773607632709553,
      0.19022897492417748,
      0.21440755742117337,
      0.26407352785507215,
      0.26619917849575064,
      0.2980459444743463
    ],
    "f1_std": [
      0.01050235174885229,
      0.018093119737146973,
      0.010617714619665125,
      0.006227230296634004,
      0.013334184560003194,
      0.0041565167829892185,
      0.006961316147065922,
      0.006869124276520805,
      0.01821947442219314,
      0.020127347602536493
    ],
    "acc_mean": [
      0.14616666666666667,
      0.1868,
      0.20126666666666668,
      0.22813333333333333,
      0.2473,
      0.2697,
      0.29209999999999997,
      0.32876666666666665,
      0.3322333333333333,
      0.35370000000000007
    ],
    "acc_std": [
      0.012377757829626855,
      0.013304385241966896,
      0.010861962171827987,
      0.01102008267764912,
      0.007052659073002177,
      0.005662155066756842,
      0.002654555832275275,
      0.012658945014845768,
      0.010110170896456477,
      0.011901540516532598
    ],
    "final_f1_mean": 0.2980459444743463,
    "final_f1_std": 0.020127347602536493,
    "best_f1_mean": 0.2980459444743463,
    "best_f1_std": 0.020127347602536493,
    "n_seeds": 3,
    "seeds": [
      42,
      123,
      456
    ],
    "avg_train_time_per_round": 2.8541975736618044,
    "total_train_time": 85.62592720985413,
    "peak_gpu_memory_mb": 228.673828125,
    "avg_query_time": 0.06542537212371827,
    "total_query_time": 1.9627611637115479,
    "n_human_labeled_mean": [
      100.0,
      200.0,
      300.0,
      400.0,
      500.0,
      600.0,
      700.0,
      800.0,
      900.0,
      1000.0
    ],
    "total_pseudo_labeled": 1863
  },
  "class_aware_entropy": {
    "f1_mean": [
      0.061627691760033,
      0.09967560024121634,
      0.10969478912753956,
      0.15161882412569366,
      0.19033416795778021,
      0.20650417945422872,
      0.21550770803587013,
      0.24416881225308776,
      0.26972276588187005,
      0.29165603303271165
    ],
    "f1_std": [
      0.01050235174885229,
      0.021556384398308086,
      0.01845168151533306,
      0.0187738315644445,
      0.027373119071421186,
      0.01811408658161645,
      0.005197437173117792,
      0.024108129875913244,
      0.013805728197882018,
      0.02165593399307414
    ],
    "acc_mean": [
      0.14616666666666667,
      0.1985333333333333,
      0.20933333333333334,
      0.23573333333333332,
      0.2663333333333333,
      0.28073333333333333,
      0.29033333333333333,
      0.3175666666666667,
      0.34053333333333335,
      0.3541
    ],
    "acc_std": [
      0.012377757829626855,
      0.0153883794540628,
      0.013242691904929636,
      0.011860391599306016,
      0.023008162802700165,
      0.015555777776190507,
      0.00421294301989583,
      0.026608561696483245,
      0.012432841813340811,
      0.011123248925860953
    ],
    "final_f1_mean": 0.29165603303271165,
    "final_f1_std": 0.02165593399307414,
    "best_f1_mean": 0.29263193250277714,
    "best_f1_std": 0.02027664522564129,
    "n_seeds": 3,
    "seeds": [
      42,
      123,
      456
    ],
    "avg_train_time_per_round": 5.374925152460734,
    "total_train_time": 161.24775457382202,
    "peak_gpu_memory_mb": 228.80078125,
    "avg_query_time": 0.10064356327056885,
    "total_query_time": 3.0193068981170654,
    "n_human_labeled_mean": [
      100.0,
      200.0,
      300.0,
      400.0,
      500.0,
      600.0,
      700.0,
      800.0,
      900.0,
      1000.0
    ],
    "total_pseudo_labeled": 1561
  },
  "gap_aware_entropy": {
    "f1_mean": [
      0.061627691760033,
      0.0922680467079997,
      0.10399903116567438,
      0.13158094593926392,
      0.13918616659292157,
      0.17835331487885478,
      0.21489359484093998,
      0.24133893411666166,
      0.27555625032814574,
      0.28468140072417336
    ],
    "f1_std": [
      0.01050235174885229,
      0.02663710885606077,
      0.019353256102204244,
      0.0135253379605643,
      0.00922614062943111,
      0.021499835420297393,
      0.012396978724014388,
      0.004534913819752811,
      0.005075105331341025,
      0.008610861781969759
    ],
    "acc_mean": [
      0.14616666666666667,
      0.19013333333333335,
      0.19556666666666667,
      0.21926666666666664,
      0.22456666666666666,
      0.25989999999999996,
      0.2899,
      0.31396666666666667,
      0.3426,
      0.35313333333333335
    ],
    "acc_std": [
      0.012377757829626855,
      0.02243469535241242,
      0.014596879422975616,
      0.011846049505589984,
      0.00498285950924656,
      0.021790976725852992,
      0.004403029260255553,
      0.005459141161595138,
      0.006420280367709825,
      0.005653514148051827
    ],
    "final_f1_mean": 0.28468140072417336,
    "final_f1_std": 0.008610861781969759,
    "best_f1_mean": 0.28468140072417336,
    "best_f1_std": 0.008610861781969759,
    "n_seeds": 3,
    "seeds": [
      42,
      123,
      456
    ],
    "avg_train_time_per_round": 3.4369781891504925,
    "total_train_time": 103.10934567451477,
    "peak_gpu_memory_mb": 228.673828125,
    "avg_query_time": 0.08862077395121257,
    "total_query_time": 2.658623218536377,
    "n_human_labeled_mean": [
      100.0,
      200.0,
      300.0,
      400.0,
      500.0,
      600.0,
      700.0,
      800.0,
      900.0,
      1000.0
    ],
    "total_pseudo_labeled": 1836
  },
  "full_supervision": {
    "accuracy": 0.578,
    "f1": 0.5441378065830934,
    "train_time": 77.1634533405304,
    "gpu_memory_mb": 134.19287109375,
    "epochs": 50
  }
}