{
  "entropy": {
    "f1_mean": [
      0.13504795045354354,
      0.13784192621406202,
      0.17735913152881325,
      0.16332798621600564,
      0.18845778935221633,
      0.23546422139111486,
      0.26354075211999445,
      0.2796169525992338,
      0.3160666666517077,
      0.334708270569167
    ],
    "f1_std": [
      0.012700791068196783,
      0.028133580464611594,
      0.020516369401363175,
      0.004126079342543269,
      0.015784931362469803,
      0.03305094372185093,
      0.04610332943957582,
      0.013414172815020674,
      0.023332767499398742,
      0.034376254059751296
    ],
    "acc_mean": [
      0.17913333333333334,
      0.17676666666666666,
      0.20303333333333332,
      0.19610000000000002,
      0.2121333333333333,
      0.25053333333333333,
      0.27233333333333337,
      0.3019666666666667,
      0.3236333333333334,
      0.3409
    ],
    "acc_std": [
      0.004954683530649444,
      0.021297469854943386,
      0.020244724964515792,
      0.0035693136595149433,
      0.01778488746723527,
      0.0203866514061421,
      0.032637538033511174,
      0.013464108667944645,
      0.025830386928749047,
      0.03078603579547064
    ],
    "final_f1_mean": 0.334708270569167,
    "final_f1_std": 0.034376254059751296,
    "best_f1_mean": 0.334708270569167,
    "best_f1_std": 0.034376254059751296,
    "n_seeds": 3,
    "seeds": [
      42,
      123,
      456
    ],
    "avg_train_time_per_round": 1.2635313510894775,
    "total_train_time": 37.905940532684326,
    "peak_gpu_memory_mb": 151.18896484375,
    "avg_query_time": 0.0005566676457722982,
    "total_query_time": 0.016700029373168945,
    "n_human_labeled_mean": [
      100.0,
      200.0,
      300.0,
      400.0,
      500.0,
      600.0,
      700.0,
      800.0,
      900.0,
      1000.0
    ],
    "total_pseudo_labeled": 0
  },
  "full_supervision": {
    "accuracy": 0.7036,
    "f1": 0.6974272573379157,
    "train_time": 464.1151990890503,
    "gpu_memory_mb": 146.43896484375,
    "epochs": 50
  }
}