{
  "adaptive_gap_entropy": {
    "f1_mean": [
      0.09443301105239583,
      0.1580449841107483,
      0.17876774687159144,
      0.23877602646589988,
      0.2463646198604441,
      0.28316648185309445,
      0.33227379418089475,
      0.39436502060304834,
      0.40359084389693844,
      0.40763189625535734
    ],
    "f1_std": [
      0.0,
      0.0,
      0.0,
      0.0,
      0.0,
      0.0,
      0.0,
      0.0,
      0.0,
      0.0
    ],
    "acc_mean": [
      0.1635,
      0.2355,
      0.2394,
      0.294,
      0.3026,
      0.3312,
      0.3735,
      0.4125,
      0.4155,
      0.4219
    ],
    "acc_std": [
      0.0,
      0.0,
      0.0,
      0.0,
      0.0,
      0.0,
      0.0,
      0.0,
      0.0,
      0.0
    ],
    "final_f1_mean": 0.40763189625535734,
    "final_f1_std": 0.0,
    "best_f1_mean": 0.40763189625535734,
    "best_f1_std": 0.0,
    "n_seeds": 1,
    "seeds": [
      456
    ],
    "avg_train_time_per_round": 3.504923129081726,
    "total_train_time": 35.04923129081726,
    "peak_gpu_memory_mb": 241.42138671875,
    "avg_query_time": 0.08108701705932617,
    "total_query_time": 0.8108701705932617,
    "n_human_labeled_mean": [
      100.0,
      200.0,
      300.0,
      400.0,
      500.0,
      600.0,
      700.0,
      800.0,
      900.0,
      1000.0
    ],
    "total_pseudo_labeled": 258
  },
  "class_aware_entropy": {
    "f1_mean": [
      0.09443301105239583,
      0.1653727338818192,
      0.23665969012561638,
      0.22040515227735163,
      0.2878596912440297,
      0.3229781274780899,
      0.3460805629590754,
      0.36609330278670177,
      0.4101665559204718,
      0.4153824980019446
    ],
    "f1_std": [
      0.0,
      0.0,
      0.0,
      0.0,
      0.0,
      0.0,
      0.0,
      0.0,
      0.0,
      0.0
    ],
    "acc_mean": [
      0.1635,
      0.2238,
      0.2754,
      0.278,
      0.3149,
      0.3466,
      0.3673,
      0.3891,
      0.4202,
      0.4314
    ],
    "acc_std": [
      0.0,
      0.0,
      0.0,
      0.0,
      0.0,
      0.0,
      0.0,
      0.0,
      0.0,
      0.0
    ],
    "final_f1_mean": 0.4153824980019446,
    "final_f1_std": 0.0,
    "best_f1_mean": 0.4153824980019446,
    "best_f1_std": 0.0,
    "n_seeds": 1,
    "seeds": [
      456
    ],
    "avg_train_time_per_round": 3.6606858015060424,
    "total_train_time": 36.606858015060425,
    "peak_gpu_memory_mb": 241.42138671875,
    "avg_query_time": 0.08400721549987793,
    "total_query_time": 0.8400721549987793,
    "n_human_labeled_mean": [
      100.0,
      200.0,
      300.0,
      400.0,
      500.0,
      600.0,
      700.0,
      800.0,
      900.0,
      1000.0
    ],
    "total_pseudo_labeled": 276
  },
  "entropy": {
    "f1_mean": [
      0.09443301105239583,
      0.15119114812873155,
      0.1867142922522294,
      0.19218294081960402,
      0.2730874224524246,
      0.2900048083305673,
      0.3092561276418225,
      0.3725152487766332,
      0.38744272732692137,
      0.38573883065296877
    ],
    "f1_std": [
      0.0,
      0.0,
      0.0,
      0.0,
      0.0,
      0.0,
      0.0,
      0.0,
      0.0,
      0.0
    ],
    "acc_mean": [
      0.1635,
      0.2135,
      0.2459,
      0.2588,
      0.3174,
      0.328,
      0.3419,
      0.3927,
      0.4109,
      0.3986
    ],
    "acc_std": [
      0.0,
      0.0,
      0.0,
      0.0,
      0.0,
      0.0,
      0.0,
      0.0,
      0.0,
      0.0
    ],
    "final_f1_mean": 0.38573883065296877,
    "final_f1_std": 0.0,
    "best_f1_mean": 0.38744272732692137,
    "best_f1_std": 0.0,
    "n_seeds": 1,
    "seeds": [
      456
    ],
    "avg_train_time_per_round": 3.99775116443634,
    "total_train_time": 39.9775116443634,
    "peak_gpu_memory_mb": 236.80078125,
    "avg_query_time": 0.00038785934448242186,
    "total_query_time": 0.0038785934448242188,
    "n_human_labeled_mean": [
      100.0,
      200.0,
      300.0,
      400.0,
      500.0,
      600.0,
      700.0,
      800.0,
      900.0,
      1000.0
    ],
    "total_pseudo_labeled": 380
  },
  "gap_aware_entropy": {
    "f1_mean": [
      0.09443301105239583,
      0.15613765592873824,
      0.18825209293179976,
      0.24110051491515172,
      0.27349478045500486,
      0.3106323238241681,
      0.3455451411077569,
      0.3854113738498926,
      0.3981402323263937,
      0.4390147067854743
    ],
    "f1_std": [
      0.0,
      0.0,
      0.0,
      0.0,
      0.0,
      0.0,
      0.0,
      0.0,
      0.0,
      0.0
    ],
    "acc_mean": [
      0.1635,
      0.2353,
      0.246,
      0.2882,
      0.3088,
      0.3439,
      0.3762,
      0.395,
      0.4126,
      0.4507
    ],
    "acc_std": [
      0.0,
      0.0,
      0.0,
      0.0,
      0.0,
      0.0,
      0.0,
      0.0,
      0.0,
      0.0
    ],
    "final_f1_mean": 0.4390147067854743,
    "final_f1_std": 0.0,
    "best_f1_mean": 0.4390147067854743,
    "best_f1_std": 0.0,
    "n_seeds": 1,
    "seeds": [
      456
    ],
    "avg_train_time_per_round": 3.612849712371826,
    "total_train_time": 36.12849712371826,
    "peak_gpu_memory_mb": 241.42138671875,
    "avg_query_time": 0.08087673187255859,
    "total_query_time": 0.8087673187255859,
    "n_human_labeled_mean": [
      100.0,
      200.0,
      300.0,
      400.0,
      500.0,
      600.0,
      700.0,
      800.0,
      900.0,
      1000.0
    ],
    "total_pseudo_labeled": 245
  },
  "full_supervision": {
    "accuracy": 0.7928,
    "f1": 0.7884641639437826,
    "train_time": 335.5845146179199,
    "gpu_memory_mb": 146.5634765625,
    "epochs": 50
  }
}