{
  "adaptive_gap_entropy": {
    "f1_mean": [
      0.006055038299173979,
      0.010284475850556363,
      0.0175077776725886,
      0.018150204358531402,
      0.023231907536665885,
      0.024069516769501677,
      0.03540083439980094,
      0.0479936536286744,
      0.06085095192352626,
      0.06728261149595163
    ],
    "f1_std": [
      0.0,
      0.0,
      0.0,
      0.0,
      0.0,
      0.0,
      0.0,
      0.0,
      0.0,
      0.0
    ],
    "acc_mean": [
      0.0308,
      0.0343,
      0.0442,
      0.0417,
      0.0499,
      0.0491,
      0.0623,
      0.0742,
      0.0866,
      0.095
    ],
    "acc_std": [
      0.0,
      0.0,
      0.0,
      0.0,
      0.0,
      0.0,
      0.0,
      0.0,
      0.0,
      0.0
    ],
    "final_f1_mean": 0.06728261149595163,
    "final_f1_std": 0.0,
    "best_f1_mean": 0.06728261149595163,
    "best_f1_std": 0.0,
    "n_seeds": 1,
    "seeds": [
      1024
    ],
    "avg_train_time_per_round": 4.8541347026824955,
    "total_train_time": 48.54134702682495,
    "peak_gpu_memory_mb": 229.37841796875,
    "avg_query_time": 0.15824778079986573,
    "total_query_time": 1.5824778079986572,
    "n_human_labeled_mean": [
      100.0,
      200.0,
      300.0,
      400.0,
      500.0,
      600.0,
      700.0,
      800.0,
      900.0,
      1000.0
    ],
    "total_pseudo_labeled": 110
  },
  "class_aware_entropy": {
    "f1_mean": [
      0.006055038299173979,
      0.009935784801373897,
      0.014515193607193656,
      0.02069730495417171,
      0.020799330750099834,
      0.03243906386011927,
      0.03990798981718991,
      0.05635079669756565,
      0.06632774112878749,
      0.0695969372943954
    ],
    "f1_std": [
      0.0,
      0.0,
      0.0,
      0.0,
      0.0,
      0.0,
      0.0,
      0.0,
      0.0,
      0.0
    ],
    "acc_mean": [
      0.0308,
      0.035,
      0.0489,
      0.0542,
      0.0549,
      0.0645,
      0.0694,
      0.0843,
      0.0906,
      0.0918
    ],
    "acc_std": [
      0.0,
      0.0,
      0.0,
      0.0,
      0.0,
      0.0,
      0.0,
      0.0,
      0.0,
      0.0
    ],
    "final_f1_mean": 0.0695969372943954,
    "final_f1_std": 0.0,
    "best_f1_mean": 0.0695969372943954,
    "best_f1_std": 0.0,
    "n_seeds": 1,
    "seeds": [
      1024
    ],
    "avg_train_time_per_round": 5.215928459167481,
    "total_train_time": 52.159284591674805,
    "peak_gpu_memory_mb": 229.50537109375,
    "avg_query_time": 0.15902912616729736,
    "total_query_time": 1.5902912616729736,
    "n_human_labeled_mean": [
      100.0,
      200.0,
      300.0,
      400.0,
      500.0,
      600.0,
      700.0,
      800.0,
      900.0,
      1000.0
    ],
    "total_pseudo_labeled": 99
  },
  "gap_aware_entropy": {
    "f1_mean": [
      0.006055038299173979,
      0.011357872016137553,
      0.01749652231299399,
      0.016689666885787414,
      0.016535805271824914,
      0.025640026807933626,
      0.02790661437654729,
      0.040278494568651624,
      0.05557845600742822,
      0.06378894088122297
    ],
    "f1_std": [
      0.0,
      0.0,
      0.0,
      0.0,
      0.0,
      0.0,
      0.0,
      0.0,
      0.0,
      0.0
    ],
    "acc_mean": [
      0.0308,
      0.0345,
      0.0447,
      0.0406,
      0.0409,
      0.0495,
      0.0538,
      0.0627,
      0.077,
      0.0821
    ],
    "acc_std": [
      0.0,
      0.0,
      0.0,
      0.0,
      0.0,
      0.0,
      0.0,
      0.0,
      0.0,
      0.0
    ],
    "final_f1_mean": 0.06378894088122297,
    "final_f1_std": 0.0,
    "best_f1_mean": 0.06378894088122297,
    "best_f1_std": 0.0,
    "n_seeds": 1,
    "seeds": [
      1024
    ],
    "avg_train_time_per_round": 4.907907319068909,
    "total_train_time": 49.07907319068909,
    "peak_gpu_memory_mb": 229.37841796875,
    "avg_query_time": 0.16091594696044922,
    "total_query_time": 1.6091594696044922,
    "n_human_labeled_mean": [
      100.0,
      200.0,
      300.0,
      400.0,
      500.0,
      600.0,
      700.0,
      800.0,
      900.0,
      1000.0
    ],
    "total_pseudo_labeled": 65
  },
  "full_supervision": {
    "accuracy": 0.574,
    "f1": 0.5692057234927388,
    "train_time": 1291.110600233078,
    "gpu_memory_mb": 134.67626953125,
    "epochs": 50
  }
}