{
  "adaptive_gap_entropy": {
    "f1_mean": [
      0.18427446322245222,
      0.26675336368345254,
      0.3109898634916794,
      0.37870076084109927,
      0.40990441863028565,
      0.4654439316611041,
      0.4860232408775072,
      0.5115779104131822,
      0.5359411191619401,
      0.5444594469244666
    ],
    "f1_std": [
      0.02916161505213595,
      0.004571080566577905,
      0.03567281100899901,
      0.014419356014881032,
      0.023263952661030214,
      0.01600467923696032,
      0.008048947754472109,
      0.012702841758011577,
      0.016176958190643236,
      0.01966752549494998
    ],
    "acc_mean": [
      0.23176666666666668,
      0.294,
      0.3528,
      0.4014,
      0.4267666666666667,
      0.46973333333333334,
      0.4970666666666667,
      0.5204666666666666,
      0.5440333333333333,
      0.5492
    ],
    "acc_std": [
      0.018813175052487963,
      0.007650272326307518,
      0.027667429708353234,
      0.017301445026355458,
      0.019343617954135556,
      0.01689029964868067,
      0.007768454729795913,
      0.015897239452880567,
      0.013909309432494816,
      0.01823476533072657
    ],
    "final_f1_mean": 0.5444594469244666,
    "final_f1_std": 0.01966752549494998,
    "best_f1_mean": 0.5444594469244666,
    "best_f1_std": 0.01966752549494998,
    "n_seeds": 3,
    "seeds": [
      42,
      123,
      456
    ],
    "avg_train_time_per_round": 0.5281591574350993,
    "total_train_time": 15.844774723052979,
    "peak_gpu_memory_mb": 341.27001953125,
    "avg_query_time": 0.06461601257324219,
    "total_query_time": 1.9384803771972656,
    "n_human_labeled_mean": [
      100.0,
      200.0,
      300.0,
      400.0,
      500.0,
      600.0,
      700.0,
      800.0,
      900.0,
      1000.0
    ],
    "total_pseudo_labeled": 0
  },
  "badge": {
    "f1_mean": [
      0.18427446322245222,
      0.256160464501955,
      0.3789939581559591,
      0.3676602344227083,
      0.40795221923660435,
      0.436241255998008,
      0.4823944933158373,
      0.5286680434377017,
      0.5272447236225494,
      0.5406806050171092
    ],
    "f1_std": [
      0.02916161505213595,
      0.04707190413957763,
      0.005893883293954451,
      0.029453546137530474,
      0.01822564617256695,
      0.013993518332090296,
      0.009576617292408666,
      0.008523532551110352,
      0.0075193084837139506,
      0.01352854998100061
    ],
    "acc_mean": [
      0.23176666666666668,
      0.3019,
      0.39953333333333335,
      0.39843333333333336,
      0.4328,
      0.4530666666666667,
      0.4946,
      0.5363333333333333,
      0.5371666666666667,
      0.5487000000000001
    ],
    "acc_std": [
      0.018813175052487963,
      0.02976541617380816,
      0.005263923336152309,
      0.026350753731577053,
      0.010551145277488438,
      0.009105431834289288,
      0.006293382768167411,
      0.0035367907612535976,
      0.006738117112533885,
      0.012008608023691417
    ],
    "final_f1_mean": 0.5406806050171092,
    "final_f1_std": 0.01352854998100061,
    "best_f1_mean": 0.5406806050171092,
    "best_f1_std": 0.01352854998100061,
    "n_seeds": 3,
    "seeds": [
      42,
      123,
      456
    ],
    "avg_train_time_per_round": 0.635376779238383,
    "total_train_time": 19.06130337715149,
    "peak_gpu_memory_mb": 693.0390625,
    "avg_query_time": 3.36878494421641,
    "total_query_time": 101.06354832649231,
    "n_human_labeled_mean": [
      100.0,
      200.0,
      300.0,
      400.0,
      500.0,
      600.0,
      700.0,
      800.0,
      900.0,
      1000.0
    ],
    "total_pseudo_labeled": 0
  },
  "class_aware_entropy": {
    "f1_mean": [
      0.18427446322245222,
      0.26769325672634603,
      0.34041299814618164,
      0.35967447001484354,
      0.3928107285323818,
      0.45225783010034326,
      0.4663657571569256,
      0.5225647115014476,
      0.5339266549309596,
      0.5523886469355545
    ],
    "f1_std": [
      0.02916161505213595,
      0.007201167585708722,
      0.02688803278827744,
      0.04225146777502064,
      0.019649493959764834,
      0.04644534470062223,
      0.026936853873420877,
      0.0037855739057178037,
      0.00794563447850562,
      0.009363527609696585
    ],
    "acc_mean": [
      0.23176666666666668,
      0.30563333333333337,
      0.3691,
      0.37533333333333335,
      0.4121333333333334,
      0.4659,
      0.4748333333333333,
      0.5322,
      0.5444,
      0.5581666666666667
    ],
    "acc_std": [
      0.018813175052487963,
      0.0019362047641943623,
      0.014808330988557307,
      0.03874621128431643,
      0.017293993819306817,
      0.03644895974738739,
      0.02879749217476332,
      0.0037345236197762277,
      0.00800291613517642,
      0.0039135093657171
    ],
    "final_f1_mean": 0.5523886469355545,
    "final_f1_std": 0.009363527609696585,
    "best_f1_mean": 0.5523886469355545,
    "best_f1_std": 0.009363527609696585,
    "n_seeds": 3,
    "seeds": [
      42,
      123,
      456
    ],
    "avg_train_time_per_round": 0.5389256795247396,
    "total_train_time": 16.167770385742188,
    "peak_gpu_memory_mb": 429.2119140625,
    "avg_query_time": 0.06517608165740967,
    "total_query_time": 1.95528244972229,
    "n_human_labeled_mean": [
      100.0,
      200.0,
      300.0,
      400.0,
      500.0,
      600.0,
      700.0,
      800.0,
      900.0,
      1000.0
    ],
    "total_pseudo_labeled": 0
  },
  "coreset": {
    "f1_mean": [
      0.18427446322245222,
      0.27049645824339036,
      0.32515693698243414,
      0.37396991690634707,
      0.35843430804787507,
      0.4523086248270782,
      0.46790316380107383,
      0.48679625258673226,
      0.5264616153994295,
      0.5159418511327648
    ],
    "f1_std": [
      0.02916161505213595,
      0.008505469748866307,
      0.025648844371139665,
      0.032263641536028724,
      0.021604277350331776,
      0.02884046614454564,
      0.00884815259910333,
      0.021988164980021676,
      0.007869464298866825,
      0.03212104134098759
    ],
    "acc_mean": [
      0.23176666666666668,
      0.305,
      0.35159999999999997,
      0.3899333333333333,
      0.3761666666666667,
      0.46936666666666665,
      0.47953333333333337,
      0.5023666666666667,
      0.5354666666666666,
      0.5262666666666668
    ],
    "acc_std": [
      0.018813175052487963,
      0.009295518633549538,
      0.016248281960461738,
      0.026761207413385203,
      0.012709663864774528,
      0.02269571667860601,
      0.009471477650762249,
      0.016839701765635727,
      0.010508515065835344,
      0.027502040328350616
    ],
    "final_f1_mean": 0.5159418511327648,
    "final_f1_std": 0.03212104134098759,
    "best_f1_mean": 0.5362544632996545,
    "best_f1_std": 0.015898864589952363,
    "n_seeds": 3,
    "seeds": [
      42,
      123,
      456
    ],
    "avg_train_time_per_round": 0.5849049965540568,
    "total_train_time": 17.547149896621704,
    "peak_gpu_memory_mb": 693.0390625,
    "avg_query_time": 1.7690082788467407,
    "total_query_time": 53.07024836540222,
    "n_human_labeled_mean": [
      100.0,
      200.0,
      300.0,
      400.0,
      500.0,
      600.0,
      700.0,
      800.0,
      900.0,
      1000.0
    ],
    "total_pseudo_labeled": 0
  },
  "entropy": {
    "f1_mean": [
      0.18427446322245222,
      0.2547579254962074,
      0.3372207590986765,
      0.36269338012810515,
      0.411503111453923,
      0.44548691756105985,
      0.4739532438417709,
      0.5142942264446909,
      0.5334792941476135,
      0.5384530144742614
    ],
    "f1_std": [
      0.02916161505213595,
      0.027757101347858408,
      0.039311886728686414,
      0.020124151489251587,
      0.027023133268775805,
      0.01959129700895027,
      0.01942730171626504,
      0.014529017892905593,
      0.016405284731538038,
      0.024757535615330718
    ],