{
  "adaptive_gap_entropy": {
    "f1_mean": [
      0.16130188889408706,
      0.190960804333264,
      0.2013491494581134,
      0.2180130608508876,
      0.2468311418874368,
      0.2946044432262794,
      0.34427982688429165,
      0.3778020682734044,
      0.40269359135253097,
      0.4089862113252984
    ],
    "f1_std": [
      0.018433514411422502,
      0.014051071395239593,
      0.009165087376222531,
      0.017167433853122208,
      0.020756767227558568,
      0.009488127803605438,
      0.010206188281150688,
      0.012238257953727396,
      0.005246870621789764,
      0.007874070804927767
    ],
    "acc_mean": [
      0.2155,
      0.2660333333333333,
      0.2779,
      0.2948,
      0.3176333333333334,
      0.3625,
      0.40746666666666664,
      0.43670000000000003,
      0.4548666666666666,
      0.4598
    ],
    "acc_std": [
      0.018211168734231932,
      0.008937685507010304,
      0.0074636898828037215,
      0.016758878244083054,
      0.024286118577400467,
      0.007164263162856799,
      0.007829147817965617,
      0.011860016863394416,
      0.0004921607686744615,
      0.0017146428199482332
    ],
    "final_f1_mean": 0.4089862113252984,
    "final_f1_std": 0.007874070804927767,
    "best_f1_mean": 0.41276522088404555,
    "best_f1_std": 0.00351661801991371,
    "n_seeds": 3,
    "seeds": [
      42,
      123,
      456
    ],
    "avg_train_time_per_round": 0.5452248732248942,
    "total_train_time": 16.356746196746826,
    "peak_gpu_memory_mb": 341.27001953125,
    "avg_query_time": 0.06354750792185465,
    "total_query_time": 1.9064252376556396,
    "n_human_labeled_mean": [
      100.0,
      200.0,
      300.0,
      400.0,
      500.0,
      600.0,
      700.0,
      800.0,
      900.0,
      1000.0
    ],
    "total_pseudo_labeled": 0
  },
  "badge": {
    "f1_mean": [
      0.16130188889408706,
      0.1961823480143463,
      0.22798394046073467,
      0.2085756877108151,
      0.2503823343865465,
      0.3165072913784648,
      0.3302010689714891,
      0.37281726078244243,
      0.40134141980347415,
      0.4083470487220411
    ],
    "f1_std": [
      0.018433514411422502,
      0.033633086672825656,
      0.03542582089173508,
      0.010465622319429834,
      0.01582591744253311,
      0.031570164608616315,
      0.011487933976840434,
      0.02212447330182188,
      0.007108658543505001,
      0.006780396540324139
    ],
    "acc_mean": [
      0.2155,
      0.2657333333333333,
      0.3035333333333334,
      0.28996666666666665,
      0.3235333333333333,
      0.38023333333333326,
      0.39530000000000004,
      0.43683333333333335,
      0.4538333333333333,
      0.4616
    ],
    "acc_std": [
      0.018211168734231932,
      0.025482848262224432,
      0.029418512689952388,
      0.014063269732020212,
      0.023553815449353904,
      0.027140416765816685,
      0.011398537917937837,
      0.014456909151759314,
      0.005067763039273078,
      0.0002828427124746402
    ],
    "final_f1_mean": 0.4083470487220411,
    "final_f1_std": 0.006780396540324139,
    "best_f1_mean": 0.4120813375900503,
    "best_f1_std": 0.0015011320612918601,
    "n_seeds": 3,
    "seeds": [
      42,
      123,
      456
    ],
    "avg_train_time_per_round": 0.6329304536183675,
    "total_train_time": 18.987913608551025,
    "peak_gpu_memory_mb": 693.0390625,
    "avg_query_time": 3.388281758626302,
    "total_query_time": 101.64845275878906,
    "n_human_labeled_mean": [
      100.0,
      200.0,
      300.0,
      400.0,
      500.0,
      600.0,
      700.0,
      800.0,
      900.0,
      1000.0
    ],
    "total_pseudo_labeled": 0
  },
  "class_aware_entropy": {
    "f1_mean": [
      0.16130188889408706,
      0.16738929444256612,
      0.19948620832886918,
      0.2490688641120389,
      0.25172025316208485,
      0.27946084168512636,
      0.3245243217065578,
      0.40292887576824676,
      0.41267867846900136,
      0.41216834819944603
    ],
    "f1_std": [
      0.018433514411422502,
      0.02437737370060905,
      0.003444442075991698,
      0.005106948715282805,
      0.014962349994383697,
      0.04120044129017136,
      0.02557582229405144,
      0.04222331879589275,
      0.017530083316460335,
      0.030259163462845292
    ],
    "acc_mean": [
      0.2155,
      0.24933333333333332,
      0.2697333333333333,
      0.31703333333333333,
      0.31983333333333336,
      0.3464333333333333,
      0.3889,
      0.4492,
      0.4602333333333333,
      0.45793333333333336
    ],
    "acc_std": [
      0.018211168734231932,
      0.021721315695775786,
      0.005443242497711169,
      0.01583442101527204,
      0.015342388630486757,
      0.030649451689857176,
      0.011698148001571318,
      0.029634101977282855,
      0.010121374522376998,
      0.021911539324190696
    ],
    "final_f1_mean": 0.41216834819944603,
    "final_f1_std": 0.030259163462845292,
    "best_f1_mean": 0.4245464690846057,
    "best_f1_std": 0.027261252000626637,
    "n_seeds": 3,
    "seeds": [
      42,
      123,
      456
    ],
    "avg_train_time_per_round": 0.546349302927653,
    "total_train_time": 16.39047908782959,
    "peak_gpu_memory_mb": 429.2119140625,
    "avg_query_time": 0.06588242848714193,
    "total_query_time": 1.9764728546142578,
    "n_human_labeled_mean": [
      100.0,
      200.0,
      300.0,
      400.0,
      500.0,
      600.0,
      700.0,
      800.0,
      900.0,
      1000.0
    ],
    "total_pseudo_labeled": 0
  },
  "coreset": {
    "f1_mean": [
      0.16130188889408706,
      0.17303152968025315,
      0.22900910329860294,
      0.22259886351798822,
      0.2521402571568577,
      0.2943228371376125,
      0.349490220167699,
      0.3604378447493408,
      0.38438871178398076,
      0.41240361825044597
    ],
    "f1_std": [
      0.018433514411422502,
      0.02294750517736908,
      0.017750245390070134,
      0.02066259308898335,
      0.03279771966410887,
      0.03265908633446281,
      0.03313799845884701,
      0.02759375245787309,
      0.03125467950425787,
      0.01755924646810299
    ],
    "acc_mean": [
      0.2155,
      0.24933333333333332,
      0.3005,
      0.29446666666666665,
      0.32243333333333335,
      0.36010000000000003,
      0.4034666666666667,
      0.4229,
      0.4463333333333333,
      0.4698
    ],
    "acc_std": [
      0.018211168734231932,
      0.021933434650221927,
      0.0119635557701992,
      0.018330727087476795,
      0.022000959575032692,
      0.024525904672407093,
      0.025314861686808042,
      0.023396723417322067,
      0.02140425710512332,
      0.01607876446331206
    ],
    "final_f1_mean": 0.41240361825044597,
    "final_f1_std": 0.01755924646810299,
    "best_f1_mean": 0.41240361825044597,
    "best_f1_std": 0.01755924646810299,
    "n_seeds": 3,
    "seeds": [
      42,
      123,
      456
    ],
    "avg_train_time_per_round": 0.5937587738037109,
    "total_train_time": 17.812763214111328,
    "peak_gpu_memory_mb": 693.0390625,
    "avg_query_time": 1.788923406600952,
    "total_query_time": 53.667702198028564,
    "n_human_labeled_mean": [
      100.0,
      200.0,
      300.0,
      400.0,
      500.0,
      600.0,
      700.0,
      800.0,
      900.0,
      1000.0
    ],
    "total_pseudo_labeled": 0
  },
  "entropy": {
    "f1_mean": [
      0.16130188889408706,
      0.17034341540577824,
      0.18969386666841395,
      0.21637305336413673,
      0.2244968712225822,
      0.2864624172265908,
      0.33542026564666233,
      0.3889058194193425,
      0.41324318546799965,
      0.4063609191020297
    ],
    "f1_std": [
      0.018433514411422502,
      0.01811872721175722,
      0.007043881669986663,
      0.01965703629439083,
      0.0396411232695521,
      0.044696818026519855,
      0.041582085262390434,
      0.011473285091628404,
      0.006620920731293334,
      0.016023506373837846
    ],