{
  "entropy": {
    "f1_mean": [
      0.049727543904181847,
      0.0799495051646922,
      0.10151530853114392,
      0.16370944614225375,
      0.17629556470804275,
      0.1945971695683482,
      0.2412132005397314,
      0.2416158187094525,
      0.2650384783810625,
      0.30141141168485736
    ],
    "f1_std": [
      0.0,
      0.0,
      0.0,
      0.0,
      0.0,
      0.0,
      0.0,
      0.0,
      0.0,
      0.0
    ],
    "acc_mean": [
      0.1299,
      0.1861,
      0.1991,
      0.2449,
      0.2609,
      0.28,
      0.3133,
      0.3163,
      0.3341,
      0.3642
    ],
    "acc_std": [
      0.0,
      0.0,
      0.0,
      0.0,
      0.0,
      0.0,
      0.0,
      0.0,
      0.0,
      0.0
    ],
    "final_f1_mean": 0.30141141168485736,
    "final_f1_std": 0.0,
    "best_f1_mean": 0.30141141168485736,
    "best_f1_std": 0.0,
    "n_seeds": 1,
    "seeds": [
      456
    ],
    "avg_train_time_per_round": 3.8516284704208372,
    "total_train_time": 38.516284704208374,
    "peak_gpu_memory_mb": 236.80078125,
    "avg_query_time": 0.00028939247131347655,
    "total_query_time": 0.0028939247131347656,
    "n_human_labeled_mean": [
      100.0,
      200.0,
      300.0,
      400.0,
      500.0,
      600.0,
      700.0,
      800.0,
      900.0,
      1000.0
    ],
    "total_pseudo_labeled": 681
  },
  "full_supervision": {
    "accuracy": 0.6458,
    "f1": 0.6172147348102393,
    "train_time": 168.91804099082947,
    "gpu_memory_mb": 146.5634765625,
    "epochs": 50
  }
}