{
  "adaptive_gap_entropy": {
    "f1_mean": [
      0.003854248188158038,
      0.009448111457171593,
      0.01237601399327988,
      0.012315305202613282,
      0.017936885228917922,
      0.019985398925421116,
      0.025946141850043198,
      0.03323002145857196,
      0.04536177714324538,
      0.048446805230521736
    ],
    "f1_std": [
      0.0,
      0.0,
      0.0,
      0.0,
      0.0,
      0.0,
      0.0,
      0.0,
      0.0,
      0.0
    ],
    "acc_mean": [
      0.0192,
      0.0337,
      0.0418,
      0.0434,
      0.0524,
      0.0565,
      0.0641,
      0.0741,
      0.0875,
      0.0913
    ],
    "acc_std": [
      0.0,
      0.0,
      0.0,
      0.0,
      0.0,
      0.0,
      0.0,
      0.0,
      0.0,
      0.0
    ],
    "final_f1_mean": 0.048446805230521736,
    "final_f1_std": 0.0,
    "best_f1_mean": 0.048446805230521736,
    "best_f1_std": 0.0,
    "n_seeds": 1,
    "seeds": [
      42
    ],
    "avg_train_time_per_round": 0.6525447607040405,
    "total_train_time": 6.525447607040405,
    "peak_gpu_memory_mb": 131.71337890625,
    "avg_query_time": 0.062375855445861814,
    "total_query_time": 0.6237585544586182,
    "n_human_labeled_mean": [
      100.0,
      200.0,
      300.0,
      400.0,
      500.0,
      600.0,
      700.0,
      800.0,
      900.0,
      1000.0
    ],
    "total_pseudo_labeled": 0
  },
  "class_aware_entropy": {
    "f1_mean": [
      0.003854248188158038,
      0.008892351997613047,
      0.009884727492767061,
      0.012994226163914753,
      0.014525504843182675,
      0.01597107032431409,
      0.024789515987146512,
      0.03742631616959711,
      0.0430694344192759,
      0.05075936758114572
    ],
    "f1_std": [
      0.0,
      0.0,
      0.0,
      0.0,
      0.0,
      0.0,
      0.0,
      0.0,
      0.0,
      0.0
    ],
    "acc_mean": [
      0.0192,
      0.0335,
      0.0384,
      0.0448,
      0.0401,
      0.0496,
      0.0621,
      0.0761,
      0.0822,
      0.0944
    ],
    "acc_std": [
      0.0,
      0.0,
      0.0,
      0.0,
      0.0,
      0.0,
      0.0,
      0.0,
      0.0,
      0.0
    ],
    "final_f1_mean": 0.05075936758114572,
    "final_f1_std": 0.0,
    "best_f1_mean": 0.05075936758114572,
    "best_f1_std": 0.0,
    "n_seeds": 1,
    "seeds": [
      42
    ],
    "avg_train_time_per_round": 0.5102039098739624,
    "total_train_time": 5.102039098739624,
    "peak_gpu_memory_mb": 131.71337890625,
    "avg_query_time": 0.06317281723022461,
    "total_query_time": 0.6317281723022461,
    "n_human_labeled_mean": [
      100.0,
      200.0,
      300.0,
      400.0,
      500.0,
      600.0,
      700.0,
      800.0,
      900.0,
      1000.0
    ],
    "total_pseudo_labeled": 0
  },
  "gap_aware_entropy": {
    "f1_mean": [
      0.003854248188158038,
      0.007918060979362556,
      0.011294433387597747,
      0.01485726792361227,
      0.017507234824919407,
      0.02291330082663936,
      0.028990970898212894,
      0.03444320474661486,
      0.04114228984413984,
      0.05011741569957486
    ],
    "f1_std": [
      0.0,
      0.0,
      0.0,
      0.0,
      0.0,
      0.0,
      0.0,
      0.0,
      0.0,
      0.0
    ],
    "acc_mean": [
      0.0192,
      0.0335,
      0.0392,
      0.0446,
      0.0478,
      0.0594,
      0.0678,
      0.0743,
      0.0846,
      0.0951
    ],
    "acc_std": [
      0.0,
      0.0,
      0.0,
      0.0,
      0.0,
      0.0,
      0.0,
      0.0,
      0.0,
      0.0
    ],
    "final_f1_mean": 0.05011741569957486,
    "final_f1_std": 0.0,
    "best_f1_mean": 0.05011741569957486,
    "best_f1_std": 0.0,
    "n_seeds": 1,
    "seeds": [
      42
    ],
    "avg_train_time_per_round": 0.4984584808349609,
    "total_train_time": 4.984584808349609,
    "peak_gpu_memory_mb": 131.71337890625,
    "avg_query_time": 0.06283149719238282,
    "total_query_time": 0.6283149719238281,
    "n_human_labeled_mean": [
      100.0,
      200.0,
      300.0,
      400.0,
      500.0,
      600.0,
      700.0,
      800.0,
      900.0,
      1000.0
    ],
    "total_pseudo_labeled": 0
  },
  "full_supervision": {
    "accuracy": 0.3212,
    "f1": 0.26780350903912375,
    "train_time": 197.01729202270508,
    "gpu_memory_mb": 134.17626953125,
    "epochs": 50
  }
}