{
  "adaptive_gap_entropy": {
    "f1_mean": [
      0.07986348699187304,
      0.1803404233585034,
      0.1981613308754324,
      0.21801711482343333,
      0.2727561851087058,
      0.29732997005377715,
      0.32503508830272276,
      0.35021986667470195,
      0.4059931302645272,
      0.3928346312831457
    ],
    "f1_std": [
      0.0,
      0.0,
      0.0,
      0.0,
      0.0,
      0.0,
      0.0,
      0.0,
      0.0,
      0.0
    ],
    "acc_mean": [
      0.1441,
      0.2181,
      0.2454,
      0.2669,
      0.3112,
      0.3372,
      0.3561,
      0.3832,
      0.4116,
      0.4015
    ],
    "acc_std": [
      0.0,
      0.0,
      0.0,
      0.0,
      0.0,
      0.0,
      0.0,
      0.0,
      0.0,
      0.0
    ],
    "final_f1_mean": 0.3928346312831457,
    "final_f1_std": 0.0,
    "best_f1_mean": 0.4059931302645272,
    "best_f1_std": 0.0,
    "n_seeds": 1,
    "seeds": [
      42
    ],
    "avg_train_time_per_round": 3.9241068601608275,
    "total_train_time": 39.241068601608276,
    "peak_gpu_memory_mb": 228.67529296875,
    "avg_query_time": 0.06755199432373046,
    "total_query_time": 0.6755199432373047,
    "n_human_labeled_mean": [
      100.0,
      200.0,
      300.0,
      400.0,
      500.0,
      600.0,
      700.0,
      800.0,
      900.0,
      1000.0
    ],
    "total_pseudo_labeled": 718
  },
  "gap_aware_entropy": {
    "f1_mean": [
      0.07986348699187304,
      0.191460137152815,
      0.19616190482322504,
      0.22589356072345868,
      0.27113790904629526,
      0.30662816412402644,
      0.3385747337911546,
      0.3787049288282377,
      0.38622835904535885,
      0.4364551612343465
    ],
    "f1_std": [
      0.0,
      0.0,
      0.0,
      0.0,
      0.0,
      0.0,
      0.0,
      0.0,
      0.0,
      0.0
    ],
    "acc_mean": [
      0.1441,
      0.2257,
      0.2456,
      0.2552,
      0.3034,
      0.3256,
      0.3615,
      0.3948,
      0.4059,
      0.4476
    ],
    "acc_std": [
      0.0,
      0.0,
      0.0,
      0.0,
      0.0,
      0.0,
      0.0,
      0.0,
      0.0,
      0.0
    ],
    "final_f1_mean": 0.4364551612343465,
    "final_f1_std": 0.0,
    "best_f1_mean": 0.4364551612343465,
    "best_f1_std": 0.0,
    "n_seeds": 1,
    "seeds": [
      42
    ],
    "avg_train_time_per_round": 4.01483838558197,
    "total_train_time": 40.1483838558197,
    "peak_gpu_memory_mb": 228.80224609375,
    "avg_query_time": 0.06412038803100586,
    "total_query_time": 0.6412038803100586,
    "n_human_labeled_mean": [
      100.0,
      200.0,
      300.0,
      400.0,
      500.0,
      600.0,
      700.0,
      800.0,
      900.0,
      1000.0
    ],
    "total_pseudo_labeled": 871
  },
  "full_supervision": {
    "accuracy": 0.7679,
    "f1": 0.761830814777832,
    "train_time": 271.44061303138733,
    "gpu_memory_mb": 134.19287109375,
    "epochs": 50
  }
}