{
  "class_aware_entropy": {
    "f1_mean": [
      0.08077974316995014,
      0.14193895050355515,
      0.21163316657405162,
      0.2526019701012455,
      0.2757631462226515,
      0.30664888431886456,
      0.3100754942059655,
      0.3432271524909948,
      0.36275285940222357,
      0.3902089338789764
    ],
    "f1_std": [
      0.0,
      0.0,
      0.0,
      0.0,
      0.0,
      0.0,
      0.0,
      0.0,
      0.0,
      0.0
    ],
    "acc_mean": [
      0.1476,
      0.2153,
      0.2548,
      0.3016,
      0.317,
      0.3411,
      0.3506,
      0.3754,
      0.3877,
      0.4176
    ],
    "acc_std": [
      0.0,
      0.0,
      0.0,
      0.0,
      0.0,
      0.0,
      0.0,
      0.0,
      0.0,
      0.0
    ],
    "final_f1_mean": 0.3902089338789764,
    "final_f1_std": 0.0,
    "best_f1_mean": 0.3902089338789764,
    "best_f1_std": 0.0,
    "n_seeds": 1,
    "seeds": [
      456
    ],
    "avg_train_time_per_round": 5.155758118629455,
    "total_train_time": 51.557581186294556,
    "peak_gpu_memory_mb": 228.80078125,
    "avg_query_time": 0.1532590866088867,
    "total_query_time": 1.5325908660888672,
    "n_human_labeled_mean": [
      100.0,
      200.0,
      300.0,
      400.0,
      500.0,
      600.0,
      700.0,
      800.0,
      900.0,
      1000.0
    ],
    "total_pseudo_labeled": 435
  },
  "full_supervision": {
    "accuracy": 0.7734,
    "f1": 0.767463908597943,
    "train_time": 510.02342319488525,
    "gpu_memory_mb": 134.19287109375,
    "epochs": 50
  }
}