{
  "entropy": {
    "f1_mean": [
      0.05883882797283595,
      0.044713676598483555,
      0.07755825632472182,
      0.050862278429677096,
      0.09713292838226709,
      0.1586369501071418,
      0.18829514247878296,
      0.22307600236289798,
      0.24141233752546903,
      0.26240940059630785
    ],
    "f1_std": [
      0.0,
      0.0,
      0.0,
      0.0,
      0.0,
      0.0,
      0.0,
      0.0,
      0.0,
      0.0
    ],
    "acc_mean": [
      0.1586,
      0.1167,
      0.1721,
      0.1198,
      0.1753,
      0.2354,
      0.2639,
      0.2882,
      0.3104,
      0.3215
    ],
    "acc_std": [
      0.0,
      0.0,
      0.0,
      0.0,
      0.0,
      0.0,
      0.0,
      0.0,
      0.0,
      0.0
    ],
    "final_f1_mean": 0.26240940059630785,
    "final_f1_std": 0.0,
    "best_f1_mean": 0.26240940059630785,
    "best_f1_std": 0.0,
    "n_seeds": 1,
    "seeds": [
      456
    ],
    "avg_train_time_per_round": 1.4420529842376708,
    "total_train_time": 14.420529842376709,
    "peak_gpu_memory_mb": 139.31787109375,
    "avg_query_time": 0.0006482839584350586,
    "total_query_time": 0.006482839584350586,
    "n_human_labeled_mean": [
      100.0,
      200.0,
      300.0,
      400.0,
      500.0,
      600.0,
      700.0,
      800.0,
      900.0,
      1000.0
    ],
    "total_pseudo_labeled": 0
  },
  "full_supervision": {
    "accuracy": 0.6434,
    "f1": 0.6231059406086364,
    "train_time": 330.1997232437134,
    "gpu_memory_mb": 145.5634765625,
    "epochs": 50
  }
}