{
  "adaptive_gap_entropy": {
    "f1_mean": [
      0.003116965697865394,
      0.009046010699317103,
      0.016950297291511904,
      0.019339731822448712,
      0.017313574411962778,
      0.020991111582814647,
      0.029520113797643376,
      0.03507181621047102,
      0.040944815411384575,
      0.04741486608282317
    ],
    "f1_std": [
      0.0,
      0.0,
      0.0,
      0.0,
      0.0,
      0.0,
      0.0,
      0.0,
      0.0,
      0.0
    ],
    "acc_mean": [
      0.0249,
      0.0281,
      0.0472,
      0.0463,
      0.055,
      0.0554,
      0.0674,
      0.0783,
      0.0812,
      0.0923
    ],
    "acc_std": [
      0.0,
      0.0,
      0.0,
      0.0,
      0.0,
      0.0,
      0.0,
      0.0,
      0.0,
      0.0
    ],
    "final_f1_mean": 0.04741486608282317,
    "final_f1_std": 0.0,
    "best_f1_mean": 0.04741486608282317,
    "best_f1_std": 0.0,
    "n_seeds": 1,
    "seeds": [
      1024
    ],
    "avg_train_time_per_round": 4.8899459600448605,
    "total_train_time": 48.89945960044861,
    "peak_gpu_memory_mb": 229.37841796875,
    "avg_query_time": 0.15768473148345946,
    "total_query_time": 1.5768473148345947,
    "n_human_labeled_mean": [
      100.0,
      200.0,
      300.0,
      400.0,
      500.0,
      600.0,
      700.0,
      800.0,
      900.0,
      1000.0
    ],
    "total_pseudo_labeled": 133
  },
  "class_aware_entropy": {
    "f1_mean": [
      0.003116965697865394,
      0.010984410917494096,
      0.010242931911367669,
      0.018335935166534065,
      0.0207855910901078,
      0.025284690801893727,
      0.030260949116546764,
      0.040644342388850944,
      0.044009613628011666,
      0.0525867492015716
    ],
    "f1_std": [
      0.0,
      0.0,
      0.0,
      0.0,
      0.0,
      0.0,
      0.0,
      0.0,
      0.0,
      0.0
    ],
    "acc_mean": [
      0.0249,
      0.0295,
      0.0357,
      0.053,
      0.0545,
      0.0626,
      0.0702,
      0.0829,
      0.0863,
      0.0956
    ],
    "acc_std": [
      0.0,
      0.0,
      0.0,
      0.0,
      0.0,
      0.0,
      0.0,
      0.0,
      0.0,
      0.0
    ],
    "final_f1_mean": 0.0525867492015716,
    "final_f1_std": 0.0,
    "best_f1_mean": 0.0525867492015716,
    "best_f1_std": 0.0,
    "n_seeds": 1,
    "seeds": [
      1024
    ],
    "avg_train_time_per_round": 5.139435529708862,
    "total_train_time": 51.39435529708862,
    "peak_gpu_memory_mb": 229.50537109375,
    "avg_query_time": 0.15785064697265624,
    "total_query_time": 1.5785064697265625,
    "n_human_labeled_mean": [
      100.0,
      200.0,
      300.0,
      400.0,
      500.0,
      600.0,
      700.0,
      800.0,
      900.0,
      1000.0
    ],
    "total_pseudo_labeled": 159
  },
  "gap_aware_entropy": {
    "f1_mean": [
      0.003116965697865394,
      0.00876146782684683,
      0.014196083900463546,
      0.018020407601829,
      0.020847601902314453,
      0.025554451920699967,
      0.030927708360291704,
      0.03931122210634012,
      0.04779534220085944,
      0.05143686529147271
    ],
    "f1_std": [
      0.0,
      0.0,
      0.0,
      0.0,
      0.0,
      0.0,
      0.0,
      0.0,
      0.0,
      0.0
    ],
    "acc_mean": [
      0.0249,
      0.0273,
      0.041,
      0.0501,
      0.0523,
      0.0613,
      0.0712,
      0.0845,
      0.0929,
      0.0977
    ],
    "acc_std": [
      0.0,
      0.0,
      0.0,
      0.0,
      0.0,
      0.0,
      0.0,
      0.0,
      0.0,
      0.0
    ],
    "final_f1_mean": 0.05143686529147271,
    "final_f1_std": 0.0,
    "best_f1_mean": 0.05143686529147271,
    "best_f1_std": 0.0,
    "n_seeds": 1,
    "seeds": [
      1024
    ],
    "avg_train_time_per_round": 4.832160997390747,
    "total_train_time": 48.32160997390747,
    "peak_gpu_memory_mb": 229.37841796875,
    "avg_query_time": 0.15815818309783936,
    "total_query_time": 1.5815818309783936,
    "n_human_labeled_mean": [
      100.0,
      200.0,
      300.0,
      400.0,
      500.0,
      600.0,
      700.0,
      800.0,
      900.0,
      1000.0
    ],
    "total_pseudo_labeled": 140
  },
  "full_supervision": {
    "accuracy": 0.3228,
    "f1": 0.26841252360119083,
    "train_time": 424.4856204986572,
    "gpu_memory_mb": 134.67626953125,
    "epochs": 50
  }
}