{
  "adaptive_gap_entropy": {
    "f1_mean": [
      0.08187846765544585,
      0.16395414610646428,
      0.21697759141649953,
      0.2370816529967557,
      0.26352885347210975,
      0.3090284394975372,
      0.3487549521415798,
      0.36132687705693867,
      0.39484322729241994,
      0.4027617942667514
    ],
    "f1_std": [
      0.012517587130793017,
      0.007788791985298451,
      0.01590836700043241,
      0.02395396620048882,
      0.012365342960831438,
      0.024903665769173904,
      0.018713724205784633,
      0.018628265061149858,
      0.01693489612638898,
      0.017399105544405945
    ],
    "acc_mean": [
      0.14977999999999997,
      0.22758000000000003,
      0.26452,
      0.28368000000000004,
      0.30611999999999995,
      0.34334,
      0.37234,
      0.39126,
      0.41525999999999996,
      0.4253
    ],
    "acc_std": [
      0.01713013718567367,
      0.012256002610965778,
      0.011248537682739037,
      0.021771302211856785,
      0.008674191604985435,
      0.015327961377821902,
      0.013039417164888926,
      0.011012102433232258,
      0.011474598032175248,
      0.013736811857195979
    ],
    "final_f1_mean": 0.4027617942667514,
    "final_f1_std": 0.017399105544405945,
    "best_f1_mean": 0.4106387080123429,
    "best_f1_std": 0.013885858139485261,
    "n_seeds": 5,
    "seeds": [
      42,
      123,
      456,
      789,
      1024
    ],
    "avg_train_time_per_round": 10.903546981811523,
    "total_train_time": 545.1773490905762,
    "peak_gpu_memory_mb": 228.80224609375,
    "avg_query_time": 0.2615927124023438,
    "total_query_time": 13.079635620117188,
    "n_human_labeled_mean": [
      100.0,
      200.0,
      300.0,
      400.0,
      500.0,
      600.0,
      700.0,
      800.0,
      900.0,
      1000.0
    ],
    "total_pseudo_labeled": 4756
  },
  "class_aware_entropy": {
    "f1_mean": [
      0.08187846765544585,
      0.18085219584904064,
      0.20541838771555482,
      0.2377218807712556,
      0.2626538315461169,
      0.30604896921678504,
      0.33864481630512866,
      0.3655601770596452,
      0.38874768908304586,
      0.39363874861553555
    ],
    "f1_std": [
      0.012517587130793017,
      0.03363249892773473,
      0.033345894174729905,
      0.03538894229644911,
      0.031146103875378407,
      0.008193205146116243,
      0.023217538397617227,
      0.01782743272423467,
      0.018733621938422006,
      0.020885594607361096
    ],
    "acc_mean": [
      0.14977999999999997,
      0.24068,
      0.26376,
      0.28168000000000004,
      0.30746,
      0.34034,
      0.36448,
      0.39322,
      0.41052,
      0.41912000000000005
    ],
    "acc_std": [
      0.01713013718567367,
      0.01973569355254587,
      0.02248578217452085,
      0.02707075174427189,
      0.02006724694620565,
      0.004608513860237371,
      0.018445964328275173,
      0.013647475957113839,
      0.015730912243096397,
      0.01702602713494843
    ],
    "final_f1_mean": 0.39363874861553555,
    "final_f1_std": 0.020885594607361096,
    "best_f1_mean": 0.39772952878481677,
    "best_f1_std": 0.014707387334548613,
    "n_seeds": 5,
    "seeds": [
      42,
      123,
      456,
      789,
      1024
    ],
    "avg_train_time_per_round": 10.679443011283874,
    "total_train_time": 533.9721505641937,
    "peak_gpu_memory_mb": 228.67529296875,
    "avg_query_time": 0.26069769382476804,
    "total_query_time": 13.034884691238403,
    "n_human_labeled_mean": [
      100.0,
      200.0,
      300.0,
      400.0,
      500.0,
      600.0,
      700.0,
      800.0,
      900.0,
      1000.0
    ],
    "total_pseudo_labeled": 6153
  },
  "gap_aware_entropy": {
    "f1_mean": [
      0.08187846765544585,
      0.1633529347213189,
      0.20867908612087524,
      0.2266574489889659,
      0.27105698977748816,
      0.3040181313932724,
      0.33872557759469457,
      0.35247019649714023,
      0.3810992518905457,
      0.4119477107423675
    ],
    "f1_std": [
      0.012517587130793017,
      0.010127314351484477,
      0.015903706002475485,
      0.023123937775453254,
      0.010319703343447806,
      0.02302200220421162,
      0.03347309442102076,
      0.029755619048696176,
      0.011054319944723626,
      0.01663496648045627
    ],
    "acc_mean": [
      0.14977999999999997,
      0.22688000000000003,
      0.26448000000000005,
      0.27956,
      0.30938,
      0.33994,
      0.36266000000000004,
      0.38332000000000005,
      0.40488,
      0.42855999999999994
    ],
    "acc_std": [
      0.01713013718567367,
      0.01078098325756978,
      0.01325917041145485,
      0.01832229243298993,
      0.009809668699808368,
      0.018069488094575335,
      0.020677388616554084,
      0.024067854079664018,
      0.007021509809150738,
      0.006906113233939896
    ],
    "final_f1_mean": 0.4119477107423675,
    "final_f1_std": 0.01663496648045627,
    "best_f1_mean": 0.4119477107423675,
    "best_f1_std": 0.01663496648045627,
    "n_seeds": 5,
    "seeds": [
      42,
      123,
      456,
      789,
      1024
    ],
    "avg_train_time_per_round": 10.780565137863158,
    "total_train_time": 539.028256893158,
    "peak_gpu_memory_mb": 228.67529296875,
    "avg_query_time": 0.25179433822631836,
    "total_query_time": 12.589716911315918,
    "n_human_labeled_mean": [
      100.0,
      200.0,
      300.0,
      400.0,
      500.0,
      600.0,
      700.0,
      800.0,
      900.0,
      1000.0
    ],
    "total_pseudo_labeled": 5159
  },
  "full_supervision": {
    "accuracy": 0.7992,
    "f1": 0.7969167987304246,
    "train_time": 1157.6255886554718,
    "gpu_memory_mb": 134.19287109375,
    "epochs": 50
  }
}