{
  "entropy": {
    "final_f1_mean": 0.38232952528782,
    "final_f1_std": 0.003481343126055288,
    "n_seeds": 3
  }
}