{
  "adaptive_gap_entropy": {
    "f1_mean": [
      0.08816755465991738,
      0.09815102578913507,
      0.11848610188592683,
      0.14252028603201902,
      0.17709236546327808,
      0.21508858230518574,
      0.2117621261742142,
      0.24860404110209525,
      0.25634026705939794,
      0.26759152214640275
    ],
    "f1_std": [
      0.0,
      0.0,
      0.0,
      0.0,
      0.0,
      0.0,
      0.0,
      0.0,
      0.0,
      0.0
    ],
    "acc_mean": [
      0.1856,
      0.2003,
      0.214,
      0.2231,
      0.2553,
      0.29,
      0.2818,
      0.3149,
      0.331,
      0.3424
    ],
    "acc_std": [
      0.0,
      0.0,
      0.0,
      0.0,
      0.0,
      0.0,
      0.0,
      0.0,
      0.0,
      0.0
    ],
    "final_f1_mean": 0.26759152214640275,
    "final_f1_std": 0.0,
    "best_f1_mean": 0.26759152214640275,
    "best_f1_std": 0.0,
    "n_seeds": 1,
    "seeds": [
      456
    ],
    "avg_train_time_per_round": 6.282746911048889,
    "total_train_time": 62.82746911048889,
    "peak_gpu_memory_mb": 241.4228515625,
    "avg_query_time": 0.15433528423309326,
    "total_query_time": 1.5433528423309326,
    "n_human_labeled_mean": [
      100.0,
      200.0,
      300.0,
      400.0,
      500.0,
      600.0,
      700.0,
      800.0,
      900.0,
      1000.0
    ],
    "total_pseudo_labeled": 1357
  },
  "class_aware_entropy": {
    "f1_mean": [
      0.08816755465991738,
      0.10756498491433557,
      0.10120320019295966,
      0.13715417566406918,
      0.16482229447622365,
      0.20248949616110315,
      0.21544820633745668,
      0.24750032711514147,
      0.24262490338869047,
      0.2692302326962713
    ],
    "f1_std": [
      0.0,
      0.0,
      0.0,
      0.0,
      0.0,
      0.0,
      0.0,
      0.0,
      0.0,
      0.0
    ],
    "acc_mean": [
      0.1856,
      0.2105,
      0.2034,
      0.2214,
      0.2347,
      0.283,
      0.2968,
      0.3312,
      0.3273,
      0.3484
    ],
    "acc_std": [
      0.0,
      0.0,
      0.0,
      0.0,
      0.0,
      0.0,
      0.0,
      0.0,
      0.0,
      0.0
    ],
    "final_f1_mean": 0.2692302326962713,
    "final_f1_std": 0.0,
    "best_f1_mean": 0.2692302326962713,
    "best_f1_std": 0.0,
    "n_seeds": 1,
    "seeds": [
      456
    ],
    "avg_train_time_per_round": 6.268525528907776,
    "total_train_time": 62.68525528907776,
    "peak_gpu_memory_mb": 241.4228515625,
    "avg_query_time": 0.1539466381072998,
    "total_query_time": 1.539466381072998,
    "n_human_labeled_mean": [
      100.0,
      200.0,
      300.0,
      400.0,
      500.0,
      600.0,
      700.0,
      800.0,
      900.0,
      1000.0
    ],
    "total_pseudo_labeled": 1186
  },
  "entropy": {
    "f1_mean": [
      0.08816755465991738,
      0.09829029798871614,
      0.10032899162750752,
      0.1417922403200227,
      0.1977504569034178,
      0.2095570991039229,
      0.2117455032962428,
      0.24446815018626453,
      0.2575487820090283,
      0.2846664595063472
    ],
    "f1_std": [
      0.0,
      0.0,
      0.0,
      0.0,
      0.0,
      0.0,
      0.0,
      0.0,
      0.0,
      0.0
    ],
    "acc_mean": [
      0.1856,
      0.2026,
      0.2081,
      0.2353,
      0.2745,
      0.2872,
      0.2877,
      0.3158,
      0.3247,
      0.3486
    ],
    "acc_std": [
      0.0,
      0.0,
      0.0,
      0.0,
      0.0,
      0.0,
      0.0,
      0.0,
      0.0,
      0.0
    ],
    "final_f1_mean": 0.2846664595063472,
    "final_f1_std": 0.0,
    "best_f1_mean": 0.2846664595063472,
    "best_f1_std": 0.0,
    "n_seeds": 1,
    "seeds": [
      456
    ],
    "avg_train_time_per_round": 6.499127578735352,
    "total_train_time": 64.99127578735352,
    "peak_gpu_memory_mb": 236.80224609375,
    "avg_query_time": 0.000629591941833496,
    "total_query_time": 0.006295919418334961,
    "n_human_labeled_mean": [
      100.0,
      200.0,
      300.0,
      400.0,
      500.0,
      600.0,
      700.0,
      800.0,
      900.0,
      1000.0
    ],
    "total_pseudo_labeled": 1641
  },
  "gap_aware_entropy": {
    "f1_mean": [
      0.08816755465991738,
      0.09856129676945358,
      0.12003642588803336,
      0.1391066234058032,
      0.17357480190668384,
      0.22256880358030395,
      0.23751119950651503,
      0.22314539968715214,
      0.27559325541434604,
      0.2742703532950971
    ],
    "f1_std": [
      0.0,
      0.0,
      0.0,
      0.0,
      0.0,
      0.0,
      0.0,
      0.0,
      0.0,
      0.0
    ],
    "acc_mean": [
      0.1856,
      0.2002,
      0.2137,
      0.2247,
      0.2497,
      0.2878,
      0.2982,
      0.2907,
      0.3369,
      0.3389
    ],
    "acc_std": [
      0.0,
      0.0,
      0.0,
      0.0,
      0.0,
      0.0,
      0.0,
      0.0,
      0.0,
      0.0
    ],
    "final_f1_mean": 0.2742703532950971,
    "final_f1_std": 0.0,
    "best_f1_mean": 0.27559325541434604,
    "best_f1_std": 0.0,
    "n_seeds": 1,
    "seeds": [
      456
    ],
    "avg_train_time_per_round": 6.291983437538147,
    "total_train_time": 62.91983437538147,
    "peak_gpu_memory_mb": 241.4228515625,
    "avg_query_time": 0.15473380088806152,
    "total_query_time": 1.5473380088806152,
    "n_human_labeled_mean": [
      100.0,
      200.0,
      300.0,
      400.0,
      500.0,
      600.0,
      700.0,
      800.0,
      900.0,
      1000.0
    ],
    "total_pseudo_labeled": 1276
  },
  "full_supervision": {
    "accuracy": 0.6192,
    "f1": 0.5814762394932611,
    "train_time": 404.3370659351349,
    "gpu_memory_mb": 145.5634765625,
    "epochs": 50
  }
}