{
  "adaptive_gap_entropy": {
    "f1_mean": [
      0.14443437559140998,
      0.14937546956721212,
      0.20812829229876476,
      0.23053590340519933,
      0.2341360797095365,
      0.3231138583776057,
      0.34614813609931333,
      0.3869193616394025,
      0.4280061673586646,
      0.480692766997549
    ],
    "f1_std": [
      0.023869897873696855,
      0.025225352913632124,
      0.03415370931239435,
      0.03685118002717737,
      0.021520275773745785,
      0.04030865549875839,
      0.04010180382192156,
      0.02440496229439531,
      0.029108690958742946,
      0.036089743362368865
    ],
    "acc_mean": [
      0.20233333333333334,
      0.22266666666666668,
      0.2708,
      0.29050000000000004,
      0.2917666666666667,
      0.3793,
      0.3953333333333333,
      0.4344666666666667,
      0.46913333333333335,
      0.5108666666666667
    ],
    "acc_std": [
      0.02067741655902777,
      0.026683494690330364,
      0.028623882802070486,
      0.044709357708053316,
      0.026778390956557152,
      0.028495730674377648,
      0.035010887195588494,
      0.015060396925564604,
      0.021261754918684903,
      0.023079187353303613
    ],
    "final_f1_mean": 0.480692766997549,
    "final_f1_std": 0.036089743362368865,
    "best_f1_mean": 0.480692766997549,
    "best_f1_std": 0.036089743362368865,
    "n_seeds": 3,
    "seeds": [
      42,
      123,
      456
    ],
    "avg_train_time_per_round": 0.5179837147394816,
    "total_train_time": 15.539511442184448,
    "peak_gpu_memory_mb": 250.70263671875,
    "avg_query_time": 0.06357549031575521,
    "total_query_time": 1.9072647094726562,
    "n_human_labeled_mean": [
      100.0,
      200.0,
      300.0,
      400.0,
      500.0,
      600.0,
      700.0,
      800.0,
      900.0,
      1000.0
    ],
    "total_pseudo_labeled": 0
  },
  "class_aware_entropy": {
    "f1_mean": [
      0.14443437559140998,
      0.14859833936575814,
      0.18987136646813532,
      0.20831732901854175,
      0.22962854704021743,
      0.3073245580381364,
      0.33663310637269994,
      0.41284902864145917,
      0.4341171805989091,
      0.4438562722157764
    ],
    "f1_std": [
      0.023869897873696855,
      0.041005150577594476,
      0.002589919422443744,
      0.015062236638452743,
      0.03290797352554202,
      0.032749825210654775,
      0.012063980210583481,
      0.012481895515110994,
      0.01568917486877294,
      0.015179921641306104
    ],
    "acc_mean": [
      0.20233333333333334,
      0.20783333333333331,
      0.25603333333333333,
      0.2778333333333333,
      0.2968,
      0.36096666666666666,
      0.3880666666666667,
      0.44756666666666667,
      0.4724,
      0.48023333333333335
    ],
    "acc_std": [
      0.02067741655902777,
      0.03660804404620504,
      0.011966991639041476,
      0.00902194854538394,
      0.024040105379691375,
      0.01872722320283735,
      0.012090032625633773,
      0.014088845075291132,
      0.013585286158193351,
      0.008168775237995545
    ],
    "final_f1_mean": 0.4438562722157764,
    "final_f1_std": 0.015179921641306104,
    "best_f1_mean": 0.45004127496057333,
    "best_f1_std": 0.007999717678438613,
    "n_seeds": 3,
    "seeds": [
      42,
      123,
      456
    ],
    "avg_train_time_per_round": 0.5269993384679158,
    "total_train_time": 15.809980154037476,
    "peak_gpu_memory_mb": 253.1396484375,
    "avg_query_time": 0.0650364637374878,
    "total_query_time": 1.9510939121246338,
    "n_human_labeled_mean": [
      100.0,
      200.0,
      300.0,
      400.0,
      500.0,
      600.0,
      700.0,
      800.0,
      900.0,
      1000.0
    ],
    "total_pseudo_labeled": 0
  },
  "gap_aware_entropy": {
    "f1_mean": [
      0.14443437559140998,
      0.15514863199781778,
      0.1952331395005595,
      0.2193000687003583,
      0.21836010339230194,
      0.2875977929162115,
      0.3463076235301255,
      0.3928032132481498,
      0.4258919048165118,
      0.4561886603855629
    ],
    "f1_std": [
      0.023869897873696855,
      0.02096787008116314,
      0.008300493588829446,
      0.02605686252643014,
      0.018869097464326783,
      0.02094535380347863,
      0.0452220803463163,
      0.015419149291642665,
      0.04762814314976119,
      0.014567444496281341
    ],
    "acc_mean": [
      0.20233333333333334,
      0.22313333333333332,
      0.252,
      0.283,
      0.2917,
      0.3457666666666666,
      0.3957,
      0.4378,
      0.46776666666666666,
      0.48993333333333333
    ],
    "acc_std": [
      0.02067741655902777,
      0.01967897919665099,
      0.018905202105946033,
      0.026667208327832138,
      0.008551413138579319,
      0.01678517864731329,
      0.03926397840260206,
      0.01759109623265893,
      0.031611214606352744,
      0.01302134998974974
    ],
    "final_f1_mean": 0.4561886603855629,
    "final_f1_std": 0.014567444496281341,
    "best_f1_mean": 0.4584302385261079,
    "best_f1_std": 0.017260496554708356,
    "n_seeds": 3,
    "seeds": [
      42,
      123,
      456
    ],
    "avg_train_time_per_round": 0.5225817759831747,
    "total_train_time": 15.67745327949524,
    "peak_gpu_memory_mb": 250.70263671875,
    "avg_query_time": 0.06231160163879394,
    "total_query_time": 1.8693480491638184,
    "n_human_labeled_mean": [
      100.0,
      200.0,
      300.0,
      400.0,
      500.0,
      600.0,
      700.0,
      800.0,
      900.0,
      1000.0
    ],
    "total_pseudo_labeled": 0
  },
  "full_supervision": {
    "accuracy": 0.6793,
    "f1": 0.6675913068216472,
    "train_time": 51.744579553604126,
    "gpu_memory_mb": 297.3466796875,
    "epochs": 50
  }
}